pedido_id,data_pedido,horario_pedido,restaurante,categoria,cidade,valor_pedido,tempo_entrega_min,avaliacao,metodo_pagamento,status
1,2026-06-13,11:01,Cantinho da Massa,Massas,Eusébio,55.71,62.0,1.0,Cartão de crédito,Entregue
2,2026-01-09,10:05,Sushi Fortaleza,Sushi,Eusébio,100.86,16.0,5.0,Cartão de débito,Entregue
3,2026-06-29,18:26,Sushi Fortaleza,Sushi,Maracanaú,114.28,66.0,1.0,Cartão de débito,Entregue
4,2026-03-29,14:09,Sushi Fortaleza,Sushi,Caucaia,36.35,39.0,1.0,Pix,Entregue
5,2026-06-04,14:51,Sabor Nordestino,Brasileira,Maracanaú,105.8,39.0,1.0,Pix,Entregue
6,2026-06-08,23:23,Sushi Fortaleza,Sushi,Fortaleza,27.33,29.0,3.0,Cartão de crédito,Entregue
7,2026-01-26,16:17,Açaí Tropical,Açaí,Caucaia,46.02,37.0,2.0,Pix,Entregue
8,2026-06-24,20:04,Burger House,Hambúrguer,Eusébio,46.14,39.0,3.0,Cartão de débito,Entregue
9,2026-01-15,13:52,Sabor Nordestino,Brasileira,Caucaia,84.19,19.0,2.0,Pix,Entregue
10,2026-05-08,16:56,Açaí Tropical,Açaí,Eusébio,62.38,30.0,5.0,Pix,Entregue
11,2026-04-20,19:25,Churrasco & Cia,Churrasco,Eusébio,179.57,23.0,5.0,Dinheiro,Entregue
12,2026-01-13,23:07,Burger House,Hambúrguer,Eusébio,146.73,42.0,5.0,Cartão de crédito,Entregue
13,2026-06-02,17:33,Cantinho da Massa,Massas,Fortaleza,128.85,22.0,5.0,Pix,Entregue
14,2026-03-29,11:18,Tempero Cearense,Saudável,Eusébio,92.6,61.0,3.0,Cartão de débito,Entregue
15,2026-01-28,23:40,Cantinho da Massa,Massas,Eusébio,44.45,63.0,2.0,Cartão de crédito,Entregue
16,2026-05-06,10:07,Churrasco & Cia,Churrasco,Caucaia,58.31,30.0,5.0,Cartão de crédito,Entregue
17,2026-05-05,23:04,Burger House,Hambúrguer,Eusébio,125.56,50.0,2.0,Pix,Entregue
18,2026-06-05,16:13,Sushi Fortaleza,Sushi,Caucaia,83.84,57.0,3.0,Dinheiro,Entregue
19,2026-04-26,11:15,Sushi Fortaleza,Sushi,Fortaleza,74.09,52.0,5.0,Cartão de débito,Entregue
20,2026-01-02,11:45,Sabor Nordestino,Brasileira,Eusébio,30.78,17.0,3.0,Cartão de crédito,Entregue
21,2026-03-13,20:31,Sushi Fortaleza,Sushi,Eusébio,135.74,51.0,5.0,Dinheiro,Entregue
22,2026-05-02,22:26,Sushi Fortaleza,Sushi,Fortaleza,35.51,42.0,3.0,Dinheiro,Entregue
23,2026-01-14,20:41,Pizza Express,Pizza,Fortaleza,84.42,36.0,1.0,Cartão de débito,Entregue
24,2026-05-18,17:08,Tempero Cearense,Saudável,Eusébio,64.57,30.0,1.0,Dinheiro,Entregue
25,2026-05-21,11:03,Sabor Nordestino,Brasileira,Fortaleza,168.22,69.0,2.0,Cartão de débito,Entregue
26,2026-05-04,13:55,Tempero Cearense,Saudável,Fortaleza,46.34,15.0,4.0,Pix,Entregue
27,2026-04-27,14:27,Açaí Tropical,Açaí,Eusébio,50.38,28.0,1.0,Cartão de crédito,Entregue
28,2026-01-15,10:37,Açaí Tropical,Açaí,Eusébio,29.1,47.0,1.0,Cartão de débito,Entregue
29,2026-01-18,20:55,Sushi Fortaleza,Sushi,Maracanaú,39.18,51.0,2.0,Cartão de crédito,Entregue
30,2026-04-18,20:37,Churrasco & Cia,Churrasco,Caucaia,52.68,60.0,3.0,Cartão de débito,Entregue
31,2026-02-03,20:41,Cantinho da Massa,Massas,Maracanaú,70.59,63.0,1.0,Cartão de crédito,Entregue
32,2026-05-25,11:04,Sushi Fortaleza,Sushi,Caucaia,41.19,37.0,1.0,Cartão de débito,Entregue
33,2026-02-10,17:53,Cantinho da Massa,Massas,Fortaleza,126.86,50.0,3.0,Cartão de crédito,Entregue
34,2026-02-04,14:07,Pizza Express,Pizza,Eusébio,63.58,53.0,2.0,Pix,Entregue
35,2026-06-12,23:16,Açaí Tropical,Açaí,Caucaia,164.85,69.0,1.0,Cartão de crédito,Entregue
36,2026-03-12,10:00,Churrasco & Cia,Churrasco,Eusébio,121.94,31.0,2.0,Dinheiro,Entregue
37,2026-04-20,18:00,Pizza Express,Pizza,Fortaleza,171.21,59.0,2.0,Cartão de crédito,Entregue
38,2026-05-30,18:09,Tempero Cearense,Saudável,Eusébio,26.69,38.0,1.0,Pix,Entregue
39,2026-03-05,20:06,Churrasco & Cia,Churrasco,Maracanaú,175.81,62.0,2.0,Cartão de débito,Entregue
40,2026-02-15,16:01,Burger House,Hambúrguer,Caucaia,145.18,41.0,2.0,Pix,Entregue
41,2026-06-29,11:24,Sabor Nordestino,Brasileira,Maracanaú,55.59,67.0,4.0,Pix,Entregue
42,2026-02-28,13:01,Sushi Fortaleza,Sushi,Maracanaú,72.52,70.0,1.0,Pix,Entregue
43,2026-05-11,16:43,Churrasco & Cia,Churrasco,Fortaleza,38.45,31.0,2.0,Pix,Entregue
44,2026-06-02,16:22,Churrasco & Cia,Churrasco,Maracanaú,116.99,47.0,1.0,Dinheiro,Entregue
45,2026-02-18,14:02,Tempero Cearense,Saudável,Fortaleza,103.19,66.0,5.0,Cartão de débito,Entregue
46,2026-01-18,20:58,Churrasco & Cia,Churrasco,Caucaia,126.14,22.0,3.0,Pix,Entregue
47,2026-03-25,16:44,Cantinho da Massa,Massas,Eusébio,50.69,57.0,4.0,Cartão de débito,Entregue
48,2026-03-19,16:35,Sabor Nordestino,Brasileira,Caucaia,65.91,42.0,5.0,Pix,Entregue
49,2026-04-24,20:13,Açaí Tropical,Açaí,Eusébio,125.42,33.0,5.0,Pix,Entregue
50,2026-03-02,20:19,Sushi Fortaleza,Sushi,Eusébio,43.58,17.0,2.0,Dinheiro,Entregue
51,2026-01-19,17:26,Sushi Fortaleza,Sushi,Maracanaú,99.1,30.0,2.0,Cartão de crédito,Entregue
52,2026-01-28,22:27,Sushi Fortaleza,Sushi,Eusébio,148.66,59.0,5.0,Dinheiro,Entregue
53,2026-03-05,23:07,Açaí Tropical,Açaí,Eusébio,148.23,57.0,5.0,Pix,Cancelado
54,2026-04-24,19:52,Tempero Cearense,Saudável,Maracanaú,163.55,62.0,4.0,Dinheiro,Entregue
55,2026-03-05,23:40,Cantinho da Massa,Massas,Maracanaú,120.28,32.0,4.0,Cartão de crédito,Entregue
56,2026-03-02,14:21,Churrasco & Cia,Churrasco,Fortaleza,42.14,29.0,4.0,Cartão de débito,Entregue
57,2026-01-17,16:26,Churrasco & Cia,Churrasco,Maracanaú,86.52,28.0,4.0,Dinheiro,Entregue
58,2026-05-30,21:01,Tempero Cearense,Saudável,Maracanaú,20.94,37.0,3.0,Dinheiro,Entregue
59,2026-04-18,18:47,Sushi Fortaleza,Sushi,Maracanaú,55.11,42.0,4.0,Cartão de crédito,Entregue
60,2026-06-21,20:51,Tempero Cearense,Saudável,Eusébio,154.48,23.0,5.0,Cartão de crédito,Entregue
61,2026-06-01,19:42,Sabor Nordestino,Brasileira,Fortaleza,122.84,23.0,4.0,Cartão de débito,Entregue
62,2026-04-08,15:13,Açaí Tropical,Açaí,Caucaia,74.0,39.0,3.0,Dinheiro,Entregue
63,2026-01-21,17:01,Sabor Nordestino,Brasileira,Caucaia,55.88,19.0,1.0,Cartão de crédito,Entregue
64,2026-02-21,23:01,Burger House,Hambúrguer,Eusébio,40.2,57.0,1.0,Cartão de débito,Entregue
65,2026-03-07,22:23,Burger House,Hambúrguer,Fortaleza,144.45,25.0,3.0,Cartão de crédito,Entregue
66,2026-03-21,19:43,Tempero Cearense,Saudável,Maracanaú,170.64,27.0,1.0,Cartão de débito,Entregue
67,2026-03-19,23:43,Pizza Express,Pizza,Fortaleza,75.55,42.0,3.0,Cartão de crédito,Entregue
68,2026-03-29,10:54,Tempero Cearense,Saudável,Maracanaú,36.89,38.0,4.0,Cartão de débito,Entregue
69,2026-05-14,20:17,Açaí Tropical,Açaí,Maracanaú,89.69,61.0,5.0,Pix,Entregue
70,2026-03-04,23:59,Pizza Express,Pizza,Caucaia,161.06,30.0,4.0,Dinheiro,Entregue
71,2026-05-07,23:20,Burger House,Hambúrguer,Maracanaú,53.94,66.0,3.0,Pix,Entregue
72,2026-06-02,21:56,Cantinho da Massa,Massas,Fortaleza,102.66,27.0,1.0,Cartão de débito,Entregue
73,2026-05-06,18:48,Sushi Fortaleza,Sushi,Maracanaú,123.34,46.0,4.0,Cartão de crédito,Entregue
74,2026-02-26,16:44,Sushi Fortaleza,Sushi,Caucaia,126.23,38.0,4.0,Pix,Entregue
75,2026-05-21,15:22,Açaí Tropical,Açaí,Caucaia,69.06,29.0,1.0,Cartão de débito,Entregue
76,2026-05-18,22:44,Burger House,Hambúrguer,Eusébio,54.62,45.0,3.0,Pix,Cancelado
77,2026-02-19,14:14,Churrasco & Cia,Churrasco,Eusébio,68.36,60.0,5.0,Cartão de débito,Entregue
78,2026-01-14,18:18,Burger House,Hambúrguer,Maracanaú,36.41,15.0,5.0,Pix,Entregue
79,2026-04-23,15:11,Sabor Nordestino,Brasileira,Caucaia,170.57,45.0,1.0,Cartão de crédito,Entregue
80,2026-01-19,19:40,Sabor Nordestino,Brasileira,Eusébio,43.87,51.0,3.0,Cartão de crédito,Cancelado
81,2026-01-31,18:48,Tempero Cearense,Saudável,Eusébio,144.11,39.0,4.0,Dinheiro,Entregue
82,2026-05-31,16:19,Sabor Nordestino,Brasileira,Fortaleza,171.61,28.0,2.0,Pix,Entregue
83,2026-02-10,13:11,Pizza Express,Pizza,Eusébio,20.43,43.0,5.0,Dinheiro,Entregue
84,2026-03-01,14:45,Cantinho da Massa,Massas,Maracanaú,31.39,29.0,3.0,Cartão de débito,Entregue
85,2026-05-20,13:41,Burger House,Hambúrguer,Caucaia,152.26,19.0,1.0,Cartão de débito,Entregue
86,2026-06-02,21:52,Cantinho da Massa,Massas,Maracanaú,39.9,59.0,3.0,Dinheiro,Entregue
87,2026-05-09,18:31,Açaí Tropical,Açaí,Fortaleza,115.69,42.0,3.0,Pix,Entregue
88,2026-02-28,20:53,Sabor Nordestino,Brasileira,Caucaia,112.2,63.0,2.0,Dinheiro,Entregue
89,2026-04-24,14:11,Tempero Cearense,Saudável,Maracanaú,175.05,45.0,3.0,Dinheiro,Entregue
90,2026-06-21,11:54,Burger House,Hambúrguer,Caucaia,85.86,46.0,3.0,Dinheiro,Entregue
91,2026-05-21,10:29,Pizza Express,Pizza,Caucaia,60.38,22.0,4.0,Cartão de crédito,Entregue
92,2026-05-19,17:26,Sabor Nordestino,Brasileira,Eusébio,102.95,54.0,4.0,Dinheiro,Entregue
93,2026-02-22,14:35,Burger House,Hambúrguer,Caucaia,90.1,59.0,4.0,Cartão de crédito,Entregue
94,2026-06-11,19:51,Sushi Fortaleza,Sushi,Eusébio,69.72,15.0,5.0,Dinheiro,Entregue
95,2026-01-30,17:07,Burger House,Hambúrguer,Maracanaú,169.22,33.0,5.0,Pix,Entregue
96,2026-05-04,17:15,Açaí Tropical,Açaí,Eusébio,81.37,53.0,5.0,Cartão de débito,Entregue
97,2026-03-12,22:50,Tempero Cearense,Saudável,Caucaia,169.48,47.0,3.0,Cartão de crédito,Entregue
98,2026-03-18,23:37,Açaí Tropical,Açaí,Eusébio,91.45,45.0,3.0,Pix,Entregue
99,2026-05-20,16:29,Churrasco & Cia,Churrasco,Eusébio,176.92,30.0,5.0,Dinheiro,Entregue
100,2026-04-16,10:20,Açaí Tropical,Açaí,Maracanaú,81.77,57.0,2.0,Dinheiro,Cancelado
101,2026-02-02,18:37,Churrasco & Cia,Churrasco,Fortaleza,159.87,43.0,,Dinheiro,Entregue
102,2026-02-06,16:55,Burger House,Hambúrguer,Fortaleza,95.12,31.0,3.0,Dinheiro,Entregue
103,2026-03-26,23:43,Tempero Cearense,Saudável,Caucaia,120.29,63.0,4.0,Cartão de crédito,Entregue
104,2026-03-02,20:43,Cantinho da Massa,Massas,Eusébio,139.48,42.0,1.0,Cartão de crédito,Entregue
105,2026-06-27,14:57,Sabor Nordestino,Brasileira,Fortaleza,71.9,18.0,3.0,Pix,Entregue
106,2026-02-07,13:33,Tempero Cearense,Saudável,Eusébio,47.2,20.0,5.0,Dinheiro,Entregue
107,2026-03-03,17:58,Burger House,Hambúrguer,Eusébio,93.78,31.0,4.0,Pix,Entregue
108,2026-04-30,14:43,Burger House,Hambúrguer,Fortaleza,90.68,37.0,5.0,Pix,Entregue
109,2026-04-19,21:16,Açaí Tropical,Açaí,Caucaia,51.87,39.0,4.0,Cartão de crédito,Entregue
110,2026-05-27,15:36,Cantinho da Massa,Massas,Caucaia,23.51,68.0,4.0,Pix,Entregue
111,2026-06-25,22:47,Sabor Nordestino,Brasileira,Maracanaú,153.25,33.0,2.0,Pix,Entregue
112,2026-02-18,19:16,Burger House,Hambúrguer,Fortaleza,164.54,56.0,1.0,Pix,Entregue
113,2026-01-09,19:23,Burger House,Hambúrguer,Fortaleza,165.54,35.0,4.0,Cartão de débito,Entregue
114,2026-05-19,15:33,Cantinho da Massa,Massas,Eusébio,61.12,67.0,4.0,Pix,Entregue
115,2026-03-28,22:07,Açaí Tropical,Açaí,Fortaleza,42.52,29.0,4.0,Pix,Entregue
116,2026-04-12,10:16,Pizza Express,Pizza,Maracanaú,78.97,62.0,3.0,Dinheiro,Entregue
117,2026-04-06,11:43,Sushi Fortaleza,Sushi,Maracanaú,24.0,50.0,3.0,Cartão de débito,Entregue
118,2026-06-12,23:29,Cantinho da Massa,Massas,Maracanaú,38.67,17.0,1.0,Pix,Cancelado
119,2026-01-30,11:15,Burger House,Hambúrguer,Maracanaú,92.58,57.0,5.0,Dinheiro,Entregue
120,2026-02-09,16:41,Pizza Express,Pizza,Maracanaú,118.5,32.0,1.0,Pix,Entregue
121,2026-04-24,13:54,Churrasco & Cia,Churrasco,Fortaleza,176.95,38.0,5.0,Pix,Entregue
122,2026-03-12,13:07,Açaí Tropical,Açaí,Fortaleza,126.04,56.0,5.0,Cartão de crédito,Entregue
123,2026-03-27,13:08,Sushi Fortaleza,Sushi,Fortaleza,152.77,50.0,2.0,Cartão de débito,Entregue
124,2026-03-01,15:49,Burger House,Hambúrguer,Fortaleza,64.36,24.0,2.0,Pix,Entregue
125,2026-01-29,20:55,Sabor Nordestino,Brasileira,Eusébio,22.38,65.0,2.0,Pix,Entregue
126,2026-03-09,10:08,Tempero Cearense,Saudável,Fortaleza,139.31,45.0,4.0,Pix,Entregue
127,2026-01-28,17:32,Sushi Fortaleza,Sushi,Fortaleza,136.36,70.0,5.0,Pix,Entregue
128,2026-01-08,10:30,Tempero Cearense,Saudável,Maracanaú,129.78,46.0,4.0,Cartão de crédito,Entregue
129,2026-03-24,19:09,Pizza Express,Pizza,Eusébio,64.0,55.0,5.0,Pix,Entregue
130,2026-06-02,18:18,Açaí Tropical,Açaí,Maracanaú,35.87,59.0,1.0,Cartão de débito,Entregue
131,2026-02-28,16:21,Açaí Tropical,Açaí,Maracanaú,86.56,21.0,3.0,Dinheiro,Entregue
132,2026-03-07,15:09,Açaí Tropical,Açaí,Fortaleza,34.6,20.0,1.0,Dinheiro,Entregue
133,2026-04-06,22:08,Sabor Nordestino,Brasileira,Caucaia,127.2,41.0,3.0,Dinheiro,Entregue
134,2026-01-14,14:38,Cantinho da Massa,Massas,Caucaia,36.58,47.0,2.0,Cartão de débito,Entregue
135,2026-02-27,23:06,Churrasco & Cia,Churrasco,Caucaia,38.38,32.0,5.0,Cartão de débito,Entregue
136,2026-05-24,22:52,Sabor Nordestino,Brasileira,Caucaia,24.63,32.0,3.0,Pix,Entregue
137,2026-02-16,23:09,Tempero Cearense,Saudável,Fortaleza,42.7,55.0,1.0,Cartão de crédito,Entregue
138,2026-02-25,16:26,Açaí Tropical,Açaí,Caucaia,45.19,34.0,3.0,Cartão de crédito,Entregue
139,2026-02-09,12:48,Sabor Nordestino,Brasileira,Fortaleza,63.54,57.0,4.0,Dinheiro,Entregue
140,2026-04-17,14:13,Pizza Express,Pizza,Caucaia,88.79,33.0,5.0,Dinheiro,Entregue
141,2026-03-20,10:14,Tempero Cearense,Saudável,Fortaleza,21.23,34.0,2.0,Cartão de débito,Entregue
142,2026-03-16,15:07,Sabor Nordestino,Brasileira,Maracanaú,139.52,26.0,2.0,Dinheiro,Entregue
143,2026-02-28,18:35,Churrasco & Cia,Churrasco,Fortaleza,83.53,62.0,1.0,Dinheiro,Entregue
144,2026-01-20,23:20,Tempero Cearense,Saudável,Maracanaú,133.52,41.0,3.0,Cartão de crédito,Entregue
145,2026-03-25,12:51,Açaí Tropical,Açaí,Caucaia,34.1,69.0,1.0,Cartão de débito,Entregue
146,2026-04-13,18:05,Tempero Cearense,Saudável,Caucaia,139.33,29.0,3.0,Cartão de débito,Entregue
147,2026-06-12,11:33,Sushi Fortaleza,Sushi,Caucaia,76.18,67.0,2.0,Cartão de débito,Entregue
148,2026-03-07,13:11,Burger House,Hambúrguer,Fortaleza,48.34,64.0,4.0,Dinheiro,Entregue
149,2026-05-29,17:43,Churrasco & Cia,Churrasco,Caucaia,44.15,19.0,4.0,Dinheiro,Entregue
150,2026-03-12,19:03,Churrasco & Cia,Churrasco,Fortaleza,69.67,43.0,1.0,Cartão de crédito,Entregue
151,2026-03-15,11:41,Pizza Express,Pizza,Maracanaú,94.03,50.0,1.0,Dinheiro,Entregue
152,2026-05-27,20:12,Churrasco & Cia,Churrasco,Maracanaú,100.22,18.0,4.0,Cartão de crédito,Entregue
153,2026-03-29,21:05,Burger House,Hambúrguer,Fortaleza,59.64,43.0,4.0,Cartão de débito,Entregue
154,2026-03-14,16:26,Churrasco & Cia,Churrasco,Fortaleza,146.28,56.0,3.0,Cartão de crédito,Entregue
155,2026-05-23,20:24,Cantinho da Massa,Massas,Caucaia,135.8,57.0,5.0,Cartão de débito,Entregue
156,2026-05-30,20:09,Churrasco & Cia,Churrasco,Caucaia,174.83,59.0,4.0,Cartão de débito,Entregue
157,2026-01-22,14:35,Tempero Cearense,Saudável,Caucaia,150.11,57.0,5.0,Cartão de crédito,Entregue
158,2026-04-19,18:23,Sabor Nordestino,Brasileira,Caucaia,69.42,28.0,3.0,Dinheiro,Entregue
159,2026-02-05,12:04,Cantinho da Massa,Massas,Fortaleza,101.23,49.0,5.0,Cartão de crédito,Entregue
160,2026-06-08,12:38,Tempero Cearense,Saudável,Eusébio,45.96,68.0,5.0,Cartão de débito,Entregue
161,2026-01-12,16:23,Sushi Fortaleza,Sushi,Maracanaú,117.7,63.0,4.0,Cartão de débito,Entregue
162,2026-03-21,22:50,Açaí Tropical,Açaí,Eusébio,78.85,51.0,4.0,Dinheiro,Entregue
163,2026-04-08,18:33,Tempero Cearense,Saudável,Eusébio,150.7,66.0,5.0,Cartão de débito,Entregue
164,2026-01-14,20:30,Churrasco & Cia,Churrasco,Fortaleza,133.82,48.0,1.0,Pix,Entregue
165,2026-02-11,14:28,Burger House,Hambúrguer,Maracanaú,34.67,29.0,4.0,Pix,Entregue
166,2026-04-17,10:25,Churrasco & Cia,Churrasco,Eusébio,81.79,20.0,3.0,Cartão de débito,Entregue
167,2026-01-26,23:45,Churrasco & Cia,Churrasco,Eusébio,42.02,33.0,4.0,Cartão de débito,Entregue
168,2026-05-01,17:39,Sabor Nordestino,Brasileira,Fortaleza,23.04,28.0,2.0,Dinheiro,Entregue
169,2026-03-15,13:19,Pizza Express,Pizza,Fortaleza,58.15,55.0,5.0,Dinheiro,Entregue
170,2026-05-08,19:34,Sabor Nordestino,Brasileira,Eusébio,134.97,33.0,4.0,Cartão de crédito,Entregue
171,2026-03-03,19:26,Burger House,Hambúrguer,Fortaleza,103.76,38.0,1.0,Cartão de crédito,Entregue
172,2026-05-01,10:40,Tempero Cearense,Saudável,Caucaia,60.58,16.0,3.0,Cartão de crédito,Entregue
173,2026-06-18,20:06,Churrasco & Cia,Churrasco,Eusébio,27.09,49.0,3.0,Cartão de débito,Entregue
174,2026-06-25,17:44,Açaí Tropical,Açaí,Eusébio,149.84,19.0,4.0,Cartão de crédito,Entregue
175,2026-01-12,22:12,Sabor Nordestino,Brasileira,Caucaia,169.34,47.0,4.0,Dinheiro,Entregue
176,2026-06-15,13:18,Churrasco & Cia,Churrasco,Fortaleza,158.53,36.0,3.0,Cartão de crédito,Entregue
177,2026-04-22,16:47,Açaí Tropical,Açaí,Maracanaú,74.25,26.0,4.0,Dinheiro,Entregue
178,2026-05-13,14:51,Pizza Express,Pizza,Maracanaú,32.63,53.0,2.0,Pix,Entregue
179,2026-01-21,15:42,Cantinho da Massa,Massas,Caucaia,91.35,60.0,4.0,Cartão de débito,Entregue
180,2026-03-31,17:02,Churrasco & Cia,Churrasco,Maracanaú,63.93,65.0,1.0,Cartão de crédito,Entregue
181,2026-04-14,15:32,Burger House,Hambúrguer,Fortaleza,42.84,53.0,4.0,Cartão de crédito,Entregue
182,2026-03-02,22:41,Churrasco & Cia,Churrasco,Caucaia,81.26,51.0,1.0,Cartão de débito,Entregue
183,2026-04-05,15:28,Pizza Express,Pizza,Eusébio,104.71,40.0,3.0,Pix,Entregue
184,2026-01-30,10:47,Burger House,Hambúrguer,Maracanaú,102.84,50.0,1.0,Pix,Entregue
185,2026-06-30,17:13,Cantinho da Massa,Massas,Maracanaú,52.03,23.0,1.0,Dinheiro,Entregue
186,2026-04-24,11:51,Churrasco & Cia,Churrasco,Caucaia,133.53,50.0,5.0,Pix,Entregue
187,2026-02-10,21:45,Burger House,Hambúrguer,Caucaia,101.4,22.0,2.0,Cartão de débito,Entregue
188,2026-05-07,10:23,Churrasco & Cia,Churrasco,Maracanaú,148.59,50.0,2.0,Cartão de crédito,Entregue
189,2026-04-12,21:46,Açaí Tropical,Açaí,Maracanaú,143.07,67.0,5.0,Cartão de crédito,Entregue
190,2026-03-23,20:04,Açaí Tropical,Açaí,Maracanaú,128.82,37.0,2.0,Cartão de débito,Entregue
191,2026-02-03,16:32,Sabor Nordestino,Brasileira,Fortaleza,102.9,34.0,2.0,Cartão de débito,Entregue
192,2026-02-27,15:33,Cantinho da Massa,Massas,Fortaleza,60.1,55.0,5.0,Pix,Entregue
193,2026-03-19,19:34,Pizza Express,Pizza,Eusébio,114.69,52.0,2.0,Cartão de débito,Entregue
194,2026-06-04,15:53,Sabor Nordestino,Brasileira,Fortaleza,33.0,56.0,5.0,Pix,Entregue
195,2026-05-27,16:39,Sabor Nordestino,Brasileira,Maracanaú,162.24,49.0,3.0,Pix,Entregue
196,2026-06-25,16:19,Açaí Tropical,Açaí,Fortaleza,130.18,25.0,4.0,Dinheiro,Entregue
197,2026-02-22,15:38,Burger House,Hambúrguer,Caucaia,157.84,35.0,3.0,Dinheiro,Entregue
198,2026-04-05,18:35,Pizza Express,Pizza,Caucaia,58.68,22.0,3.0,Dinheiro,Entregue
199,2026-01-25,10:18,Tempero Cearense,Saudável,Maracanaú,59.72,70.0,2.0,Pix,Entregue
200,2026-03-22,13:48,Burger House,Hambúrguer,Maracanaú,179.36,44.0,4.0,Pix,Entregue
201,2026-01-24,16:32,Açaí Tropical,Açaí,Eusébio,54.42,37.0,1.0,Cartão de crédito,Entregue
202,2026-06-02,23:41,Açaí Tropical,Açaí,Caucaia,105.87,69.0,1.0,Dinheiro,Entregue
203,2026-03-09,21:23,Tempero Cearense,Saudável,Caucaia,27.24,18.0,5.0,Cartão de débito,Entregue
204,2026-03-15,11:24,Açaí Tropical,Açaí,Caucaia,152.05,54.0,5.0,Cartão de crédito,Entregue
205,2026-01-25,16:23,Churrasco & Cia,Churrasco,Caucaia,140.79,27.0,5.0,Dinheiro,Entregue
206,2026-01-12,10:08,Churrasco & Cia,Churrasco,Maracanaú,103.09,24.0,5.0,Cartão de débito,Entregue
207,2026-06-06,15:10,Tempero Cearense,Saudável,Caucaia,115.0,47.0,5.0,Dinheiro,Entregue
208,2026-03-18,17:52,Sabor Nordestino,Brasileira,Caucaia,73.0,22.0,4.0,Pix,Entregue
209,2026-06-26,20:01,Açaí Tropical,Açaí,Caucaia,174.73,65.0,5.0,Cartão de débito,Entregue
210,2026-05-30,17:10,Tempero Cearense,Saudável,Eusébio,151.47,30.0,1.0,Cartão de crédito,Entregue
211,2026-04-23,15:26,Burger House,Hambúrguer,Maracanaú,130.48,41.0,5.0,Dinheiro,Entregue
212,2026-01-16,21:08,Sushi Fortaleza,Sushi,Caucaia,179.7,45.0,5.0,Dinheiro,Entregue
213,2026-02-14,17:58,Churrasco & Cia,Churrasco,Caucaia,128.14,70.0,3.0,Dinheiro,Entregue
214,2026-03-05,14:35,Cantinho da Massa,Massas,Eusébio,170.64,34.0,3.0,Cartão de débito,Entregue
215,2026-05-06,15:30,Churrasco & Cia,Churrasco,Caucaia,66.05,51.0,5.0,Dinheiro,Entregue
216,2026-04-12,23:22,Burger House,Hambúrguer,Caucaia,26.73,60.0,1.0,Pix,Entregue
217,2026-06-17,14:47,Açaí Tropical,Açaí,Eusébio,52.33,49.0,3.0,Pix,Entregue
218,2026-06-07,21:37,Sushi Fortaleza,Sushi,Eusébio,28.12,48.0,2.0,Cartão de débito,Entregue
219,2026-04-16,15:45,Açaí Tropical,Açaí,Fortaleza,128.99,23.0,1.0,Cartão de débito,Entregue
220,2026-05-02,17:41,Sushi Fortaleza,Sushi,Caucaia,71.39,56.0,1.0,Cartão de crédito,Entregue
221,2026-03-01,18:47,Sabor Nordestino,Brasileira,Eusébio,86.86,68.0,2.0,Cartão de crédito,Cancelado
222,2026-04-12,22:31,Burger House,Hambúrguer,Caucaia,160.28,15.0,3.0,Cartão de crédito,Entregue
223,2026-03-27,14:29,Açaí Tropical,Açaí,Eusébio,156.17,44.0,3.0,Cartão de débito,Entregue
224,2026-03-26,12:46,Açaí Tropical,Açaí,Caucaia,134.98,15.0,3.0,Pix,Entregue
225,2026-02-19,12:39,Tempero Cearense,Saudável,Maracanaú,102.44,20.0,4.0,Cartão de crédito,Entregue
226,2026-02-05,17:20,Sushi Fortaleza,Sushi,Fortaleza,61.73,30.0,4.0,Pix,Cancelado
227,2026-03-19,19:46,Sabor Nordestino,Brasileira,Caucaia,124.59,59.0,2.0,Cartão de crédito,Entregue
228,2026-04-30,14:10,Tempero Cearense,Saudável,Caucaia,130.45,55.0,3.0,Pix,Entregue
229,2026-02-26,12:30,Burger House,Hambúrguer,Maracanaú,139.64,53.0,3.0,Dinheiro,Entregue
230,2026-05-01,22:34,Sushi Fortaleza,Sushi,Eusébio,128.85,53.0,1.0,Dinheiro,Entregue
231,2026-04-03,11:58,Pizza Express,Pizza,Fortaleza,152.6,47.0,2.0,Cartão de débito,Entregue
232,2026-05-14,17:07,Sushi Fortaleza,Sushi,Maracanaú,34.55,47.0,4.0,Cartão de crédito,Entregue
233,2026-05-12,16:29,Sabor Nordestino,Brasileira,Maracanaú,127.64,34.0,1.0,Dinheiro,Entregue
234,2026-01-01,21:13,Pizza Express,Pizza,Fortaleza,87.79,59.0,1.0,Cartão de crédito,Entregue
235,2026-01-18,17:02,Cantinho da Massa,Massas,Maracanaú,48.8,23.0,4.0,Pix,Cancelado
236,2026-04-08,17:55,Tempero Cearense,Saudável,Maracanaú,32.84,57.0,5.0,Cartão de débito,Entregue
237,2026-03-31,11:11,Tempero Cearense,Saudável,Eusébio,136.46,29.0,1.0,Cartão de crédito,Cancelado
238,2026-04-29,20:46,Tempero Cearense,Saudável,Maracanaú,151.74,30.0,4.0,Pix,Entregue
239,2026-02-18,21:48,Pizza Express,Pizza,Fortaleza,149.52,41.0,5.0,Cartão de crédito,Entregue
240,2026-01-18,11:38,Sabor Nordestino,Brasileira,Maracanaú,115.65,60.0,1.0,Cartão de débito,Entregue
241,2026-04-13,17:14,Sushi Fortaleza,Sushi,Fortaleza,42.42,33.0,2.0,Pix,Entregue
242,2026-06-22,23:20,Sushi Fortaleza,Sushi,Caucaia,160.2,57.0,5.0,Cartão de débito,Entregue
243,2026-03-12,10:35,Burger House,Hambúrguer,Maracanaú,108.94,18.0,3.0,Dinheiro,Entregue
244,2026-03-23,21:26,Tempero Cearense,Saudável,Eusébio,67.98,26.0,5.0,Dinheiro,Entregue
245,2026-02-27,14:54,Burger House,Hambúrguer,Maracanaú,166.36,50.0,4.0,Dinheiro,Entregue
246,2026-02-04,16:15,Cantinho da Massa,Massas,Eusébio,72.84,20.0,4.0,Pix,Entregue
247,2026-02-18,10:17,Tempero Cearense,Saudável,Fortaleza,159.78,27.0,5.0,Cartão de débito,Entregue
248,2026-03-27,14:58,Sabor Nordestino,Brasileira,Eusébio,169.95,62.0,1.0,Dinheiro,Entregue
249,2026-06-28,19:45,Sushi Fortaleza,Sushi,Maracanaú,166.42,50.0,3.0,Pix,Entregue
250,2026-05-17,20:22,Cantinho da Massa,Massas,Caucaia,77.54,46.0,4.0,Cartão de crédito,Entregue
251,2026-05-01,22:53,Churrasco & Cia,Churrasco,Eusébio,79.31,,1.0,Cartão de débito,Entregue
252,2026-01-05,14:35,Tempero Cearense,Saudável,Caucaia,44.39,36.0,2.0,Dinheiro,Entregue
253,2026-03-04,17:35,Churrasco & Cia,Churrasco,Caucaia,142.14,46.0,4.0,Dinheiro,Entregue
254,2026-04-01,12:08,Açaí Tropical,Açaí,Eusébio,166.7,49.0,1.0,Cartão de crédito,Entregue
255,2026-01-20,23:42,Sabor Nordestino,Brasileira,Fortaleza,85.98,68.0,2.0,Cartão de crédito,Entregue
256,2026-01-03,13:32,Açaí Tropical,Açaí,Caucaia,29.67,55.0,5.0,Dinheiro,Entregue
257,2026-01-05,10:34,Tempero Cearense,Saudável,Fortaleza,22.68,61.0,3.0,Pix,Entregue
258,2026-06-28,20:27,Burger House,Hambúrguer,Fortaleza,166.89,48.0,2.0,Cartão de débito,Entregue
259,2026-05-15,14:52,Churrasco & Cia,Churrasco,Caucaia,147.19,20.0,3.0,Dinheiro,Entregue
260,2026-03-04,21:14,Cantinho da Massa,Massas,Fortaleza,124.6,69.0,1.0,Cartão de crédito,Entregue
261,2026-04-07,18:30,Sabor Nordestino,Brasileira,Fortaleza,132.46,20.0,4.0,Dinheiro,Entregue
262,2026-03-26,19:54,Pizza Express,Pizza,Fortaleza,56.76,70.0,5.0,Dinheiro,Entregue
263,2026-01-20,20:59,Cantinho da Massa,Massas,Fortaleza,48.7,69.0,3.0,Cartão de crédito,Cancelado
264,2026-05-31,12:48,Tempero Cearense,Saudável,Fortaleza,67.88,51.0,2.0,Dinheiro,Entregue
265,2026-05-19,15:24,Burger House,Hambúrguer,Fortaleza,100.13,37.0,1.0,Cartão de crédito,Entregue
266,2026-01-20,15:38,Tempero Cearense,Saudável,Caucaia,24.74,32.0,4.0,Dinheiro,Entregue
267,2026-05-22,16:27,Burger House,Hambúrguer,Maracanaú,33.71,54.0,3.0,Cartão de débito,Entregue
268,2026-01-22,14:09,Tempero Cearense,Saudável,Eusébio,138.34,35.0,3.0,Cartão de crédito,Entregue
269,2026-03-20,17:23,Cantinho da Massa,Massas,Fortaleza,41.2,26.0,4.0,Dinheiro,Entregue
270,2026-05-12,16:06,Sabor Nordestino,Brasileira,Fortaleza,76.63,20.0,5.0,Pix,Entregue
271,2026-01-04,14:26,Tempero Cearense,Saudável,Fortaleza,135.98,50.0,2.0,Cartão de débito,Entregue
272,2026-02-13,12:17,Cantinho da Massa,Massas,Caucaia,98.9,19.0,2.0,Dinheiro,Entregue
273,2026-03-18,17:50,Pizza Express,Pizza,Caucaia,60.27,30.0,4.0,Cartão de débito,Entregue
274,2026-02-04,14:00,Tempero Cearense,Saudável,Caucaia,154.66,39.0,3.0,Dinheiro,Entregue
275,2026-06-16,19:08,Cantinho da Massa,Massas,Caucaia,116.51,59.0,2.0,Dinheiro,Entregue
276,2026-04-12,15:18,Açaí Tropical,Açaí,Eusébio,72.14,32.0,4.0,Pix,Entregue
277,2026-05-25,13:37,Burger House,Hambúrguer,Fortaleza,172.48,44.0,2.0,Dinheiro,Entregue
278,2026-06-27,11:52,Tempero Cearense,Saudável,Maracanaú,42.27,34.0,2.0,Pix,Entregue
279,2026-04-19,22:24,Pizza Express,Pizza,Maracanaú,178.51,45.0,5.0,Dinheiro,Entregue
280,2026-06-27,16:34,Sabor Nordestino,Brasileira,Caucaia,132.26,66.0,5.0,Cartão de crédito,Entregue
281,2026-03-05,20:42,Churrasco & Cia,Churrasco,Eusébio,123.52,17.0,5.0,Dinheiro,Cancelado
282,2026-03-26,22:27,Pizza Express,Pizza,Fortaleza,35.78,29.0,5.0,Cartão de débito,Entregue
283,2026-04-11,17:49,Burger House,Hambúrguer,Caucaia,179.63,45.0,1.0,Pix,Entregue
284,2026-01-22,11:53,Burger House,Hambúrguer,Caucaia,69.9,44.0,2.0,Dinheiro,Entregue
285,2026-01-25,17:46,Açaí Tropical,Açaí,Caucaia,30.75,17.0,1.0,Cartão de crédito,Entregue
286,2026-06-15,11:43,Burger House,Hambúrguer,Eusébio,102.56,50.0,2.0,Pix,Entregue
287,2026-04-29,13:51,Tempero Cearense,Saudável,Eusébio,49.82,57.0,4.0,Dinheiro,Entregue
288,2026-06-07,13:28,Tempero Cearense,Saudável,Maracanaú,20.71,28.0,2.0,Pix,Entregue
289,2026-01-17,19:06,Burger House,Hambúrguer,Caucaia,72.16,44.0,1.0,Pix,Entregue
290,2026-05-06,18:40,Churrasco & Cia,Churrasco,Maracanaú,117.81,52.0,1.0,Pix,Entregue
291,2026-04-28,19:11,Cantinho da Massa,Massas,Fortaleza,127.54,35.0,1.0,Cartão de débito,Entregue
292,2026-02-16,15:44,Burger House,Hambúrguer,Maracanaú,86.92,23.0,5.0,Dinheiro,Entregue
293,2026-05-05,20:34,Burger House,Hambúrguer,Eusébio,98.34,23.0,2.0,Pix,Entregue
294,2026-06-08,10:55,Churrasco & Cia,Churrasco,Fortaleza,97.54,27.0,4.0,Dinheiro,Entregue
295,2026-05-06,16:45,Açaí Tropical,Açaí,Maracanaú,46.76,51.0,1.0,Cartão de débito,Entregue
296,2026-03-12,13:34,Cantinho da Massa,Massas,Eusébio,144.92,51.0,4.0,Cartão de crédito,Entregue
297,2026-03-10,22:34,Churrasco & Cia,Churrasco,Fortaleza,141.6,43.0,5.0,Cartão de débito,Cancelado
298,2026-01-27,21:53,Sushi Fortaleza,Sushi,Caucaia,159.97,17.0,4.0,Pix,Entregue
299,2026-01-23,17:55,Pizza Express,Pizza,Eusébio,53.58,62.0,5.0,Pix,Entregue
300,2026-06-06,20:27,Burger House,Hambúrguer,Eusébio,145.58,67.0,2.0,Cartão de crédito,Entregue
301,2026-05-17,14:38,Burger House,Hambúrguer,Caucaia,176.64,33.0,3.0,Pix,Cancelado
302,2026-05-12,20:52,Pizza Express,Pizza,Eusébio,174.04,65.0,4.0,Cartão de crédito,Cancelado
303,2026-06-17,12:44,Burger House,Hambúrguer,Eusébio,43.4,35.0,2.0,Dinheiro,Entregue
304,2026-05-28,20:17,Tempero Cearense,Saudável,Maracanaú,92.32,55.0,1.0,Dinheiro,Entregue
305,2026-03-13,21:59,Churrasco & Cia,Churrasco,Maracanaú,172.04,35.0,5.0,Cartão de crédito,Entregue
306,2026-01-24,21:29,Churrasco & Cia,Churrasco,Fortaleza,147.31,40.0,2.0,Dinheiro,Entregue
307,2026-05-07,14:20,Cantinho da Massa,Massas,Caucaia,107.57,23.0,5.0,Dinheiro,Entregue
308,2026-06-24,22:03,Sabor Nordestino,Brasileira,Fortaleza,120.19,68.0,4.0,Cartão de crédito,Entregue
309,2026-02-10,17:29,Sabor Nordestino,Brasileira,Maracanaú,52.37,59.0,2.0,Pix,Entregue
310,2026-03-12,11:41,Churrasco & Cia,Churrasco,Caucaia,33.19,57.0,2.0,Cartão de crédito,Entregue
311,2026-03-20,21:44,Sushi Fortaleza,Sushi,Maracanaú,124.88,60.0,1.0,Cartão de crédito,Entregue
312,2026-01-20,12:37,Sushi Fortaleza,Sushi,Maracanaú,21.49,59.0,3.0,Cartão de crédito,Cancelado
313,2026-04-19,21:08,Açaí Tropical,Açaí,Fortaleza,56.63,20.0,1.0,Cartão de crédito,Entregue
314,2026-03-18,12:24,Burger House,Hambúrguer,Eusébio,30.95,51.0,1.0,Cartão de débito,Entregue
315,2026-02-24,20:47,Burger House,Hambúrguer,Maracanaú,118.57,43.0,2.0,Cartão de crédito,Entregue
316,2026-02-05,22:07,Tempero Cearense,Saudável,Caucaia,174.12,35.0,2.0,Cartão de débito,Entregue
317,2026-01-22,13:35,Cantinho da Massa,Massas,Fortaleza,155.66,57.0,3.0,Cartão de débito,Entregue
318,2026-05-11,13:47,Tempero Cearense,Saudável,Caucaia,123.39,65.0,2.0,Dinheiro,Entregue
319,2026-03-03,17:40,Pizza Express,Pizza,Fortaleza,177.9,35.0,2.0,Dinheiro,Entregue
320,2026-05-26,16:23,Burger House,Hambúrguer,Maracanaú,172.71,64.0,1.0,Cartão de crédito,Entregue
321,2026-01-04,14:13,Sabor Nordestino,Brasileira,Fortaleza,171.79,40.0,5.0,Pix,Entregue
322,2026-05-09,22:26,Tempero Cearense,Saudável,Maracanaú,33.19,49.0,5.0,Cartão de débito,Entregue
323,2026-03-21,11:32,Sushi Fortaleza,Sushi,Eusébio,105.82,40.0,5.0,Cartão de crédito,Entregue
324,2026-04-22,21:54,Sushi Fortaleza,Sushi,Fortaleza,59.12,42.0,1.0,Dinheiro,Entregue
325,2026-01-15,14:42,Burger House,Hambúrguer,Fortaleza,22.03,23.0,1.0,Cartão de débito,Entregue
326,2026-03-30,18:33,Cantinho da Massa,Massas,Eusébio,79.5,62.0,3.0,Cartão de crédito,Entregue
327,2026-01-08,15:51,Tempero Cearense,Saudável,Caucaia,103.82,31.0,5.0,Cartão de crédito,Entregue
328,2026-05-11,15:03,Açaí Tropical,Açaí,Eusébio,78.83,31.0,1.0,Cartão de crédito,Entregue
329,2026-05-11,10:02,Sabor Nordestino,Brasileira,Eusébio,27.36,38.0,4.0,Cartão de débito,Entregue
330,2026-01-10,18:51,Tempero Cearense,Saudável,Eusébio,71.49,41.0,3.0,Pix,Entregue
331,2026-05-27,15:07,Sabor Nordestino,Brasileira,Eusébio,55.71,48.0,1.0,Dinheiro,Entregue
332,2026-04-30,23:18,Cantinho da Massa,Massas,Caucaia,33.82,44.0,1.0,Pix,Entregue
333,2026-05-25,22:19,Sushi Fortaleza,Sushi,Maracanaú,78.92,46.0,2.0,Cartão de débito,Entregue
334,2026-04-15,10:14,Churrasco & Cia,Churrasco,Fortaleza,172.16,15.0,4.0,Pix,Entregue
335,2026-05-16,13:26,Açaí Tropical,Açaí,Fortaleza,175.61,24.0,3.0,Cartão de crédito,Entregue
336,2026-03-01,23:33,Tempero Cearense,Saudável,Caucaia,93.35,62.0,1.0,Cartão de crédito,Entregue
337,2026-06-13,23:25,Pizza Express,Pizza,Fortaleza,89.6,23.0,2.0,Pix,Entregue
338,2026-03-22,22:25,Churrasco & Cia,Churrasco,Caucaia,92.44,29.0,1.0,Cartão de débito,Entregue
339,2026-05-30,11:09,Pizza Express,Pizza,Eusébio,91.93,35.0,4.0,Cartão de crédito,Entregue
340,2026-02-23,17:19,Açaí Tropical,Açaí,Caucaia,156.4,20.0,2.0,Pix,Entregue
341,2026-06-28,19:02,Sushi Fortaleza,Sushi,Caucaia,43.73,60.0,2.0,Pix,Entregue
342,2026-01-13,20:19,Cantinho da Massa,Massas,Eusébio,24.97,40.0,4.0,Cartão de débito,Entregue
343,2026-01-27,22:50,Burger House,Hambúrguer,Fortaleza,21.91,68.0,2.0,Cartão de débito,Entregue
344,2026-04-13,15:43,Pizza Express,Pizza,Caucaia,166.79,19.0,1.0,Cartão de crédito,Entregue
345,2026-06-15,17:51,Burger House,Hambúrguer,Fortaleza,164.81,68.0,3.0,Cartão de crédito,Entregue
346,2026-04-29,10:10,Tempero Cearense,Saudável,Maracanaú,99.38,39.0,4.0,Cartão de débito,Entregue
347,2026-02-17,14:17,Açaí Tropical,Açaí,Eusébio,25.54,54.0,5.0,Cartão de débito,Entregue
348,2026-05-08,16:56,Açaí Tropical,Açaí,Fortaleza,34.04,39.0,2.0,Dinheiro,Entregue
349,2026-05-15,13:40,Sabor Nordestino,Brasileira,Maracanaú,145.11,37.0,4.0,Dinheiro,Entregue
350,2026-05-25,18:20,Tempero Cearense,Saudável,Caucaia,48.77,35.0,5.0,Cartão de débito,Entregue
351,2026-03-13,10:51,Açaí Tropical,Açaí,Caucaia,142.69,29.0,2.0,Cartão de crédito,Entregue
352,2026-03-03,14:34,Sabor Nordestino,Brasileira,Eusébio,112.11,66.0,4.0,Pix,Entregue
353,2026-02-14,12:15,Churrasco & Cia,Churrasco,Caucaia,166.24,16.0,3.0,Cartão de débito,Entregue
354,2026-02-18,23:51,Açaí Tropical,Açaí,Caucaia,48.09,17.0,1.0,Cartão de crédito,Entregue
355,2026-02-26,10:33,Açaí Tropical,Açaí,Fortaleza,73.08,54.0,2.0,Cartão de débito,Entregue
356,2026-02-15,22:54,Churrasco & Cia,Churrasco,Fortaleza,23.51,52.0,2.0,Cartão de crédito,Entregue
357,2026-04-04,11:23,Tempero Cearense,Saudável,Fortaleza,73.85,35.0,2.0,Cartão de débito,Entregue
358,2026-04-22,22:40,Açaí Tropical,Açaí,Caucaia,47.87,50.0,5.0,Pix,Entregue
359,2026-05-31,23:11,Tempero Cearense,Saudável,Caucaia,137.44,33.0,2.0,Cartão de débito,Entregue
360,2026-06-29,19:25,Sabor Nordestino,Brasileira,Eusébio,116.38,66.0,5.0,Cartão de débito,Entregue
361,2026-01-27,17:09,Churrasco & Cia,Churrasco,Fortaleza,58.08,35.0,2.0,Cartão de crédito,Entregue
362,2026-06-21,20:46,Churrasco & Cia,Churrasco,Maracanaú,21.82,28.0,2.0,Cartão de crédito,Entregue
363,2026-01-28,21:00,Sabor Nordestino,Brasileira,Maracanaú,90.12,41.0,2.0,Dinheiro,Entregue
364,2026-04-07,15:34,Tempero Cearense,Saudável,Fortaleza,152.61,65.0,5.0,Cartão de débito,Entregue
365,2026-01-19,22:54,Sabor Nordestino,Brasileira,Caucaia,23.21,31.0,1.0,Cartão de crédito,Entregue
366,2026-04-07,12:46,Pizza Express,Pizza,Fortaleza,74.07,54.0,4.0,Cartão de crédito,Entregue
367,2026-06-17,12:38,Tempero Cearense,Saudável,Eusébio,28.57,36.0,2.0,Cartão de débito,Entregue
368,2026-05-22,21:59,Cantinho da Massa,Massas,Caucaia,67.58,21.0,1.0,Dinheiro,Entregue
369,2026-05-06,12:03,Churrasco & Cia,Churrasco,Fortaleza,88.42,33.0,5.0,Dinheiro,Entregue
370,2026-01-07,13:10,Cantinho da Massa,Massas,Fortaleza,95.77,22.0,3.0,Dinheiro,Entregue
371,2026-06-19,14:05,Tempero Cearense,Saudável,Eusébio,79.36,39.0,3.0,Cartão de débito,Entregue
372,2026-03-09,17:29,Cantinho da Massa,Massas,Eusébio,153.93,51.0,1.0,Cartão de débito,Entregue
373,2026-06-20,11:05,Churrasco & Cia,Churrasco,Maracanaú,175.31,52.0,2.0,Cartão de crédito,Entregue
374,2026-05-14,16:34,Açaí Tropical,Açaí,Eusébio,96.2,20.0,4.0,Cartão de crédito,Entregue
375,2026-05-13,22:36,Burger House,Hambúrguer,Fortaleza,171.88,43.0,2.0,Cartão de débito,Cancelado
376,2026-02-19,12:02,Tempero Cearense,Saudável,Fortaleza,178.12,42.0,2.0,Cartão de débito,Entregue
377,2026-03-08,15:58,Pizza Express,Pizza,Fortaleza,82.1,40.0,5.0,Pix,Entregue
378,2026-05-14,17:58,Sabor Nordestino,Brasileira,Maracanaú,38.0,24.0,2.0,Cartão de crédito,Entregue
379,2026-05-25,22:06,Cantinho da Massa,Massas,Caucaia,160.46,31.0,4.0,Dinheiro,Entregue
380,2026-05-02,10:11,Cantinho da Massa,Massas,Maracanaú,43.02,53.0,4.0,Cartão de crédito,Entregue
381,2026-03-26,21:15,Sabor Nordestino,Brasileira,Maracanaú,167.33,38.0,1.0,Pix,Entregue
382,2026-03-19,14:17,Açaí Tropical,Açaí,Fortaleza,175.6,29.0,2.0,Pix,Cancelado
383,2026-04-24,22:52,Churrasco & Cia,Churrasco,Caucaia,136.61,53.0,1.0,Cartão de débito,Entregue
384,2026-04-15,21:31,Churrasco & Cia,Churrasco,Fortaleza,102.44,25.0,1.0,Pix,Entregue
385,2026-04-14,12:49,Sabor Nordestino,Brasileira,Eusébio,50.84,68.0,2.0,Cartão de crédito,Entregue
386,2026-04-27,10:58,Churrasco & Cia,Churrasco,Eusébio,63.84,67.0,4.0,Dinheiro,Entregue
387,2026-02-01,20:01,Sushi Fortaleza,Sushi,Caucaia,98.21,43.0,2.0,Dinheiro,Entregue
388,2026-03-31,15:10,Cantinho da Massa,Massas,Fortaleza,65.61,39.0,1.0,Cartão de débito,Entregue
389,2026-02-24,23:14,Sushi Fortaleza,Sushi,Eusébio,63.05,41.0,5.0,Cartão de crédito,Entregue
390,2026-06-24,10:30,Burger House,Hambúrguer,Eusébio,116.18,15.0,2.0,Pix,Entregue
391,2026-03-20,21:45,Cantinho da Massa,Massas,Maracanaú,163.28,69.0,3.0,Dinheiro,Entregue
392,2026-04-30,14:43,Tempero Cearense,Saudável,Fortaleza,21.18,57.0,3.0,Pix,Entregue
393,2026-01-28,17:04,Churrasco & Cia,Churrasco,Caucaia,122.5,70.0,3.0,Pix,Entregue
394,2026-06-16,14:12,Burger House,Hambúrguer,Eusébio,163.95,66.0,5.0,Dinheiro,Entregue
395,2026-06-24,12:46,Sabor Nordestino,Brasileira,Maracanaú,179.6,31.0,4.0,Dinheiro,Entregue
396,2026-01-10,19:45,Sushi Fortaleza,Sushi,Caucaia,136.25,29.0,5.0,Dinheiro,Entregue
397,2026-06-21,15:32,Cantinho da Massa,Massas,Eusébio,154.5,50.0,2.0,Pix,Entregue
398,2026-02-02,21:16,Burger House,Hambúrguer,Caucaia,124.71,29.0,3.0,Cartão de débito,Entregue
399,2026-03-20,16:50,Churrasco & Cia,Churrasco,Caucaia,61.69,33.0,4.0,Cartão de crédito,Entregue
400,2026-06-12,19:37,Pizza Express,Pizza,Maracanaú,162.31,47.0,1.0,Dinheiro,Entregue
401,2026-04-16,10:55,Burger House,Hambúrguer,,178.78,36.0,4.0,Dinheiro,Entregue
402,2026-02-16,22:05,Açaí Tropical,Açaí,Caucaia,120.97,26.0,3.0,Cartão de crédito,Entregue
403,2026-03-12,13:48,Burger House,Hambúrguer,Eusébio,98.33,63.0,1.0,Cartão de débito,Entregue
404,2026-06-12,16:25,Tempero Cearense,Saudável,Maracanaú,81.33,17.0,5.0,Cartão de débito,Entregue
405,2026-01-04,15:48,Sushi Fortaleza,Sushi,Fortaleza,128.28,55.0,2.0,Cartão de débito,Entregue
406,2026-03-30,14:08,Pizza Express,Pizza,Maracanaú,100.53,34.0,2.0,Cartão de crédito,Entregue
407,2026-03-18,14:29,Churrasco & Cia,Churrasco,Maracanaú,162.08,23.0,3.0,Dinheiro,Entregue
408,2026-02-18,12:58,Tempero Cearense,Saudável,Fortaleza,56.55,61.0,2.0,Cartão de débito,Entregue
409,2026-05-31,18:10,Pizza Express,Pizza,Caucaia,133.78,65.0,1.0,Dinheiro,Entregue
410,2026-03-07,22:34,Sabor Nordestino,Brasileira,Fortaleza,125.92,56.0,1.0,Cartão de crédito,Entregue
411,2026-04-17,17:24,Pizza Express,Pizza,Caucaia,95.9,24.0,2.0,Cartão de crédito,Entregue
412,2026-06-19,11:42,Cantinho da Massa,Massas,Eusébio,87.01,21.0,5.0,Cartão de crédito,Entregue
413,2026-01-28,17:12,Sushi Fortaleza,Sushi,Caucaia,153.04,27.0,3.0,Dinheiro,Entregue
414,2026-01-11,18:31,Sushi Fortaleza,Sushi,Maracanaú,72.9,15.0,1.0,Cartão de crédito,Entregue
415,2026-05-27,20:31,Burger House,Hambúrguer,Fortaleza,144.72,19.0,1.0,Pix,Entregue
416,2026-04-27,14:16,Açaí Tropical,Açaí,Fortaleza,35.97,26.0,1.0,Pix,Entregue
417,2026-06-23,15:27,Pizza Express,Pizza,Fortaleza,156.2,17.0,1.0,Cartão de débito,Entregue
418,2026-02-13,15:22,Açaí Tropical,Açaí,Caucaia,160.56,20.0,3.0,Pix,Entregue
419,2026-04-13,16:29,Cantinho da Massa,Massas,Maracanaú,130.38,45.0,4.0,Cartão de débito,Entregue
420,2026-06-28,21:03,Burger House,Hambúrguer,Fortaleza,86.56,52.0,4.0,Dinheiro,Entregue
421,2026-04-08,22:22,Sabor Nordestino,Brasileira,Eusébio,97.29,46.0,1.0,Dinheiro,Entregue
422,2026-01-17,14:41,Churrasco & Cia,Churrasco,Fortaleza,132.73,58.0,5.0,Cartão de débito,Cancelado
423,2026-06-21,23:21,Pizza Express,Pizza,Maracanaú,125.87,30.0,4.0,Pix,Entregue
424,2026-06-14,16:09,Sabor Nordestino,Brasileira,Fortaleza,122.94,25.0,5.0,Dinheiro,Entregue
425,2026-02-12,11:48,Açaí Tropical,Açaí,Caucaia,58.54,32.0,1.0,Cartão de débito,Entregue
426,2026-04-07,16:52,Sushi Fortaleza,Sushi,Fortaleza,93.46,66.0,5.0,Dinheiro,Entregue
427,2026-05-08,17:20,Pizza Express,Pizza,Maracanaú,139.24,16.0,1.0,Dinheiro,Entregue
428,2026-05-23,18:00,Pizza Express,Pizza,Caucaia,162.42,50.0,2.0,Dinheiro,Cancelado
429,2026-04-04,23:03,Sushi Fortaleza,Sushi,Maracanaú,73.12,64.0,5.0,Dinheiro,Entregue
430,2026-04-04,21:28,Pizza Express,Pizza,Fortaleza,141.49,29.0,1.0,Pix,Entregue
431,2026-06-12,22:18,Churrasco & Cia,Churrasco,Fortaleza,27.32,25.0,4.0,Cartão de débito,Entregue
432,2026-04-15,11:16,Sushi Fortaleza,Sushi,Eusébio,39.32,69.0,4.0,Cartão de débito,Entregue
433,2026-02-18,21:21,Pizza Express,Pizza,Maracanaú,27.44,55.0,5.0,Cartão de crédito,Entregue
434,2026-04-26,17:42,Burger House,Hambúrguer,Maracanaú,20.69,62.0,1.0,Dinheiro,Entregue
435,2026-05-04,18:49,Burger House,Hambúrguer,Eusébio,136.88,23.0,1.0,Dinheiro,Entregue
436,2026-06-05,15:32,Tempero Cearense,Saudável,Maracanaú,176.72,59.0,2.0,Pix,Entregue
437,2026-03-29,14:28,Burger House,Hambúrguer,Eusébio,86.04,59.0,5.0,Pix,Entregue
438,2026-05-21,23:20,Sushi Fortaleza,Sushi,Eusébio,53.55,60.0,3.0,Pix,Entregue
439,2026-02-03,21:41,Burger House,Hambúrguer,Caucaia,133.66,63.0,3.0,Dinheiro,Entregue
440,2026-06-20,21:26,Cantinho da Massa,Massas,Maracanaú,149.33,48.0,1.0,Cartão de crédito,Entregue
441,2026-01-14,20:03,Sushi Fortaleza,Sushi,Caucaia,140.03,25.0,3.0,Pix,Entregue
442,2026-01-16,21:50,Cantinho da Massa,Massas,Eusébio,140.58,17.0,3.0,Dinheiro,Entregue
443,2026-06-22,21:35,Sushi Fortaleza,Sushi,Maracanaú,58.02,65.0,3.0,Cartão de crédito,Entregue
444,2026-04-10,16:50,Churrasco & Cia,Churrasco,Fortaleza,22.07,31.0,2.0,Dinheiro,Entregue
445,2026-06-12,21:45,Churrasco & Cia,Churrasco,Eusébio,144.18,27.0,3.0,Dinheiro,Entregue
446,2026-06-24,11:11,Burger House,Hambúrguer,Fortaleza,80.35,42.0,3.0,Pix,Entregue
447,2026-05-30,23:16,Sabor Nordestino,Brasileira,Caucaia,94.61,24.0,1.0,Cartão de débito,Entregue
448,2026-06-02,10:49,Cantinho da Massa,Massas,Maracanaú,146.39,50.0,3.0,Cartão de crédito,Entregue
449,2026-03-23,18:14,Burger House,Hambúrguer,Fortaleza,145.8,25.0,4.0,Dinheiro,Entregue
450,2026-02-26,13:42,Churrasco & Cia,Churrasco,Caucaia,77.73,28.0,5.0,Dinheiro,Cancelado
451,2026-06-16,10:07,Churrasco & Cia,Churrasco,Maracanaú,58.46,56.0,5.0,Cartão de débito,Cancelado
452,2026-06-24,15:24,Pizza Express,Pizza,Maracanaú,61.05,61.0,3.0,Cartão de crédito,Entregue
453,2026-04-06,18:51,Açaí Tropical,Açaí,Maracanaú,27.02,56.0,2.0,Pix,Entregue
454,2026-01-25,12:49,Sabor Nordestino,Brasileira,Fortaleza,53.73,55.0,2.0,Dinheiro,Entregue
455,2026-02-22,18:53,Tempero Cearense,Saudável,Fortaleza,139.5,24.0,1.0,Dinheiro,Entregue
456,2026-01-10,11:04,Sabor Nordestino,Brasileira,Eusébio,147.07,50.0,1.0,Cartão de débito,Entregue
457,2026-04-15,16:28,Tempero Cearense,Saudável,Maracanaú,70.62,39.0,1.0,Cartão de crédito,Entregue
458,2026-06-08,11:48,Sabor Nordestino,Brasileira,Fortaleza,77.23,47.0,1.0,Pix,Entregue
459,2026-03-19,19:05,Cantinho da Massa,Massas,Maracanaú,81.03,67.0,1.0,Dinheiro,Entregue
460,2026-02-26,12:47,Tempero Cearense,Saudável,Caucaia,173.62,24.0,3.0,Pix,Cancelado
461,2026-01-03,18:55,Burger House,Hambúrguer,Fortaleza,26.68,51.0,5.0,Dinheiro,Entregue
462,2026-01-22,14:13,Churrasco & Cia,Churrasco,Eusébio,86.02,56.0,5.0,Cartão de débito,Entregue
463,2026-02-26,19:53,Cantinho da Massa,Massas,Eusébio,38.34,57.0,5.0,Cartão de crédito,Entregue
464,2026-05-21,17:41,Pizza Express,Pizza,Caucaia,127.47,31.0,1.0,Cartão de débito,Entregue
465,2026-05-05,15:22,Burger House,Hambúrguer,Eusébio,36.01,54.0,1.0,Cartão de débito,Entregue
466,2026-04-26,15:39,Cantinho da Massa,Massas,Eusébio,110.49,38.0,3.0,Dinheiro,Entregue
467,2026-03-22,13:50,Sushi Fortaleza,Sushi,Maracanaú,64.27,38.0,2.0,Pix,Entregue
468,2026-04-29,17:22,Cantinho da Massa,Massas,Maracanaú,108.27,26.0,5.0,Cartão de crédito,Entregue
469,2026-02-05,18:12,Cantinho da Massa,Massas,Fortaleza,136.39,16.0,5.0,Cartão de crédito,Entregue
470,2026-05-29,16:49,Sushi Fortaleza,Sushi,Fortaleza,108.26,49.0,5.0,Dinheiro,Entregue
471,2026-02-08,15:25,Sushi Fortaleza,Sushi,Caucaia,41.42,47.0,5.0,Cartão de crédito,Entregue
472,2026-05-09,10:42,Sushi Fortaleza,Sushi,Eusébio,141.15,23.0,4.0,Cartão de débito,Entregue
473,2026-05-25,20:55,Burger House,Hambúrguer,Maracanaú,170.27,17.0,2.0,Dinheiro,Entregue
474,2026-03-09,15:14,Sabor Nordestino,Brasileira,Eusébio,102.86,65.0,3.0,Dinheiro,Entregue
475,2026-04-27,10:02,Churrasco & Cia,Churrasco,Fortaleza,132.6,48.0,3.0,Pix,Entregue
476,2026-05-26,12:24,Tempero Cearense,Saudável,Caucaia,114.03,68.0,1.0,Pix,Entregue
477,2026-02-27,18:25,Churrasco & Cia,Churrasco,Caucaia,97.9,45.0,5.0,Cartão de crédito,Entregue
478,2026-02-05,17:10,Sushi Fortaleza,Sushi,Fortaleza,102.33,32.0,2.0,Cartão de débito,Entregue
479,2026-04-03,19:45,Pizza Express,Pizza,Eusébio,86.34,36.0,1.0,Dinheiro,Entregue
480,2026-05-03,13:37,Burger House,Hambúrguer,Maracanaú,23.59,17.0,2.0,Cartão de débito,Entregue
481,2026-05-12,10:57,Burger House,Hambúrguer,Fortaleza,46.61,26.0,5.0,Dinheiro,Entregue
482,2026-05-25,20:01,Cantinho da Massa,Massas,Fortaleza,54.65,53.0,4.0,Dinheiro,Entregue
483,2026-04-16,19:09,Burger House,Hambúrguer,Caucaia,46.84,58.0,3.0,Dinheiro,Entregue
484,2026-01-18,13:24,Tempero Cearense,Saudável,Eusébio,37.37,27.0,5.0,Dinheiro,Entregue
485,2026-06-05,11:11,Açaí Tropical,Açaí,Fortaleza,160.44,49.0,5.0,Cartão de crédito,Entregue
486,2026-06-18,12:57,Sabor Nordestino,Brasileira,Maracanaú,103.53,38.0,1.0,Dinheiro,Entregue
487,2026-05-04,22:49,Tempero Cearense,Saudável,Caucaia,114.25,62.0,5.0,Cartão de crédito,Entregue
488,2026-03-07,17:49,Sushi Fortaleza,Sushi,Fortaleza,65.32,49.0,4.0,Pix,Entregue
489,2026-01-02,19:33,Pizza Express,Pizza,Fortaleza,80.0,28.0,3.0,Dinheiro,Entregue
490,2026-02-09,16:41,Cantinho da Massa,Massas,Caucaia,156.8,42.0,5.0,Pix,Entregue
491,2026-06-24,16:48,Sushi Fortaleza,Sushi,Maracanaú,108.34,50.0,4.0,Cartão de débito,Entregue
492,2026-05-23,17:16,Cantinho da Massa,Massas,Caucaia,143.87,40.0,2.0,Cartão de crédito,Entregue
493,2026-04-25,22:44,Burger House,Hambúrguer,Fortaleza,54.31,40.0,3.0,Cartão de crédito,Entregue
494,2026-06-12,10:51,Pizza Express,Pizza,Eusébio,95.47,53.0,4.0,Cartão de crédito,Entregue
495,2026-02-26,15:05,Sabor Nordestino,Brasileira,Maracanaú,168.91,40.0,5.0,Pix,Entregue
496,2026-06-02,10:49,Burger House,Hambúrguer,Maracanaú,90.24,27.0,5.0,Pix,Entregue
497,2026-06-03,18:33,Sushi Fortaleza,Sushi,Eusébio,127.84,38.0,2.0,Cartão de crédito,Cancelado
498,2026-01-23,14:49,Tempero Cearense,Saudável,Caucaia,127.15,40.0,5.0,Cartão de débito,Entregue
499,2026-06-30,11:58,Pizza Express,Pizza,Caucaia,136.18,50.0,5.0,Pix,Entregue
500,2026-03-12,13:38,Sushi Fortaleza,Sushi,Maracanaú,168.75,51.0,1.0,Pix,Entregue
501,2026-05-10,11:35,Pizza Express,Pizza,Caucaia,74.39,22.0,5.0,Pix,Entregue
502,2026-05-28,14:44,Açaí Tropical,Açaí,Maracanaú,110.11,64.0,2.0,Pix,Cancelado
503,2026-04-28,20:29,Sabor Nordestino,Brasileira,Maracanaú,38.6,19.0,4.0,Cartão de débito,Entregue
504,2026-02-28,22:20,Tempero Cearense,Saudável,Caucaia,102.64,15.0,3.0,Cartão de débito,Entregue
505,2026-04-13,20:47,Churrasco & Cia,Churrasco,Fortaleza,108.73,26.0,4.0,Pix,Entregue
506,2026-05-27,14:11,Sushi Fortaleza,Sushi,Maracanaú,137.94,30.0,2.0,Pix,Entregue
507,2026-02-21,23:15,Churrasco & Cia,Churrasco,Eusébio,144.63,22.0,1.0,Dinheiro,Entregue
508,2026-05-19,10:54,Açaí Tropical,Açaí,Caucaia,119.31,46.0,5.0,Pix,Entregue
509,2026-05-11,14:25,Sushi Fortaleza,Sushi,Eusébio,28.66,66.0,4.0,Dinheiro,Entregue
510,2026-01-09,18:22,Tempero Cearense,Saudável,Eusébio,93.15,22.0,5.0,Dinheiro,Entregue
511,2026-01-03,10:43,Sushi Fortaleza,Sushi,Maracanaú,112.96,35.0,3.0,Pix,Entregue
512,2026-03-09,13:17,Açaí Tropical,Açaí,Caucaia,78.55,46.0,4.0,Cartão de débito,Entregue
513,2026-04-06,15:54,Tempero Cearense,Saudável,Caucaia,92.12,51.0,2.0,Cartão de débito,Entregue
514,2026-03-11,22:15,Tempero Cearense,Saudável,Maracanaú,51.37,66.0,2.0,Dinheiro,Entregue
515,2026-02-15,16:31,Burger House,Hambúrguer,Caucaia,145.65,34.0,3.0,Cartão de crédito,Entregue
516,2026-06-26,12:03,Sushi Fortaleza,Sushi,Caucaia,96.25,55.0,1.0,Dinheiro,Entregue
517,2026-03-08,15:23,Cantinho da Massa,Massas,Caucaia,23.17,22.0,3.0,Cartão de débito,Entregue
518,2026-06-16,20:34,Burger House,Hambúrguer,Caucaia,76.82,58.0,5.0,Dinheiro,Entregue
519,2026-04-25,11:24,Cantinho da Massa,Massas,Maracanaú,121.07,24.0,2.0,Pix,Entregue
520,2026-06-06,19:25,Pizza Express,Pizza,Fortaleza,45.92,29.0,3.0,Pix,Entregue
521,2026-03-10,19:41,Tempero Cearense,Saudável,Caucaia,162.03,64.0,3.0,Dinheiro,Entregue
522,2026-02-17,23:01,Burger House,Hambúrguer,Eusébio,125.92,62.0,1.0,Cartão de débito,Entregue
523,2026-01-27,11:04,Açaí Tropical,Açaí,Fortaleza,24.22,40.0,5.0,Cartão de crédito,Entregue
524,2026-06-08,12:05,Tempero Cearense,Saudável,Caucaia,56.7,62.0,3.0,Dinheiro,Entregue
525,2026-02-03,18:53,Burger House,Hambúrguer,Fortaleza,25.62,37.0,3.0,Dinheiro,Entregue
526,2026-05-19,14:35,Açaí Tropical,Açaí,Eusébio,175.13,59.0,5.0,Cartão de débito,Entregue
527,2026-04-27,20:47,Tempero Cearense,Saudável,Caucaia,165.43,45.0,5.0,Cartão de débito,Entregue
528,2026-04-24,14:23,Tempero Cearense,Saudável,Caucaia,44.91,15.0,1.0,Cartão de débito,Entregue
529,2026-05-01,18:00,Açaí Tropical,Açaí,Maracanaú,67.94,64.0,4.0,Pix,Entregue
530,2026-01-02,18:23,Sushi Fortaleza,Sushi,Maracanaú,161.15,42.0,4.0,Cartão de débito,Entregue
531,2026-06-15,16:53,Tempero Cearense,Saudável,Eusébio,62.08,42.0,2.0,Pix,Entregue
532,2026-05-17,22:17,Tempero Cearense,Saudável,Eusébio,156.56,26.0,2.0,Pix,Entregue
533,2026-04-27,19:28,Cantinho da Massa,Massas,Maracanaú,50.05,16.0,2.0,Cartão de crédito,Cancelado
534,2026-01-06,12:06,Cantinho da Massa,Massas,Caucaia,40.01,43.0,1.0,Cartão de débito,Entregue
535,2026-01-04,17:13,Churrasco & Cia,Churrasco,Maracanaú,69.85,66.0,4.0,Pix,Entregue
536,2026-01-09,15:05,Burger House,Hambúrguer,Fortaleza,62.64,40.0,1.0,Dinheiro,Entregue
537,2026-03-06,23:24,Sabor Nordestino,Brasileira,Fortaleza,175.94,60.0,2.0,Dinheiro,Entregue
538,2026-04-24,13:47,Sabor Nordestino,Brasileira,Eusébio,93.73,64.0,1.0,Cartão de débito,Entregue
539,2026-06-24,14:59,Churrasco & Cia,Churrasco,Eusébio,120.67,17.0,5.0,Cartão de crédito,Entregue
540,2026-06-13,14:12,Churrasco & Cia,Churrasco,Fortaleza,158.19,28.0,1.0,Cartão de débito,Entregue
541,2026-03-25,10:10,Cantinho da Massa,Massas,Fortaleza,83.33,30.0,1.0,Cartão de crédito,Entregue
542,2026-06-26,17:44,Burger House,Hambúrguer,Caucaia,143.33,30.0,2.0,Dinheiro,Entregue
543,2026-06-08,15:59,Sabor Nordestino,Brasileira,Fortaleza,76.88,24.0,5.0,Cartão de crédito,Entregue
544,2026-03-01,15:35,Churrasco & Cia,Churrasco,Maracanaú,137.31,16.0,4.0,Pix,Entregue
545,2026-03-06,10:31,Açaí Tropical,Açaí,Caucaia,106.84,46.0,2.0,Cartão de débito,Entregue
546,2026-03-24,21:29,Cantinho da Massa,Massas,Eusébio,31.02,24.0,4.0,Pix,Entregue
547,2026-05-19,15:29,Sabor Nordestino,Brasileira,Maracanaú,137.39,16.0,5.0,Pix,Entregue
548,2026-03-03,15:46,Pizza Express,Pizza,Maracanaú,50.38,58.0,4.0,Cartão de débito,Entregue
549,2026-03-24,16:41,Churrasco & Cia,Churrasco,Fortaleza,35.4,57.0,1.0,Cartão de crédito,Entregue
550,2026-02-03,12:55,Sabor Nordestino,Brasileira,Eusébio,37.13,27.0,1.0,Cartão de crédito,Entregue
551,2026-04-10,20:31,Cantinho da Massa,Massas,Fortaleza,78.62,53.0,1.0,Cartão de crédito,Entregue
552,2026-02-23,20:31,Pizza Express,Pizza,Maracanaú,148.16,18.0,3.0,Dinheiro,Entregue
553,2026-01-15,23:39,Cantinho da Massa,Massas,Fortaleza,137.49,68.0,3.0,Cartão de crédito,Entregue
554,2026-05-13,11:06,Sushi Fortaleza,Sushi,Maracanaú,50.31,48.0,2.0,Cartão de débito,Entregue
555,2026-05-23,16:47,Pizza Express,Pizza,Caucaia,127.92,59.0,4.0,Cartão de crédito,Entregue
556,2026-02-16,18:25,Churrasco & Cia,Churrasco,Eusébio,105.42,53.0,4.0,Pix,Entregue
557,2026-05-21,15:54,Churrasco & Cia,Churrasco,Maracanaú,142.27,42.0,3.0,Cartão de débito,Entregue
558,2026-02-24,16:49,Cantinho da Massa,Massas,Caucaia,173.86,43.0,4.0,Cartão de crédito,Entregue
559,2026-03-14,19:01,Burger House,Hambúrguer,Caucaia,21.05,29.0,2.0,Pix,Entregue
560,2026-06-26,23:17,Burger House,Hambúrguer,Fortaleza,26.04,37.0,2.0,Cartão de débito,Entregue
561,2026-05-30,13:14,Cantinho da Massa,Massas,Caucaia,34.7,40.0,5.0,Cartão de débito,Entregue
562,2026-03-25,22:30,Burger House,Hambúrguer,Maracanaú,152.11,59.0,5.0,Cartão de crédito,Entregue
563,2026-03-18,10:46,Tempero Cearense,Saudável,Fortaleza,144.82,64.0,3.0,Pix,Entregue
564,2026-04-22,16:59,Pizza Express,Pizza,Eusébio,139.63,69.0,5.0,Cartão de crédito,Entregue
565,2026-06-11,16:03,Cantinho da Massa,Massas,Fortaleza,71.09,51.0,2.0,Pix,Entregue
566,2026-02-26,12:03,Tempero Cearense,Saudável,Maracanaú,140.45,51.0,5.0,Cartão de crédito,Entregue
567,2026-03-16,22:25,Burger House,Hambúrguer,Eusébio,73.79,45.0,5.0,Cartão de crédito,Entregue
568,2026-03-09,11:25,Tempero Cearense,Saudável,Eusébio,141.93,45.0,5.0,Cartão de débito,Entregue
569,2026-06-16,19:12,Sushi Fortaleza,Sushi,Eusébio,31.46,64.0,4.0,Pix,Entregue
570,2026-05-28,11:07,Tempero Cearense,Saudável,Maracanaú,78.44,27.0,3.0,Pix,Entregue
571,2026-01-07,22:19,Burger House,Hambúrguer,Caucaia,118.6,66.0,4.0,Cartão de débito,Entregue
572,2026-03-01,13:43,Churrasco & Cia,Churrasco,Eusébio,141.24,69.0,1.0,Cartão de crédito,Entregue
573,2026-03-04,19:59,Burger House,Hambúrguer,Caucaia,22.2,59.0,1.0,Pix,Entregue
574,2026-01-06,15:13,Sushi Fortaleza,Sushi,Eusébio,107.43,63.0,3.0,Dinheiro,Entregue
575,2026-02-06,21:44,Sabor Nordestino,Brasileira,Maracanaú,113.28,57.0,5.0,Cartão de crédito,Entregue
576,2026-01-16,14:12,Cantinho da Massa,Massas,Fortaleza,94.39,15.0,1.0,Dinheiro,Entregue
577,2026-06-19,23:58,Churrasco & Cia,Churrasco,Fortaleza,23.05,70.0,4.0,Cartão de débito,Cancelado
578,2026-05-11,21:06,Churrasco & Cia,Churrasco,Maracanaú,158.68,49.0,1.0,Cartão de débito,Entregue
579,2026-04-28,18:59,Sabor Nordestino,Brasileira,Fortaleza,59.58,48.0,3.0,Pix,Entregue
580,2026-02-10,10:22,Churrasco & Cia,Churrasco,Caucaia,120.04,30.0,5.0,Pix,Entregue
581,2026-06-10,14:56,Tempero Cearense,Saudável,Fortaleza,171.06,32.0,2.0,Cartão de débito,Entregue
582,2026-04-11,20:08,Pizza Express,Pizza,Maracanaú,103.31,58.0,5.0,Cartão de débito,Entregue
583,2026-05-27,12:27,Cantinho da Massa,Massas,Caucaia,91.87,23.0,2.0,Cartão de débito,Entregue
584,2026-06-25,22:12,Burger House,Hambúrguer,Caucaia,130.17,48.0,2.0,Dinheiro,Cancelado
585,2026-02-07,20:59,Burger House,Hambúrguer,Caucaia,30.85,49.0,1.0,Cartão de débito,Entregue
586,2026-02-07,21:01,Churrasco & Cia,Churrasco,Maracanaú,173.79,34.0,4.0,Pix,Entregue
587,2026-02-18,11:08,Burger House,Hambúrguer,Fortaleza,141.99,54.0,5.0,Pix,Entregue
588,2026-06-06,13:38,Sushi Fortaleza,Sushi,Eusébio,129.98,37.0,1.0,Dinheiro,Entregue
589,2026-06-04,17:45,Churrasco & Cia,Churrasco,Eusébio,156.34,46.0,4.0,Cartão de débito,Entregue
590,2026-02-27,10:26,Sabor Nordestino,Brasileira,Caucaia,172.03,29.0,2.0,Cartão de débito,Entregue
591,2026-04-23,23:39,Açaí Tropical,Açaí,Caucaia,158.68,30.0,4.0,Dinheiro,Entregue
592,2026-06-05,21:52,Tempero Cearense,Saudável,Caucaia,83.06,62.0,5.0,Cartão de crédito,Entregue
593,2026-04-26,17:52,Sabor Nordestino,Brasileira,Eusébio,102.99,40.0,1.0,Dinheiro,Entregue
594,2026-06-11,10:12,Cantinho da Massa,Massas,Maracanaú,83.69,34.0,3.0,Dinheiro,Entregue
595,2026-03-17,19:58,Sabor Nordestino,Brasileira,Eusébio,94.17,56.0,4.0,Cartão de crédito,Entregue
596,2026-01-29,12:49,Burger House,Hambúrguer,Maracanaú,86.17,43.0,1.0,Cartão de débito,Entregue
597,2026-02-21,17:05,Cantinho da Massa,Massas,Caucaia,130.67,60.0,2.0,Cartão de crédito,Entregue
598,2026-06-30,17:40,Churrasco & Cia,Churrasco,Fortaleza,103.81,39.0,5.0,Cartão de débito,Entregue
599,2026-04-08,10:49,Burger House,Hambúrguer,Caucaia,110.48,57.0,2.0,Cartão de débito,Entregue
600,2026-02-15,22:45,Sabor Nordestino,Brasileira,Maracanaú,69.29,61.0,4.0,Pix,Entregue
601,2026-01-31,12:12,Sabor Nordestino,Brasileira,Caucaia,21.95,46.0,4.0,Cartão de crédito,Entregue
602,2026-05-07,13:13,Açaí Tropical,Açaí,Maracanaú,85.62,20.0,5.0,Cartão de crédito,Entregue
603,2026-05-21,14:39,Sushi Fortaleza,Sushi,Fortaleza,49.57,18.0,3.0,Cartão de crédito,Entregue
604,2026-01-09,20:36,Cantinho da Massa,Massas,Caucaia,167.26,18.0,1.0,Dinheiro,Cancelado
605,2026-02-11,20:18,Burger House,Hambúrguer,Maracanaú,139.89,38.0,1.0,Cartão de crédito,Entregue
606,2026-03-24,15:57,Tempero Cearense,Saudável,Fortaleza,141.35,68.0,5.0,Cartão de crédito,Entregue
607,2026-02-04,11:44,Cantinho da Massa,Massas,Caucaia,104.33,48.0,2.0,Cartão de débito,Entregue
608,2026-01-28,19:46,Pizza Express,Pizza,Maracanaú,135.85,53.0,3.0,Dinheiro,Entregue
609,2026-03-23,14:33,Churrasco & Cia,Churrasco,Eusébio,118.29,46.0,5.0,Dinheiro,Entregue
610,2026-02-16,19:14,Cantinho da Massa,Massas,Eusébio,20.25,16.0,4.0,Cartão de crédito,Entregue
611,2026-02-23,22:39,Tempero Cearense,Saudável,Maracanaú,27.28,37.0,5.0,Cartão de débito,Entregue
612,2026-02-21,21:18,Cantinho da Massa,Massas,Fortaleza,69.24,47.0,5.0,Pix,Entregue
613,2026-01-30,20:21,Churrasco & Cia,Churrasco,Maracanaú,135.9,54.0,1.0,Cartão de débito,Entregue
614,2026-03-28,20:30,Açaí Tropical,Açaí,Fortaleza,123.3,45.0,2.0,Dinheiro,Entregue
615,2026-05-18,15:29,Tempero Cearense,Saudável,Fortaleza,153.62,34.0,5.0,Pix,Entregue
616,2026-01-05,13:36,Churrasco & Cia,Churrasco,Caucaia,30.59,24.0,3.0,Cartão de crédito,Entregue
617,2026-04-07,20:34,Burger House,Hambúrguer,Maracanaú,49.98,22.0,3.0,Pix,Entregue
618,2026-03-11,16:05,Açaí Tropical,Açaí,Eusébio,79.45,68.0,3.0,Cartão de débito,Entregue
619,2026-02-14,11:23,Sabor Nordestino,Brasileira,Eusébio,166.14,43.0,5.0,Cartão de crédito,Entregue
620,2026-05-09,12:12,Churrasco & Cia,Churrasco,Maracanaú,137.19,48.0,3.0,Pix,Entregue
621,2026-01-26,23:33,Burger House,Hambúrguer,Eusébio,135.93,44.0,4.0,Cartão de crédito,Entregue
622,2026-01-12,20:54,Pizza Express,Pizza,Caucaia,94.7,17.0,1.0,Pix,Entregue
623,2026-03-21,20:57,Sushi Fortaleza,Sushi,Caucaia,52.09,33.0,3.0,Pix,Entregue
624,2026-06-21,11:17,Burger House,Hambúrguer,Eusébio,63.78,15.0,5.0,Cartão de crédito,Entregue
625,2026-03-31,18:20,Cantinho da Massa,Massas,Eusébio,170.92,66.0,3.0,Cartão de débito,Entregue
626,2026-03-21,19:57,Churrasco & Cia,Churrasco,Maracanaú,28.12,16.0,4.0,Cartão de crédito,Entregue
627,2026-01-14,11:27,Tempero Cearense,Saudável,Eusébio,132.75,52.0,4.0,Pix,Entregue
628,2026-02-20,21:48,Pizza Express,Pizza,Maracanaú,110.85,20.0,4.0,Cartão de crédito,Entregue
629,2026-06-25,20:45,Açaí Tropical,Açaí,Maracanaú,57.07,29.0,2.0,Pix,Entregue
630,2026-04-11,12:44,Churrasco & Cia,Churrasco,Caucaia,92.53,16.0,1.0,Dinheiro,Entregue
631,2026-05-03,17:54,Burger House,Hambúrguer,Caucaia,142.87,53.0,5.0,Cartão de débito,Entregue
632,2026-04-14,23:45,Pizza Express,Pizza,Caucaia,108.98,19.0,3.0,Dinheiro,Entregue
633,2026-04-16,13:39,Sushi Fortaleza,Sushi,Eusébio,175.82,39.0,1.0,Pix,Entregue
634,2026-06-27,19:27,Tempero Cearense,Saudável,Caucaia,107.12,30.0,2.0,Cartão de crédito,Entregue
635,2026-05-27,23:31,Pizza Express,Pizza,Maracanaú,72.06,21.0,4.0,Cartão de débito,Entregue
636,2026-04-14,11:38,Pizza Express,Pizza,Maracanaú,72.39,56.0,1.0,Cartão de crédito,Entregue
637,2026-02-05,19:57,Sabor Nordestino,Brasileira,Eusébio,125.74,43.0,5.0,Pix,Entregue
638,2026-05-28,17:12,Sushi Fortaleza,Sushi,Caucaia,67.96,65.0,3.0,Dinheiro,Entregue
639,2026-03-30,11:37,Sabor Nordestino,Brasileira,Maracanaú,155.62,69.0,3.0,Cartão de crédito,Entregue
640,2026-05-21,10:00,Churrasco & Cia,Churrasco,Fortaleza,157.8,70.0,1.0,Cartão de débito,Entregue
641,2026-06-01,16:40,Churrasco & Cia,Churrasco,Maracanaú,84.97,42.0,5.0,Cartão de débito,Entregue
642,2026-05-02,12:12,Tempero Cearense,Saudável,Caucaia,154.39,24.0,3.0,Cartão de débito,Entregue
643,2026-01-19,20:01,Burger House,Hambúrguer,Maracanaú,125.27,23.0,1.0,Cartão de débito,Entregue
644,2026-04-17,23:29,Tempero Cearense,Saudável,Eusébio,92.7,42.0,5.0,Dinheiro,Entregue
645,2026-02-27,12:27,Sabor Nordestino,Brasileira,Maracanaú,155.49,30.0,5.0,Pix,Entregue
646,2026-05-20,19:23,Sabor Nordestino,Brasileira,Fortaleza,110.9,60.0,3.0,Cartão de crédito,Entregue
647,2026-06-26,11:09,Cantinho da Massa,Massas,Maracanaú,102.71,48.0,5.0,Cartão de crédito,Entregue
648,2026-06-11,21:42,Pizza Express,Pizza,Caucaia,118.09,36.0,5.0,Cartão de crédito,Entregue
649,2026-05-12,17:36,Churrasco & Cia,Churrasco,Maracanaú,76.47,66.0,3.0,Pix,Entregue
650,2026-06-27,19:47,Cantinho da Massa,Massas,Caucaia,29.83,45.0,5.0,Cartão de débito,Entregue
651,2026-06-18,14:51,Sabor Nordestino,Brasileira,Caucaia,97.56,23.0,5.0,Cartão de crédito,Entregue
652,2026-03-13,14:08,Cantinho da Massa,Massas,Caucaia,157.26,15.0,1.0,Cartão de débito,Entregue
653,2026-02-08,20:28,Churrasco & Cia,Churrasco,Eusébio,61.8,59.0,2.0,Dinheiro,Entregue
654,2026-05-16,23:02,Churrasco & Cia,Churrasco,Fortaleza,174.78,53.0,2.0,Dinheiro,Entregue
655,2026-04-16,22:24,Sushi Fortaleza,Sushi,Maracanaú,136.16,25.0,2.0,Pix,Entregue
656,2026-03-09,22:52,Pizza Express,Pizza,Fortaleza,46.82,40.0,4.0,Pix,Entregue
657,2026-05-17,13:24,Tempero Cearense,Saudável,Maracanaú,62.02,48.0,4.0,Cartão de crédito,Entregue
658,2026-04-25,16:43,Churrasco & Cia,Churrasco,Fortaleza,35.58,49.0,3.0,Dinheiro,Entregue
659,2026-06-16,23:17,Churrasco & Cia,Churrasco,Caucaia,62.73,21.0,3.0,Dinheiro,Entregue
660,2026-06-22,21:15,Sushi Fortaleza,Sushi,Caucaia,128.43,26.0,3.0,Cartão de crédito,Entregue
661,2026-01-18,10:26,Pizza Express,Pizza,Fortaleza,129.68,37.0,2.0,Pix,Entregue
662,2026-01-09,10:39,Pizza Express,Pizza,Fortaleza,170.16,57.0,2.0,Cartão de crédito,Entregue
663,2026-01-31,11:54,Burger House,Hambúrguer,Maracanaú,125.02,56.0,5.0,Cartão de débito,Entregue
664,2026-06-28,12:16,Cantinho da Massa,Massas,Maracanaú,125.68,19.0,4.0,Pix,Entregue
665,2026-06-27,20:49,Churrasco & Cia,Churrasco,Caucaia,45.91,19.0,3.0,Cartão de crédito,Entregue
666,2026-03-27,10:16,Cantinho da Massa,Massas,Eusébio,90.49,46.0,2.0,Dinheiro,Entregue
667,2026-05-06,11:09,Tempero Cearense,Saudável,Eusébio,118.23,21.0,4.0,Pix,Entregue
668,2026-01-19,11:36,Cantinho da Massa,Massas,Maracanaú,23.0,46.0,2.0,Cartão de crédito,Entregue
669,2026-06-20,16:17,Burger House,Hambúrguer,Caucaia,164.74,51.0,1.0,Dinheiro,Entregue
670,2026-04-14,23:46,Pizza Express,Pizza,Eusébio,20.53,59.0,4.0,Cartão de crédito,Entregue
671,2026-04-02,15:43,Cantinho da Massa,Massas,Maracanaú,28.83,56.0,1.0,Pix,Entregue
672,2026-03-29,11:53,Açaí Tropical,Açaí,Caucaia,123.65,26.0,5.0,Cartão de crédito,Cancelado
673,2026-06-19,13:19,Tempero Cearense,Saudável,Fortaleza,120.9,37.0,4.0,Cartão de crédito,Entregue
674,2026-04-23,21:12,Burger House,Hambúrguer,Fortaleza,50.89,61.0,5.0,Cartão de débito,Entregue
675,2026-01-17,22:34,Cantinho da Massa,Massas,Maracanaú,105.43,68.0,4.0,Cartão de crédito,Entregue
676,2026-01-15,15:50,Sabor Nordestino,Brasileira,Maracanaú,38.91,66.0,5.0,Dinheiro,Entregue
677,2026-05-18,12:47,Sushi Fortaleza,Sushi,Fortaleza,25.9,24.0,4.0,Cartão de crédito,Entregue
678,2026-06-08,10:15,Burger House,Hambúrguer,Fortaleza,47.56,18.0,3.0,Cartão de crédito,Entregue
679,2026-02-13,23:37,Pizza Express,Pizza,Fortaleza,38.27,53.0,5.0,Cartão de débito,Entregue
680,2026-02-21,16:21,Tempero Cearense,Saudável,Caucaia,39.33,58.0,5.0,Cartão de débito,Entregue
681,2026-02-24,22:02,Burger House,Hambúrguer,Caucaia,30.12,32.0,2.0,Dinheiro,Entregue
682,2026-04-05,18:10,Açaí Tropical,Açaí,Eusébio,168.11,17.0,2.0,Cartão de crédito,Entregue
683,2026-06-11,19:24,Burger House,Hambúrguer,Fortaleza,160.74,20.0,1.0,Cartão de crédito,Entregue
684,2026-01-23,21:41,Cantinho da Massa,Massas,Maracanaú,130.96,65.0,4.0,Cartão de débito,Entregue
685,2026-06-13,14:33,Açaí Tropical,Açaí,Maracanaú,58.28,26.0,5.0,Cartão de crédito,Entregue
686,2026-05-08,19:05,Cantinho da Massa,Massas,Caucaia,87.01,50.0,2.0,Cartão de débito,Entregue
687,2026-05-16,11:39,Churrasco & Cia,Churrasco,Eusébio,94.27,55.0,2.0,Pix,Entregue
688,2026-01-29,22:09,Açaí Tropical,Açaí,Maracanaú,48.21,57.0,1.0,Cartão de crédito,Entregue
689,2026-03-14,13:27,Cantinho da Massa,Massas,Caucaia,118.69,63.0,4.0,Cartão de crédito,Entregue
690,2026-01-14,18:11,Burger House,Hambúrguer,Fortaleza,97.61,22.0,1.0,Cartão de débito,Entregue
691,2026-06-01,19:20,Tempero Cearense,Saudável,Eusébio,139.53,35.0,2.0,Cartão de crédito,Entregue
692,2026-01-26,13:47,Tempero Cearense,Saudável,Eusébio,80.09,29.0,1.0,Dinheiro,Entregue
693,2026-01-14,16:09,Sushi Fortaleza,Sushi,Maracanaú,48.49,38.0,2.0,Dinheiro,Entregue
694,2026-06-11,15:17,Sushi Fortaleza,Sushi,Caucaia,40.35,59.0,5.0,Cartão de crédito,Entregue
695,2026-01-29,23:29,Açaí Tropical,Açaí,Maracanaú,47.39,36.0,2.0,Pix,Entregue
696,2026-06-13,19:57,Burger House,Hambúrguer,Eusébio,33.84,69.0,5.0,Dinheiro,Entregue
697,2026-02-25,19:30,Açaí Tropical,Açaí,Caucaia,22.32,42.0,2.0,Cartão de débito,Entregue
698,2026-05-29,13:57,Burger House,Hambúrguer,Fortaleza,86.84,17.0,1.0,Dinheiro,Entregue
699,2026-05-10,10:27,Tempero Cearense,Saudável,Maracanaú,149.55,59.0,1.0,Dinheiro,Entregue
700,2026-01-22,18:48,Sabor Nordestino,Brasileira,Maracanaú,171.99,23.0,3.0,Pix,Entregue
701,2026-01-24,10:30,Cantinho da Massa,Massas,Eusébio,132.53,69.0,5.0,Cartão de crédito,Cancelado
702,2026-04-29,22:08,Tempero Cearense,Saudável,Eusébio,146.38,38.0,4.0,Cartão de crédito,Entregue
703,2026-01-19,16:57,Churrasco & Cia,Churrasco,Fortaleza,67.45,63.0,3.0,Cartão de débito,Entregue
704,2026-01-21,19:56,Churrasco & Cia,Churrasco,Fortaleza,102.36,58.0,3.0,Cartão de crédito,Entregue
705,2026-04-04,17:39,Sabor Nordestino,Brasileira,Caucaia,78.63,56.0,5.0,Cartão de crédito,Entregue
706,2026-02-22,12:21,Sushi Fortaleza,Sushi,Fortaleza,123.85,62.0,5.0,Cartão de débito,Entregue
707,2026-02-27,15:22,Cantinho da Massa,Massas,Maracanaú,64.34,19.0,3.0,Pix,Entregue
708,2026-05-09,18:53,Pizza Express,Pizza,Maracanaú,133.57,58.0,5.0,Pix,Entregue
709,2026-04-05,22:43,Pizza Express,Pizza,Eusébio,162.7,44.0,1.0,Cartão de crédito,Entregue
710,2026-02-15,14:04,Pizza Express,Pizza,Eusébio,64.15,59.0,2.0,Dinheiro,Entregue
711,2026-02-22,18:40,Sabor Nordestino,Brasileira,Caucaia,86.65,58.0,5.0,Cartão de débito,Entregue
712,2026-04-18,17:47,Sabor Nordestino,Brasileira,Caucaia,50.25,16.0,2.0,Pix,Entregue
713,2026-03-29,20:41,Churrasco & Cia,Churrasco,Maracanaú,114.94,59.0,5.0,Dinheiro,Entregue
714,2026-05-26,12:57,Cantinho da Massa,Massas,Eusébio,146.28,29.0,4.0,Pix,Cancelado
715,2026-01-13,12:22,Cantinho da Massa,Massas,Maracanaú,172.99,54.0,2.0,Pix,Entregue
716,2026-02-14,23:45,Burger House,Hambúrguer,Eusébio,58.06,17.0,3.0,Cartão de débito,Entregue
717,2026-04-05,12:13,Sabor Nordestino,Brasileira,Caucaia,176.48,24.0,3.0,Dinheiro,Entregue
718,2026-02-11,18:19,Pizza Express,Pizza,Fortaleza,84.73,46.0,2.0,Dinheiro,Entregue
719,2026-02-09,10:47,Churrasco & Cia,Churrasco,Caucaia,95.83,33.0,5.0,Cartão de débito,Entregue
720,2026-04-24,15:44,Pizza Express,Pizza,Maracanaú,164.03,23.0,5.0,Cartão de crédito,Entregue
721,2026-04-13,19:53,Sushi Fortaleza,Sushi,Maracanaú,77.18,35.0,1.0,Cartão de débito,Entregue
722,2026-02-26,22:59,Cantinho da Massa,Massas,Eusébio,23.61,49.0,4.0,Cartão de crédito,Cancelado
723,2026-04-11,13:31,Churrasco & Cia,Churrasco,Fortaleza,165.35,38.0,4.0,Cartão de débito,Entregue
724,2026-04-20,15:24,Churrasco & Cia,Churrasco,Fortaleza,65.54,37.0,3.0,Dinheiro,Entregue
725,2026-01-23,13:46,Açaí Tropical,Açaí,Maracanaú,148.59,33.0,2.0,Dinheiro,Entregue
726,2026-04-17,12:53,Pizza Express,Pizza,Eusébio,53.25,45.0,5.0,Pix,Entregue
727,2026-06-01,22:24,Pizza Express,Pizza,Fortaleza,85.51,32.0,4.0,Cartão de débito,Entregue
728,2026-05-26,22:58,Burger House,Hambúrguer,Eusébio,49.76,39.0,3.0,Dinheiro,Entregue
729,2026-03-19,23:37,Cantinho da Massa,Massas,Maracanaú,109.48,44.0,2.0,Cartão de crédito,Entregue
730,2026-02-09,14:19,Açaí Tropical,Açaí,Fortaleza,124.61,33.0,4.0,Cartão de débito,Entregue
731,2026-06-26,20:15,Sabor Nordestino,Brasileira,Fortaleza,142.35,46.0,1.0,Pix,Entregue
732,2026-05-25,16:55,Cantinho da Massa,Massas,Maracanaú,175.88,67.0,1.0,Pix,Entregue
733,2026-05-28,10:54,Cantinho da Massa,Massas,Eusébio,113.06,24.0,3.0,Dinheiro,Entregue
734,2026-02-04,15:10,Sabor Nordestino,Brasileira,Caucaia,77.79,55.0,3.0,Cartão de crédito,Entregue
735,2026-05-16,20:59,Pizza Express,Pizza,Eusébio,142.63,26.0,1.0,Cartão de débito,Entregue
736,2026-03-22,23:54,Cantinho da Massa,Massas,Caucaia,129.67,59.0,3.0,Cartão de crédito,Entregue
737,2026-04-01,23:09,Sabor Nordestino,Brasileira,Eusébio,102.91,38.0,4.0,Dinheiro,Entregue
738,2026-02-11,11:13,Burger House,Hambúrguer,Eusébio,153.05,65.0,5.0,Cartão de crédito,Entregue
739,2026-01-20,11:52,Burger House,Hambúrguer,Fortaleza,96.72,34.0,3.0,Cartão de débito,Entregue
740,2026-06-02,18:48,Churrasco & Cia,Churrasco,Eusébio,133.58,16.0,1.0,Cartão de débito,Entregue
741,2026-06-27,12:44,Sushi Fortaleza,Sushi,Caucaia,40.06,23.0,1.0,Dinheiro,Entregue
742,2026-01-29,11:01,Açaí Tropical,Açaí,Maracanaú,26.8,21.0,1.0,Cartão de crédito,Entregue
743,2026-03-06,10:04,Cantinho da Massa,Massas,Fortaleza,140.73,65.0,1.0,Cartão de débito,Entregue
744,2026-02-21,12:42,Churrasco & Cia,Churrasco,Fortaleza,34.52,69.0,3.0,Pix,Entregue
745,2026-05-09,22:46,Sushi Fortaleza,Sushi,Fortaleza,35.86,52.0,1.0,Cartão de débito,Entregue
746,2026-03-14,12:57,Sabor Nordestino,Brasileira,Fortaleza,167.88,47.0,4.0,Pix,Entregue
747,2026-02-17,17:43,Pizza Express,Pizza,Eusébio,153.56,39.0,4.0,Cartão de débito,Entregue
748,2026-04-15,11:48,Churrasco & Cia,Churrasco,Fortaleza,94.54,48.0,2.0,Dinheiro,Entregue
749,2026-06-30,14:35,Sabor Nordestino,Brasileira,Fortaleza,72.5,22.0,4.0,Pix,Entregue
750,2026-03-21,20:53,Açaí Tropical,Açaí,Eusébio,108.63,33.0,4.0,Cartão de débito,Entregue
751,2026-05-02,20:23,Burger House,Hambúrguer,Fortaleza,179.8,46.0,1.0,Dinheiro,Entregue
752,2026-06-18,20:05,Pizza Express,Pizza,Eusébio,83.17,59.0,5.0,Cartão de crédito,Entregue
753,2026-02-13,11:23,Sushi Fortaleza,Sushi,Caucaia,52.04,69.0,4.0,Cartão de crédito,Entregue
754,2026-04-19,21:31,Cantinho da Massa,Massas,Caucaia,141.01,66.0,4.0,Pix,Entregue
755,2026-06-04,16:31,Cantinho da Massa,Massas,Eusébio,142.88,21.0,1.0,Pix,Entregue
756,2026-03-01,20:08,Sabor Nordestino,Brasileira,Fortaleza,138.05,68.0,1.0,Dinheiro,Entregue
757,2026-02-15,16:38,Churrasco & Cia,Churrasco,Eusébio,68.44,54.0,1.0,Cartão de crédito,Entregue
758,2026-05-14,22:31,Açaí Tropical,Açaí,Eusébio,66.97,46.0,4.0,Pix,Entregue
759,2026-05-19,18:01,Sabor Nordestino,Brasileira,Maracanaú,160.82,22.0,4.0,Dinheiro,Entregue
760,2026-04-07,17:29,Sabor Nordestino,Brasileira,Fortaleza,48.3,57.0,3.0,Cartão de débito,Entregue
761,2026-02-04,14:45,Tempero Cearense,Saudável,Maracanaú,142.24,51.0,4.0,Dinheiro,Entregue
762,2026-02-10,18:03,Tempero Cearense,Saudável,Caucaia,99.15,39.0,5.0,Pix,Entregue
763,2026-03-14,15:03,Sabor Nordestino,Brasileira,Fortaleza,40.51,38.0,3.0,Cartão de crédito,Entregue
764,2026-06-10,15:24,Pizza Express,Pizza,Maracanaú,75.22,37.0,4.0,Pix,Entregue
765,2026-03-04,13:15,Cantinho da Massa,Massas,Fortaleza,165.66,19.0,3.0,Cartão de crédito,Entregue
766,2026-01-06,18:20,Sabor Nordestino,Brasileira,Maracanaú,125.24,42.0,5.0,Dinheiro,Entregue
767,2026-06-28,17:37,Sabor Nordestino,Brasileira,Caucaia,80.44,39.0,3.0,Cartão de crédito,Entregue
768,2026-01-26,21:43,Sushi Fortaleza,Sushi,Caucaia,99.48,66.0,3.0,Cartão de débito,Entregue
769,2026-04-04,16:12,Açaí Tropical,Açaí,Fortaleza,154.46,49.0,2.0,Pix,Entregue
770,2026-03-18,19:25,Sushi Fortaleza,Sushi,Fortaleza,134.83,52.0,1.0,Pix,Entregue
771,2026-05-26,22:33,Açaí Tropical,Açaí,Maracanaú,53.56,65.0,1.0,Pix,Entregue
772,2026-03-18,16:42,Churrasco & Cia,Churrasco,Eusébio,86.29,31.0,5.0,Dinheiro,Entregue
773,2026-05-21,12:56,Sabor Nordestino,Brasileira,Eusébio,112.29,28.0,4.0,Pix,Entregue
774,2026-05-17,22:39,Tempero Cearense,Saudável,Fortaleza,103.56,38.0,4.0,Cartão de débito,Entregue
775,2026-06-25,22:19,Tempero Cearense,Saudável,Maracanaú,70.98,68.0,1.0,Cartão de débito,Entregue
776,2026-03-10,23:18,Burger House,Hambúrguer,Caucaia,129.9,30.0,4.0,Cartão de débito,Entregue
777,2026-02-19,10:15,Cantinho da Massa,Massas,Maracanaú,97.66,42.0,4.0,Cartão de crédito,Entregue
778,2026-03-11,12:01,Cantinho da Massa,Massas,Caucaia,125.39,26.0,1.0,Dinheiro,Entregue
779,2026-01-15,23:57,Pizza Express,Pizza,Caucaia,116.26,70.0,1.0,Dinheiro,Entregue
780,2026-06-21,20:56,Pizza Express,Pizza,Maracanaú,170.91,61.0,2.0,Cartão de débito,Entregue
781,2026-05-09,11:33,Cantinho da Massa,Massas,Maracanaú,161.53,30.0,5.0,Cartão de crédito,Entregue
782,2026-03-22,15:53,Tempero Cearense,Saudável,Eusébio,169.68,28.0,2.0,Cartão de crédito,Entregue
783,2026-03-12,17:26,Cantinho da Massa,Massas,Fortaleza,98.46,38.0,1.0,Pix,Entregue
784,2026-05-02,20:15,Cantinho da Massa,Massas,Eusébio,78.08,60.0,3.0,Pix,Entregue
785,2026-06-05,10:53,Sabor Nordestino,Brasileira,Eusébio,60.48,39.0,3.0,Pix,Entregue
786,2026-06-25,11:34,Sushi Fortaleza,Sushi,Maracanaú,82.16,40.0,3.0,Pix,Entregue
787,2026-03-02,14:13,Burger House,Hambúrguer,Maracanaú,121.02,66.0,4.0,Cartão de crédito,Entregue
788,2026-01-21,23:49,Açaí Tropical,Açaí,Maracanaú,137.91,68.0,3.0,Dinheiro,Entregue
789,2026-01-26,23:10,Cantinho da Massa,Massas,Fortaleza,76.3,53.0,5.0,Pix,Entregue
790,2026-01-08,22:03,Burger House,Hambúrguer,Maracanaú,146.56,23.0,1.0,Dinheiro,Entregue
791,2026-03-20,15:36,Pizza Express,Pizza,Fortaleza,45.25,48.0,2.0,Dinheiro,Entregue
792,2026-03-23,17:30,Burger House,Hambúrguer,Caucaia,47.76,52.0,3.0,Pix,Entregue
793,2026-04-17,15:11,Tempero Cearense,Saudável,Maracanaú,171.16,51.0,2.0,Cartão de crédito,Entregue
794,2026-05-23,20:39,Sushi Fortaleza,Sushi,Fortaleza,175.86,27.0,3.0,Cartão de débito,Entregue
795,2026-06-08,16:38,Cantinho da Massa,Massas,Eusébio,34.25,38.0,2.0,Cartão de crédito,Entregue
796,2026-05-15,16:49,Açaí Tropical,Açaí,Maracanaú,38.96,60.0,2.0,Cartão de débito,Entregue
797,2026-03-10,14:47,Açaí Tropical,Açaí,Maracanaú,40.83,69.0,2.0,Cartão de débito,Cancelado
798,2026-03-14,21:43,Sushi Fortaleza,Sushi,Maracanaú,48.86,65.0,2.0,Cartão de crédito,Entregue
799,2026-03-09,13:39,Açaí Tropical,Açaí,Eusébio,79.14,58.0,4.0,Cartão de crédito,Entregue
800,2026-02-04,23:20,Tempero Cearense,Saudável,Eusébio,134.13,60.0,4.0,Pix,Entregue
801,2026-05-23,10:03,Churrasco & Cia,Churrasco,Eusébio,95.35,37.0,5.0,Cartão de crédito,Entregue
802,2026-05-10,19:24,Cantinho da Massa,Massas,Maracanaú,127.4,23.0,5.0,Cartão de crédito,Entregue
803,2026-03-08,12:32,Açaí Tropical,Açaí,Caucaia,160.46,23.0,1.0,Pix,Entregue
804,2026-04-21,12:16,Pizza Express,Pizza,Caucaia,27.07,23.0,4.0,Pix,Entregue
805,2026-04-21,14:57,Cantinho da Massa,Massas,Caucaia,102.72,42.0,2.0,Pix,Entregue
806,2026-05-06,22:09,Açaí Tropical,Açaí,Fortaleza,50.23,18.0,2.0,Cartão de débito,Entregue
807,2026-03-08,12:45,Açaí Tropical,Açaí,Maracanaú,38.56,46.0,1.0,Dinheiro,Entregue
808,2026-05-24,17:29,Açaí Tropical,Açaí,Fortaleza,155.33,70.0,2.0,Cartão de crédito,Entregue
809,2026-02-22,23:18,Burger House,Hambúrguer,Eusébio,139.99,67.0,3.0,Cartão de débito,Entregue
810,2026-01-02,18:49,Burger House,Hambúrguer,Maracanaú,167.27,30.0,4.0,Cartão de crédito,Entregue
811,2026-01-07,14:43,Pizza Express,Pizza,Maracanaú,79.77,21.0,3.0,Cartão de débito,Entregue
812,2026-04-28,23:45,Açaí Tropical,Açaí,Maracanaú,120.54,32.0,5.0,Cartão de crédito,Entregue
813,2026-01-12,20:39,Açaí Tropical,Açaí,Caucaia,171.59,61.0,5.0,Cartão de débito,Entregue
814,2026-01-13,22:41,Cantinho da Massa,Massas,Caucaia,147.7,62.0,1.0,Dinheiro,Entregue
815,2026-03-07,12:15,Tempero Cearense,Saudável,Fortaleza,23.28,28.0,2.0,Dinheiro,Entregue
816,2026-03-14,20:48,Burger House,Hambúrguer,Fortaleza,67.77,66.0,4.0,Pix,Entregue
817,2026-06-04,12:22,Pizza Express,Pizza,Caucaia,102.02,46.0,4.0,Dinheiro,Entregue
818,2026-05-25,19:27,Pizza Express,Pizza,Maracanaú,149.76,54.0,2.0,Dinheiro,Entregue
819,2026-01-24,10:32,Churrasco & Cia,Churrasco,Maracanaú,128.23,56.0,2.0,Dinheiro,Entregue
820,2026-06-15,18:05,Cantinho da Massa,Massas,Maracanaú,89.98,66.0,4.0,Pix,Entregue
821,2026-02-02,20:57,Cantinho da Massa,Massas,Eusébio,103.69,33.0,5.0,Cartão de crédito,Entregue
822,2026-01-12,18:06,Tempero Cearense,Saudável,Maracanaú,35.12,57.0,5.0,Pix,Entregue
823,2026-05-30,11:49,Sabor Nordestino,Brasileira,Fortaleza,138.48,44.0,2.0,Cartão de débito,Entregue
824,2026-01-12,11:26,Cantinho da Massa,Massas,Caucaia,113.95,44.0,4.0,Pix,Entregue
825,2026-02-17,13:11,Pizza Express,Pizza,Caucaia,159.46,21.0,4.0,Cartão de crédito,Entregue
826,2026-01-30,10:10,Açaí Tropical,Açaí,Maracanaú,130.69,70.0,5.0,Dinheiro,Entregue
827,2026-06-07,15:44,Tempero Cearense,Saudável,Caucaia,34.02,23.0,1.0,Cartão de débito,Entregue
828,2026-01-05,21:12,Sabor Nordestino,Brasileira,Eusébio,96.98,24.0,2.0,Dinheiro,Entregue
829,2026-05-18,13:05,Cantinho da Massa,Massas,Maracanaú,43.71,42.0,1.0,Cartão de crédito,Entregue
830,2026-02-09,21:44,Açaí Tropical,Açaí,Maracanaú,95.44,70.0,4.0,Cartão de débito,Entregue
831,2026-05-26,23:53,Tempero Cearense,Saudável,Fortaleza,73.42,21.0,4.0,Dinheiro,Entregue
832,2026-05-29,19:46,Cantinho da Massa,Massas,Fortaleza,98.0,46.0,5.0,Dinheiro,Entregue
833,2026-01-16,18:01,Tempero Cearense,Saudável,Caucaia,108.52,32.0,4.0,Dinheiro,Entregue
834,2026-06-09,20:22,Açaí Tropical,Açaí,Maracanaú,23.33,33.0,2.0,Dinheiro,Entregue
835,2026-03-01,18:14,Churrasco & Cia,Churrasco,Maracanaú,40.99,33.0,4.0,Dinheiro,Entregue
836,2026-06-22,20:47,Churrasco & Cia,Churrasco,Maracanaú,147.96,69.0,2.0,Cartão de débito,Entregue
837,2026-01-23,20:30,Burger House,Hambúrguer,Eusébio,51.92,53.0,4.0,Cartão de crédito,Entregue
838,2026-05-07,14:15,Sushi Fortaleza,Sushi,Fortaleza,179.88,37.0,3.0,Pix,Entregue
839,2026-02-14,23:55,Sabor Nordestino,Brasileira,Fortaleza,74.04,22.0,5.0,Cartão de débito,Entregue
840,2026-02-27,17:16,Churrasco & Cia,Churrasco,Caucaia,143.1,64.0,5.0,Pix,Entregue
841,2026-06-26,23:32,Pizza Express,Pizza,Fortaleza,168.26,43.0,4.0,Cartão de crédito,Cancelado
842,2026-06-06,19:50,Pizza Express,Pizza,Fortaleza,101.17,25.0,1.0,Cartão de débito,Entregue
843,2026-02-10,21:18,Açaí Tropical,Açaí,Maracanaú,137.21,21.0,2.0,Pix,Entregue
844,2026-02-05,11:54,Sushi Fortaleza,Sushi,Maracanaú,175.14,64.0,1.0,Cartão de débito,Entregue
845,2026-05-02,15:18,Burger House,Hambúrguer,Fortaleza,62.56,60.0,4.0,Pix,Entregue
846,2026-03-04,12:48,Tempero Cearense,Saudável,Eusébio,42.08,42.0,4.0,Dinheiro,Entregue
847,2026-05-13,22:43,Churrasco & Cia,Churrasco,Fortaleza,90.81,64.0,1.0,Cartão de crédito,Entregue
848,2026-03-22,16:49,Burger House,Hambúrguer,Maracanaú,29.83,63.0,1.0,Cartão de débito,Entregue
849,2026-01-15,20:45,Cantinho da Massa,Massas,Maracanaú,84.32,58.0,5.0,Pix,Entregue
850,2026-03-22,15:00,Cantinho da Massa,Massas,Eusébio,132.05,43.0,2.0,Dinheiro,Entregue
851,2026-06-16,16:49,Sushi Fortaleza,Sushi,Caucaia,33.48,49.0,3.0,Dinheiro,Entregue
852,2026-02-02,18:34,Cantinho da Massa,Massas,Eusébio,34.85,50.0,3.0,Pix,Entregue
853,2026-02-10,10:01,Cantinho da Massa,Massas,Eusébio,153.16,34.0,4.0,Cartão de crédito,Entregue
854,2026-04-06,14:40,Churrasco & Cia,Churrasco,Fortaleza,27.64,56.0,1.0,Dinheiro,Entregue
855,2026-01-02,17:21,Sushi Fortaleza,Sushi,Eusébio,76.05,33.0,5.0,Cartão de débito,Entregue
856,2026-05-14,21:15,Pizza Express,Pizza,Caucaia,102.63,27.0,3.0,Dinheiro,Entregue
857,2026-04-19,23:26,Pizza Express,Pizza,Fortaleza,29.95,23.0,4.0,Cartão de débito,Entregue
858,2026-04-05,20:33,Tempero Cearense,Saudável,Maracanaú,159.52,52.0,4.0,Dinheiro,Cancelado
859,2026-06-26,17:46,Tempero Cearense,Saudável,Eusébio,43.1,23.0,4.0,Dinheiro,Entregue
860,2026-06-30,18:55,Pizza Express,Pizza,Eusébio,92.87,17.0,2.0,Pix,Entregue
861,2026-01-31,19:54,Tempero Cearense,Saudável,Fortaleza,39.34,51.0,3.0,Cartão de crédito,Entregue
862,2026-01-31,15:19,Churrasco & Cia,Churrasco,Caucaia,67.04,16.0,2.0,Cartão de débito,Entregue
863,2026-04-18,10:59,Cantinho da Massa,Massas,Caucaia,54.49,67.0,4.0,Cartão de crédito,Entregue
864,2026-03-31,11:55,Sabor Nordestino,Brasileira,Maracanaú,96.99,34.0,5.0,Dinheiro,Entregue
865,2026-04-07,17:53,Burger House,Hambúrguer,Eusébio,100.76,44.0,4.0,Dinheiro,Entregue
866,2026-03-25,11:51,Tempero Cearense,Saudável,Maracanaú,57.25,40.0,3.0,Cartão de crédito,Cancelado
867,2026-04-24,21:17,Pizza Express,Pizza,Eusébio,133.15,51.0,3.0,Cartão de crédito,Entregue
868,2026-01-22,13:39,Sabor Nordestino,Brasileira,Eusébio,140.09,47.0,1.0,Cartão de crédito,Entregue
869,2026-05-17,12:01,Cantinho da Massa,Massas,Eusébio,59.25,60.0,5.0,Dinheiro,Entregue
870,2026-05-17,19:20,Tempero Cearense,Saudável,Fortaleza,98.64,16.0,3.0,Dinheiro,Entregue
871,2026-01-07,23:33,Churrasco & Cia,Churrasco,Maracanaú,61.15,22.0,1.0,Cartão de débito,Entregue
872,2026-02-16,14:49,Pizza Express,Pizza,Eusébio,69.09,41.0,2.0,Cartão de crédito,Entregue
873,2026-03-25,12:01,Sabor Nordestino,Brasileira,Caucaia,82.39,35.0,2.0,Dinheiro,Entregue
874,2026-03-08,16:52,Pizza Express,Pizza,Fortaleza,52.41,63.0,5.0,Cartão de débito,Entregue
875,2026-05-10,16:07,Cantinho da Massa,Massas,Fortaleza,70.93,50.0,4.0,Cartão de crédito,Entregue
876,2026-04-15,20:14,Sabor Nordestino,Brasileira,Caucaia,108.65,52.0,1.0,Cartão de débito,Entregue
877,2026-06-16,22:08,Cantinho da Massa,Massas,Maracanaú,91.36,69.0,5.0,Cartão de débito,Entregue
878,2026-02-06,15:34,Burger House,Hambúrguer,Eusébio,106.01,42.0,5.0,Dinheiro,Entregue
879,2026-04-29,23:39,Cantinho da Massa,Massas,Eusébio,20.09,45.0,3.0,Pix,Entregue
880,2026-04-08,15:53,Sushi Fortaleza,Sushi,Caucaia,27.28,62.0,5.0,Cartão de crédito,Entregue
881,2026-04-12,21:07,Burger House,Hambúrguer,Caucaia,160.52,28.0,5.0,Pix,Entregue
882,2026-03-29,20:16,Açaí Tropical,Açaí,Caucaia,59.35,35.0,3.0,Cartão de débito,Entregue
883,2026-06-03,15:01,Burger House,Hambúrguer,Fortaleza,117.41,15.0,1.0,Cartão de débito,Entregue
884,2026-06-28,21:31,Tempero Cearense,Saudável,Fortaleza,145.97,56.0,1.0,Cartão de crédito,Entregue
885,2026-06-21,17:43,Pizza Express,Pizza,Caucaia,175.53,39.0,5.0,Pix,Entregue
886,2026-06-28,10:07,Açaí Tropical,Açaí,Caucaia,169.8,43.0,1.0,Cartão de débito,Entregue
887,2026-03-13,20:58,Churrasco & Cia,Churrasco,Eusébio,34.39,54.0,3.0,Cartão de débito,Entregue
888,2026-05-07,15:02,Cantinho da Massa,Massas,Maracanaú,164.72,60.0,5.0,Cartão de débito,Entregue
889,2026-06-13,16:07,Cantinho da Massa,Massas,Maracanaú,47.28,27.0,5.0,Cartão de débito,Entregue
890,2026-02-02,21:04,Burger House,Hambúrguer,Caucaia,169.37,69.0,2.0,Pix,Entregue
891,2026-06-23,10:44,Cantinho da Massa,Massas,Maracanaú,20.31,42.0,1.0,Pix,Entregue
892,2026-04-15,14:07,Açaí Tropical,Açaí,Maracanaú,77.84,63.0,1.0,Cartão de débito,Entregue
893,2026-04-18,18:28,Churrasco & Cia,Churrasco,Fortaleza,82.7,36.0,1.0,Cartão de crédito,Cancelado
894,2026-02-27,21:27,Pizza Express,Pizza,Eusébio,51.5,36.0,3.0,Cartão de crédito,Entregue
895,2026-01-25,10:30,Tempero Cearense,Saudável,Fortaleza,114.8,55.0,3.0,Pix,Entregue
896,2026-05-02,13:21,Sabor Nordestino,Brasileira,Caucaia,103.15,30.0,1.0,Dinheiro,Entregue
897,2026-06-10,17:37,Pizza Express,Pizza,Fortaleza,175.92,17.0,4.0,Pix,Entregue
898,2026-06-27,11:50,Burger House,Hambúrguer,Fortaleza,167.06,43.0,1.0,Pix,Entregue
899,2026-04-21,11:06,Sabor Nordestino,Brasileira,Fortaleza,67.19,39.0,4.0,Cartão de crédito,Entregue
900,2026-04-16,13:55,Sabor Nordestino,Brasileira,Maracanaú,81.43,65.0,4.0,Cartão de crédito,Entregue
901,2026-06-22,22:01,Açaí Tropical,Açaí,Caucaia,114.05,21.0,1.0,Cartão de crédito,Entregue
902,2026-01-18,19:50,Sushi Fortaleza,Sushi,Eusébio,121.98,31.0,3.0,Dinheiro,Entregue
903,2026-06-08,17:11,Sushi Fortaleza,Sushi,Eusébio,147.52,18.0,2.0,Pix,Entregue
904,2026-05-12,20:48,Churrasco & Cia,Churrasco,Caucaia,113.39,49.0,2.0,Cartão de débito,Entregue
905,2026-06-04,15:18,Churrasco & Cia,Churrasco,Fortaleza,102.83,57.0,2.0,Cartão de crédito,Entregue
906,2026-05-24,23:03,Tempero Cearense,Saudável,Caucaia,51.27,27.0,2.0,Cartão de crédito,Entregue
907,2026-06-20,17:44,Açaí Tropical,Açaí,Caucaia,156.32,51.0,3.0,Pix,Entregue
908,2026-02-11,11:29,Sabor Nordestino,Brasileira,Maracanaú,55.1,15.0,2.0,Cartão de débito,Entregue
909,2026-02-24,13:30,Churrasco & Cia,Churrasco,Maracanaú,52.85,26.0,1.0,Pix,Entregue
910,2026-04-02,10:35,Pizza Express,Pizza,Eusébio,66.49,27.0,5.0,Pix,Entregue
911,2026-01-08,13:12,Cantinho da Massa,Massas,Eusébio,55.03,31.0,2.0,Pix,Entregue
912,2026-03-04,12:12,Sabor Nordestino,Brasileira,Eusébio,154.86,21.0,1.0,Cartão de débito,Entregue
913,2026-01-29,15:59,Sushi Fortaleza,Sushi,Caucaia,92.99,38.0,3.0,Cartão de débito,Entregue
914,2026-06-09,16:56,Pizza Express,Pizza,Fortaleza,43.11,23.0,2.0,Cartão de débito,Entregue
915,2026-06-27,15:20,Tempero Cearense,Saudável,Eusébio,167.36,63.0,5.0,Cartão de débito,Entregue
916,2026-03-17,22:09,Churrasco & Cia,Churrasco,Eusébio,28.52,65.0,3.0,Cartão de débito,Entregue
917,2026-05-30,17:13,Pizza Express,Pizza,Maracanaú,146.56,54.0,1.0,Cartão de débito,Entregue
918,2026-06-15,22:32,Churrasco & Cia,Churrasco,Maracanaú,103.02,26.0,3.0,Pix,Entregue
919,2026-05-04,21:31,Açaí Tropical,Açaí,Caucaia,112.99,55.0,5.0,Cartão de crédito,Entregue
920,2026-02-21,17:55,Sushi Fortaleza,Sushi,Maracanaú,54.97,42.0,4.0,Cartão de débito,Entregue
921,2026-04-06,14:35,Pizza Express,Pizza,Eusébio,140.26,33.0,4.0,Pix,Entregue
922,2026-01-11,17:32,Churrasco & Cia,Churrasco,Maracanaú,92.18,42.0,4.0,Pix,Entregue
923,2026-03-23,14:24,Sabor Nordestino,Brasileira,Eusébio,90.67,31.0,1.0,Pix,Entregue
924,2026-03-17,23:32,Pizza Express,Pizza,Caucaia,168.26,21.0,1.0,Cartão de crédito,Entregue
925,2026-05-20,13:21,Sushi Fortaleza,Sushi,Caucaia,60.0,62.0,3.0,Cartão de débito,Entregue
926,2026-02-05,23:48,Cantinho da Massa,Massas,Fortaleza,143.21,33.0,3.0,Dinheiro,Entregue
927,2026-05-29,22:41,Sabor Nordestino,Brasileira,Maracanaú,124.65,63.0,2.0,Dinheiro,Entregue
928,2026-02-23,17:14,Açaí Tropical,Açaí,Maracanaú,74.51,20.0,3.0,Cartão de débito,Entregue
929,2026-06-28,16:13,Açaí Tropical,Açaí,Maracanaú,156.47,16.0,3.0,Cartão de débito,Entregue
930,2026-02-02,14:47,Sabor Nordestino,Brasileira,Maracanaú,149.66,68.0,3.0,Pix,Entregue
931,2026-04-19,20:48,Tempero Cearense,Saudável,Caucaia,72.17,16.0,5.0,Cartão de crédito,Entregue
932,2026-02-09,15:36,Tempero Cearense,Saudável,Maracanaú,52.67,40.0,1.0,Dinheiro,Entregue
933,2026-01-28,15:36,Açaí Tropical,Açaí,Caucaia,34.92,21.0,5.0,Cartão de débito,Entregue
934,2026-06-26,19:31,Sabor Nordestino,Brasileira,Eusébio,51.84,39.0,3.0,Cartão de débito,Entregue
935,2026-06-18,18:04,Açaí Tropical,Açaí,Fortaleza,78.98,15.0,2.0,Pix,Entregue
936,2026-04-16,16:10,Pizza Express,Pizza,Eusébio,105.83,45.0,1.0,Dinheiro,Cancelado
937,2026-02-22,12:55,Sushi Fortaleza,Sushi,Caucaia,89.15,60.0,4.0,Cartão de débito,Entregue
938,2026-03-21,19:12,Açaí Tropical,Açaí,Caucaia,52.27,24.0,4.0,Cartão de crédito,Entregue
939,2026-06-04,22:15,Churrasco & Cia,Churrasco,Maracanaú,93.63,51.0,1.0,Cartão de crédito,Entregue
940,2026-04-27,15:44,Cantinho da Massa,Massas,Maracanaú,118.08,66.0,2.0,Dinheiro,Entregue
941,2026-06-08,21:27,Açaí Tropical,Açaí,Maracanaú,165.73,26.0,5.0,Cartão de crédito,Entregue
942,2026-01-12,13:56,Burger House,Hambúrguer,Caucaia,161.21,49.0,3.0,Cartão de crédito,Entregue
943,2026-02-25,17:26,Pizza Express,Pizza,Caucaia,32.25,21.0,5.0,Pix,Entregue
944,2026-02-12,14:13,Sabor Nordestino,Brasileira,Maracanaú,24.27,55.0,4.0,Dinheiro,Entregue
945,2026-04-13,23:12,Tempero Cearense,Saudável,Fortaleza,21.72,22.0,2.0,Pix,Entregue
946,2026-04-29,17:29,Pizza Express,Pizza,Fortaleza,107.75,30.0,4.0,Cartão de débito,Entregue
947,2026-03-13,23:10,Burger House,Hambúrguer,Fortaleza,117.12,26.0,3.0,Cartão de crédito,Entregue
948,2026-04-11,12:04,Sabor Nordestino,Brasileira,Caucaia,44.56,37.0,2.0,Cartão de débito,Entregue
949,2026-06-22,18:13,Açaí Tropical,Açaí,Fortaleza,153.84,66.0,5.0,Cartão de crédito,Entregue
950,2026-03-20,17:03,Sabor Nordestino,Brasileira,Fortaleza,143.59,64.0,2.0,Cartão de débito,Entregue
951,2026-03-03,13:05,Sabor Nordestino,Brasileira,Maracanaú,24.47,15.0,3.0,Cartão de débito,Entregue
952,2026-01-17,13:56,Pizza Express,Pizza,Eusébio,135.84,17.0,4.0,Cartão de crédito,Entregue
953,2026-03-24,18:40,Sushi Fortaleza,Sushi,Eusébio,169.49,40.0,4.0,Cartão de crédito,Entregue
954,2026-01-28,15:20,Burger House,Hambúrguer,Fortaleza,84.34,35.0,1.0,Dinheiro,Entregue
955,2026-02-26,11:42,Cantinho da Massa,Massas,Caucaia,27.03,28.0,4.0,Pix,Entregue
956,2026-05-08,11:45,Burger House,Hambúrguer,Caucaia,173.45,53.0,3.0,Dinheiro,Entregue
957,2026-06-27,12:21,Burger House,Hambúrguer,Caucaia,176.48,57.0,4.0,Cartão de crédito,Entregue
958,2026-06-05,19:28,Tempero Cearense,Saudável,Eusébio,100.55,60.0,1.0,Cartão de débito,Entregue
959,2026-02-01,14:15,Tempero Cearense,Saudável,Eusébio,119.16,18.0,2.0,Pix,Entregue
960,2026-02-21,12:24,Sushi Fortaleza,Sushi,Fortaleza,58.09,61.0,5.0,Dinheiro,Entregue
961,2026-03-26,12:17,Churrasco & Cia,Churrasco,Fortaleza,103.34,41.0,3.0,Cartão de crédito,Entregue
962,2026-03-26,15:15,Sushi Fortaleza,Sushi,Fortaleza,165.06,57.0,2.0,Cartão de débito,Entregue
963,2026-04-08,18:20,Burger House,Hambúrguer,Maracanaú,120.77,19.0,4.0,Cartão de crédito,Cancelado
964,2026-01-14,20:09,Sushi Fortaleza,Sushi,Eusébio,34.68,52.0,5.0,Cartão de débito,Entregue
965,2026-01-21,16:46,Açaí Tropical,Açaí,Caucaia,46.27,27.0,2.0,Dinheiro,Entregue
966,2026-03-05,14:18,Açaí Tropical,Açaí,Eusébio,63.5,65.0,4.0,Cartão de crédito,Cancelado
967,2026-04-03,16:24,Burger House,Hambúrguer,Maracanaú,90.62,47.0,5.0,Dinheiro,Entregue
968,2026-05-04,10:48,Tempero Cearense,Saudável,Maracanaú,156.65,63.0,3.0,Cartão de débito,Entregue
969,2026-02-14,14:24,Açaí Tropical,Açaí,Caucaia,92.58,39.0,5.0,Dinheiro,Entregue
970,2026-02-04,21:30,Sushi Fortaleza,Sushi,Eusébio,166.58,15.0,1.0,Pix,Entregue
971,2026-04-17,16:47,Churrasco & Cia,Churrasco,Maracanaú,98.33,56.0,5.0,Cartão de crédito,Entregue
972,2026-01-10,11:24,Burger House,Hambúrguer,Eusébio,142.07,31.0,3.0,Dinheiro,Entregue
973,2026-04-05,21:03,Tempero Cearense,Saudável,Maracanaú,137.71,30.0,4.0,Cartão de crédito,Entregue
974,2026-04-03,20:45,Sabor Nordestino,Brasileira,Eusébio,61.81,44.0,2.0,Pix,Entregue
975,2026-05-29,20:53,Burger House,Hambúrguer,Fortaleza,38.68,20.0,4.0,Dinheiro,Entregue
976,2026-01-21,18:58,Sushi Fortaleza,Sushi,Maracanaú,46.53,42.0,3.0,Pix,Entregue
977,2026-05-17,20:56,Tempero Cearense,Saudável,Caucaia,137.43,63.0,1.0,Cartão de crédito,Entregue
978,2026-03-30,23:09,Cantinho da Massa,Massas,Eusébio,168.8,40.0,3.0,Cartão de crédito,Cancelado
979,2026-05-06,10:06,Pizza Express,Pizza,Maracanaú,103.99,56.0,3.0,Dinheiro,Entregue
980,2026-04-06,12:45,Burger House,Hambúrguer,Eusébio,97.84,47.0,1.0,Dinheiro,Entregue
981,2026-02-24,12:12,Sabor Nordestino,Brasileira,Eusébio,149.47,27.0,3.0,Dinheiro,Entregue
982,2026-06-09,11:55,Burger House,Hambúrguer,Fortaleza,66.9,39.0,1.0,Pix,Entregue
983,2026-01-08,19:15,Açaí Tropical,Açaí,Maracanaú,127.65,21.0,1.0,Cartão de crédito,Entregue
984,2026-01-02,20:37,Sabor Nordestino,Brasileira,Fortaleza,53.77,65.0,1.0,Dinheiro,Entregue
985,2026-03-10,17:30,Churrasco & Cia,Churrasco,Maracanaú,73.85,58.0,3.0,Pix,Entregue
986,2026-04-03,20:25,Tempero Cearense,Saudável,Fortaleza,176.05,70.0,3.0,Cartão de crédito,Entregue
987,2026-06-28,16:46,Burger House,Hambúrguer,Fortaleza,116.31,70.0,5.0,Pix,Cancelado
988,2026-03-05,15:28,Açaí Tropical,Açaí,Maracanaú,125.64,15.0,3.0,Cartão de crédito,Entregue
989,2026-01-12,22:47,Churrasco & Cia,Churrasco,Maracanaú,57.37,46.0,4.0,Cartão de crédito,Entregue
990,2026-05-02,20:54,Pizza Express,Pizza,Maracanaú,67.02,27.0,2.0,Cartão de crédito,Entregue
991,2026-01-23,14:53,Açaí Tropical,Açaí,Eusébio,163.43,22.0,4.0,Cartão de débito,Entregue
992,2026-02-13,22:42,Pizza Express,Pizza,Fortaleza,89.58,60.0,1.0,Cartão de débito,Entregue
993,2026-03-25,16:49,Cantinho da Massa,Massas,Eusébio,135.07,57.0,4.0,Cartão de crédito,Entregue
994,2026-05-17,20:46,Açaí Tropical,Açaí,Fortaleza,147.29,36.0,2.0,Cartão de crédito,Entregue
995,2026-04-07,21:47,Tempero Cearense,Saudável,Maracanaú,149.35,29.0,3.0,Cartão de crédito,Entregue
996,2026-01-29,11:21,Sushi Fortaleza,Sushi,Fortaleza,111.65,23.0,3.0,Dinheiro,Entregue
997,2026-01-01,14:03,Sushi Fortaleza,Sushi,Maracanaú,176.78,35.0,3.0,Cartão de débito,Entregue
998,2026-06-04,19:14,Pizza Express,Pizza,Maracanaú,21.47,69.0,4.0,Pix,Entregue
999,2026-03-17,23:14,Açaí Tropical,Açaí,Maracanaú,43.59,33.0,2.0,Cartão de crédito,Entregue
1000,2026-03-21,18:44,Pizza Express,Pizza,Caucaia,179.5,60.0,5.0,Dinheiro,Entregue
1001,2026-02-25,17:18,Tempero Cearense,Saudável,Fortaleza,176.98,36.0,2.0,Cartão de débito,Entregue
1002,2026-02-27,21:47,Sabor Nordestino,Brasileira,Eusébio,157.08,61.0,4.0,Pix,Cancelado
1003,2026-06-18,23:10,Sabor Nordestino,Brasileira,Maracanaú,73.99,58.0,4.0,Pix,Entregue
1004,2026-04-11,11:33,Cantinho da Massa,Massas,Caucaia,131.42,27.0,5.0,Dinheiro,Entregue
1005,2026-03-24,22:50,Sabor Nordestino,Brasileira,Caucaia,93.21,25.0,5.0,Cartão de débito,Entregue
1006,2026-05-04,14:57,Burger House,Hambúrguer,Eusébio,54.9,62.0,2.0,Cartão de crédito,Entregue
1007,2026-05-28,11:43,Burger House,Hambúrguer,Maracanaú,172.06,42.0,2.0,Cartão de crédito,Entregue
1008,2026-05-02,12:03,Pizza Express,Pizza,Caucaia,114.94,24.0,4.0,Cartão de débito,Entregue
1009,2026-03-03,16:31,Cantinho da Massa,Massas,Eusébio,124.45,39.0,1.0,Dinheiro,Entregue
1010,2026-06-16,16:17,Açaí Tropical,Açaí,Caucaia,21.86,22.0,1.0,Cartão de crédito,Entregue
1011,2026-06-21,18:14,Sabor Nordestino,Brasileira,Maracanaú,63.8,62.0,1.0,Cartão de débito,Entregue
1012,2026-06-15,21:27,Cantinho da Massa,Massas,Eusébio,35.91,19.0,5.0,Cartão de débito,Entregue
1013,2026-06-29,10:25,Açaí Tropical,Açaí,Fortaleza,103.02,52.0,5.0,Cartão de crédito,Entregue
1014,2026-02-23,20:57,Pizza Express,Pizza,Eusébio,157.92,59.0,2.0,Cartão de crédito,Entregue
1015,2026-03-22,11:02,Burger House,Hambúrguer,Eusébio,124.42,20.0,5.0,Pix,Entregue
1016,2026-01-09,11:07,Cantinho da Massa,Massas,Caucaia,174.6,25.0,4.0,Cartão de crédito,Entregue
1017,2026-01-12,18:57,Cantinho da Massa,Massas,Maracanaú,42.38,46.0,3.0,Pix,Entregue
1018,2026-05-11,13:44,Pizza Express,Pizza,Fortaleza,57.94,27.0,2.0,Pix,Entregue
1019,2026-02-25,12:38,Sushi Fortaleza,Sushi,Caucaia,64.38,61.0,5.0,Dinheiro,Entregue
1020,2026-03-07,14:24,Burger House,Hambúrguer,Maracanaú,92.97,31.0,4.0,Cartão de débito,Entregue
1021,2026-01-19,20:46,Cantinho da Massa,Massas,Eusébio,134.31,51.0,5.0,Cartão de débito,Entregue
1022,2026-02-09,15:50,Tempero Cearense,Saudável,Maracanaú,24.15,53.0,2.0,Cartão de crédito,Entregue
1023,2026-05-17,11:43,Tempero Cearense,Saudável,Fortaleza,72.7,20.0,3.0,Pix,Entregue
1024,2026-02-07,23:51,Sushi Fortaleza,Sushi,Caucaia,21.58,39.0,2.0,Dinheiro,Cancelado
1025,2026-02-01,12:33,Cantinho da Massa,Massas,Maracanaú,35.29,37.0,5.0,Pix,Entregue
1026,2026-06-05,11:57,Sabor Nordestino,Brasileira,Eusébio,70.88,63.0,4.0,Cartão de débito,Entregue
1027,2026-06-23,22:34,Tempero Cearense,Saudável,Maracanaú,114.77,31.0,1.0,Cartão de débito,Entregue
1028,2026-02-06,16:36,Cantinho da Massa,Massas,Fortaleza,166.95,55.0,3.0,Cartão de débito,Entregue
1029,2026-04-18,21:29,Burger House,Hambúrguer,Maracanaú,177.8,66.0,4.0,Pix,Entregue
1030,2026-04-20,18:45,Sushi Fortaleza,Sushi,Caucaia,121.7,20.0,3.0,Dinheiro,Entregue
1031,2026-01-24,20:05,Pizza Express,Pizza,Eusébio,171.18,25.0,5.0,Cartão de crédito,Entregue
1032,2026-03-15,18:59,Açaí Tropical,Açaí,Fortaleza,173.95,42.0,5.0,Cartão de débito,Entregue
1033,2026-05-12,20:43,Pizza Express,Pizza,Maracanaú,22.22,27.0,1.0,Dinheiro,Entregue
1034,2026-03-30,13:47,Sabor Nordestino,Brasileira,Maracanaú,174.34,58.0,5.0,Cartão de débito,Entregue
1035,2026-04-04,23:08,Churrasco & Cia,Churrasco,Fortaleza,87.64,39.0,2.0,Pix,Cancelado
1036,2026-03-28,20:15,Pizza Express,Pizza,Caucaia,67.87,33.0,3.0,Cartão de débito,Entregue
1037,2026-06-11,19:25,Sushi Fortaleza,Sushi,Caucaia,168.66,56.0,5.0,Cartão de crédito,Entregue
1038,2026-06-08,23:31,Sabor Nordestino,Brasileira,Caucaia,20.94,44.0,3.0,Pix,Entregue
1039,2026-01-02,15:56,Burger House,Hambúrguer,Maracanaú,76.73,21.0,4.0,Dinheiro,Entregue
1040,2026-05-16,18:57,Burger House,Hambúrguer,Maracanaú,39.81,46.0,1.0,Cartão de débito,Entregue
1041,2026-03-06,13:30,Tempero Cearense,Saudável,Caucaia,67.89,42.0,2.0,Pix,Entregue
1042,2026-04-23,20:53,Açaí Tropical,Açaí,Eusébio,42.38,62.0,4.0,Cartão de crédito,Entregue
1043,2026-02-20,11:12,Cantinho da Massa,Massas,Fortaleza,41.39,41.0,3.0,Cartão de crédito,Entregue
1044,2026-02-20,17:42,Cantinho da Massa,Massas,Fortaleza,87.38,50.0,4.0,Cartão de débito,Entregue
1045,2026-04-13,18:46,Tempero Cearense,Saudável,Eusébio,37.56,21.0,1.0,Cartão de débito,Entregue
1046,2026-05-09,10:49,Sushi Fortaleza,Sushi,Fortaleza,128.53,36.0,4.0,Cartão de crédito,Entregue
1047,2026-03-16,14:31,Pizza Express,Pizza,Maracanaú,59.64,24.0,5.0,Cartão de débito,Entregue
1048,2026-01-30,23:16,Sushi Fortaleza,Sushi,Maracanaú,51.75,60.0,1.0,Cartão de débito,Entregue
1049,2026-06-01,20:40,Burger House,Hambúrguer,Eusébio,39.27,40.0,1.0,Pix,Cancelado
1050,2026-02-07,16:01,Sushi Fortaleza,Sushi,Fortaleza,158.3,39.0,4.0,Pix,Entregue
1051,2026-03-01,13:21,Tempero Cearense,Saudável,Maracanaú,29.82,42.0,1.0,Pix,Entregue
1052,2026-04-04,14:22,Tempero Cearense,Saudável,Eusébio,71.17,18.0,2.0,Cartão de crédito,Entregue
1053,2026-06-19,21:20,Sushi Fortaleza,Sushi,Caucaia,95.53,53.0,1.0,Dinheiro,Entregue
1054,2026-05-06,15:21,Cantinho da Massa,Massas,Fortaleza,35.5,15.0,5.0,Cartão de débito,Entregue
1055,2026-04-03,21:49,Churrasco & Cia,Churrasco,Eusébio,124.04,28.0,5.0,Dinheiro,Entregue
1056,2026-01-28,12:40,Pizza Express,Pizza,Fortaleza,113.85,56.0,2.0,Cartão de débito,Entregue
1057,2026-01-26,11:34,Churrasco & Cia,Churrasco,Caucaia,136.06,63.0,2.0,Cartão de débito,Entregue
1058,2026-02-19,16:35,Cantinho da Massa,Massas,Caucaia,163.19,43.0,1.0,Dinheiro,Entregue
1059,2026-04-18,18:59,Sabor Nordestino,Brasileira,Eusébio,115.86,59.0,2.0,Pix,Entregue
1060,2026-05-25,10:50,Sushi Fortaleza,Sushi,Maracanaú,99.2,49.0,5.0,Cartão de crédito,Entregue
1061,2026-05-11,16:35,Tempero Cearense,Saudável,Maracanaú,117.15,28.0,2.0,Cartão de crédito,Entregue
1062,2026-02-25,19:44,Sabor Nordestino,Brasileira,Maracanaú,100.61,61.0,5.0,Pix,Entregue
1063,2026-02-26,14:45,Cantinho da Massa,Massas,Fortaleza,47.38,17.0,5.0,Cartão de débito,Entregue
1064,2026-06-13,12:56,Cantinho da Massa,Massas,Eusébio,63.27,65.0,1.0,Cartão de débito,Cancelado
1065,2026-02-23,18:07,Sabor Nordestino,Brasileira,Caucaia,121.23,38.0,3.0,Cartão de crédito,Entregue
1066,2026-05-21,14:46,Burger House,Hambúrguer,Maracanaú,163.73,33.0,3.0,Cartão de crédito,Entregue
1067,2026-01-03,23:22,Sushi Fortaleza,Sushi,Caucaia,48.28,16.0,5.0,Cartão de crédito,Entregue
1068,2026-06-26,16:41,Cantinho da Massa,Massas,Eusébio,150.7,29.0,3.0,Pix,Entregue
1069,2026-06-11,22:54,Tempero Cearense,Saudável,Eusébio,91.37,61.0,4.0,Pix,Entregue
1070,2026-05-03,11:31,Burger House,Hambúrguer,Maracanaú,49.6,70.0,2.0,Cartão de débito,Entregue
1071,2026-02-16,20:18,Sabor Nordestino,Brasileira,Caucaia,46.07,26.0,4.0,Cartão de débito,Entregue
1072,2026-01-19,16:15,Açaí Tropical,Açaí,Maracanaú,36.04,48.0,2.0,Cartão de crédito,Entregue
1073,2026-04-07,16:01,Pizza Express,Pizza,Fortaleza,142.15,56.0,1.0,Cartão de débito,Entregue
1074,2026-01-22,14:09,Sabor Nordestino,Brasileira,Fortaleza,173.22,21.0,5.0,Pix,Entregue
1075,2026-01-22,13:08,Açaí Tropical,Açaí,Maracanaú,150.47,34.0,3.0,Dinheiro,Entregue
1076,2026-01-15,18:44,Cantinho da Massa,Massas,Fortaleza,23.39,17.0,1.0,Pix,Entregue
1077,2026-04-17,12:00,Sushi Fortaleza,Sushi,Fortaleza,56.27,39.0,2.0,Pix,Entregue
1078,2026-02-27,20:24,Pizza Express,Pizza,Maracanaú,47.13,22.0,2.0,Cartão de crédito,Cancelado
1079,2026-03-14,15:04,Churrasco & Cia,Churrasco,Fortaleza,77.68,20.0,1.0,Cartão de débito,Entregue
1080,2026-05-16,15:38,Burger House,Hambúrguer,Maracanaú,44.04,57.0,3.0,Pix,Entregue
1081,2026-01-27,14:58,Açaí Tropical,Açaí,Caucaia,169.26,66.0,1.0,Cartão de crédito,Entregue
1082,2026-02-08,22:41,Burger House,Hambúrguer,Caucaia,43.64,43.0,4.0,Cartão de crédito,Entregue
1083,2026-04-20,21:17,Burger House,Hambúrguer,Fortaleza,71.69,23.0,2.0,Dinheiro,Entregue
1084,2026-05-07,16:30,Tempero Cearense,Saudável,Caucaia,42.12,56.0,2.0,Dinheiro,Entregue
1085,2026-05-08,18:34,Açaí Tropical,Açaí,Eusébio,81.54,52.0,4.0,Cartão de débito,Entregue
1086,2026-03-02,15:00,Sushi Fortaleza,Sushi,Fortaleza,77.98,45.0,2.0,Cartão de crédito,Entregue
1087,2026-03-31,15:54,Burger House,Hambúrguer,Caucaia,93.66,68.0,5.0,Dinheiro,Entregue
1088,2026-02-27,10:47,Burger House,Hambúrguer,Fortaleza,173.93,60.0,2.0,Dinheiro,Entregue
1089,2026-06-28,16:23,Sabor Nordestino,Brasileira,Fortaleza,126.04,19.0,4.0,Cartão de débito,Entregue
1090,2026-04-04,12:05,Sushi Fortaleza,Sushi,Fortaleza,22.0,68.0,4.0,Cartão de débito,Entregue
1091,2026-05-01,21:08,Cantinho da Massa,Massas,Maracanaú,85.84,36.0,4.0,Cartão de crédito,Entregue
1092,2026-02-09,10:56,Sabor Nordestino,Brasileira,Eusébio,100.53,15.0,4.0,Dinheiro,Entregue
1093,2026-04-27,18:45,Cantinho da Massa,Massas,Caucaia,133.5,42.0,2.0,Pix,Cancelado
1094,2026-05-14,16:08,Sushi Fortaleza,Sushi,Maracanaú,119.05,29.0,4.0,Cartão de débito,Entregue
1095,2026-05-24,19:53,Pizza Express,Pizza,Maracanaú,96.39,56.0,4.0,Dinheiro,Entregue
1096,2026-04-06,20:27,Sushi Fortaleza,Sushi,Caucaia,37.34,19.0,3.0,Pix,Entregue
1097,2026-03-14,12:34,Pizza Express,Pizza,Fortaleza,53.91,15.0,3.0,Cartão de débito,Entregue
1098,2026-06-13,10:15,Cantinho da Massa,Massas,Fortaleza,176.27,51.0,1.0,Dinheiro,Entregue
1099,2026-03-22,11:19,Sabor Nordestino,Brasileira,Caucaia,140.27,40.0,5.0,Cartão de débito,Entregue
1100,2026-04-11,21:22,Burger House,Hambúrguer,Fortaleza,73.01,62.0,5.0,Cartão de crédito,Entregue
1101,2026-02-08,10:37,Tempero Cearense,Saudável,Maracanaú,113.82,69.0,1.0,Pix,Entregue
1102,2026-06-24,17:05,Pizza Express,Pizza,Eusébio,161.5,66.0,2.0,Cartão de débito,Cancelado
1103,2026-05-09,18:46,Churrasco & Cia,Churrasco,Maracanaú,145.66,36.0,3.0,Pix,Entregue
1104,2026-04-21,10:57,Tempero Cearense,Saudável,Eusébio,53.41,54.0,5.0,Cartão de crédito,Cancelado
1105,2026-05-26,20:31,Pizza Express,Pizza,Fortaleza,42.82,70.0,3.0,Cartão de crédito,Entregue
1106,2026-04-27,15:10,Cantinho da Massa,Massas,Eusébio,30.91,51.0,3.0,Pix,Entregue
1107,2026-02-15,21:49,Açaí Tropical,Açaí,Caucaia,177.78,31.0,4.0,Cartão de débito,Entregue
1108,2026-05-26,17:02,Churrasco & Cia,Churrasco,Caucaia,84.15,69.0,5.0,Cartão de débito,Entregue
1109,2026-05-12,23:39,Churrasco & Cia,Churrasco,Caucaia,33.36,41.0,5.0,Dinheiro,Entregue
1110,2026-06-24,10:39,Sabor Nordestino,Brasileira,Eusébio,131.96,50.0,1.0,Cartão de débito,Entregue
1111,2026-03-16,16:10,Tempero Cearense,Saudável,Fortaleza,55.69,70.0,4.0,Cartão de crédito,Entregue
1112,2026-04-30,20:34,Açaí Tropical,Açaí,Fortaleza,33.73,61.0,1.0,Dinheiro,Entregue
1113,2026-02-21,16:21,Pizza Express,Pizza,Caucaia,74.79,53.0,4.0,Cartão de débito,Entregue
1114,2026-05-02,11:17,Açaí Tropical,Açaí,Fortaleza,107.21,45.0,2.0,Cartão de débito,Entregue
1115,2026-01-09,19:49,Tempero Cearense,Saudável,Fortaleza,169.83,38.0,4.0,Dinheiro,Entregue
1116,2026-02-24,23:01,Tempero Cearense,Saudável,Caucaia,60.33,26.0,1.0,Cartão de débito,Entregue
1117,2026-04-14,11:19,Açaí Tropical,Açaí,Maracanaú,103.96,57.0,3.0,Cartão de débito,Entregue
1118,2026-01-24,16:21,Cantinho da Massa,Massas,Eusébio,51.78,41.0,4.0,Dinheiro,Entregue
1119,2026-02-11,21:27,Churrasco & Cia,Churrasco,Maracanaú,151.68,50.0,5.0,Cartão de débito,Entregue
1120,2026-06-20,19:39,Burger House,Hambúrguer,Caucaia,126.25,67.0,3.0,Cartão de crédito,Entregue
1121,2026-04-28,12:31,Churrasco & Cia,Churrasco,Fortaleza,146.72,58.0,4.0,Pix,Entregue
1122,2026-01-01,17:53,Burger House,Hambúrguer,Maracanaú,122.23,52.0,1.0,Cartão de crédito,Entregue
1123,2026-02-18,16:44,Burger House,Hambúrguer,Maracanaú,54.58,28.0,2.0,Cartão de crédito,Entregue
1124,2026-04-04,10:19,Cantinho da Massa,Massas,Fortaleza,131.89,56.0,4.0,Dinheiro,Entregue
1125,2026-04-01,23:34,Tempero Cearense,Saudável,Caucaia,38.14,26.0,4.0,Dinheiro,Entregue
1126,2026-05-22,19:10,Tempero Cearense,Saudável,Maracanaú,65.6,57.0,4.0,Pix,Entregue
1127,2026-01-26,11:51,Pizza Express,Pizza,Fortaleza,123.94,54.0,4.0,Cartão de crédito,Entregue
1128,2026-06-09,18:06,Açaí Tropical,Açaí,Fortaleza,126.83,69.0,4.0,Cartão de débito,Entregue
1129,2026-04-27,18:24,Pizza Express,Pizza,Eusébio,157.01,22.0,3.0,Dinheiro,Entregue
1130,2026-06-15,21:50,Tempero Cearense,Saudável,Fortaleza,170.34,65.0,2.0,Pix,Entregue
1131,2026-06-18,14:19,Tempero Cearense,Saudável,Eusébio,20.67,41.0,1.0,Cartão de crédito,Entregue
1132,2026-04-06,23:52,Churrasco & Cia,Churrasco,Caucaia,47.27,51.0,4.0,Cartão de débito,Entregue
1133,2026-04-11,13:39,Tempero Cearense,Saudável,Fortaleza,148.21,51.0,4.0,Cartão de débito,Entregue
1134,2026-04-10,21:11,Tempero Cearense,Saudável,Caucaia,102.76,42.0,2.0,Cartão de crédito,Entregue
1135,2026-02-02,18:07,Tempero Cearense,Saudável,Caucaia,153.97,25.0,3.0,Cartão de débito,Entregue
1136,2026-01-07,16:00,Burger House,Hambúrguer,Fortaleza,118.9,49.0,1.0,Dinheiro,Entregue
1137,2026-02-03,17:40,Churrasco & Cia,Churrasco,Eusébio,58.36,29.0,3.0,Cartão de débito,Entregue
1138,2026-03-04,21:49,Tempero Cearense,Saudável,Caucaia,125.48,32.0,1.0,Cartão de débito,Entregue
1139,2026-06-13,19:55,Pizza Express,Pizza,Fortaleza,93.46,53.0,1.0,Cartão de crédito,Entregue
1140,2026-03-09,12:05,Pizza Express,Pizza,Maracanaú,155.14,68.0,2.0,Dinheiro,Entregue
1141,2026-01-06,16:04,Açaí Tropical,Açaí,Fortaleza,53.65,41.0,4.0,Pix,Entregue
1142,2026-04-26,22:10,Burger House,Hambúrguer,Caucaia,21.62,26.0,5.0,Cartão de crédito,Entregue
1143,2026-03-29,15:30,Sabor Nordestino,Brasileira,Eusébio,103.48,31.0,1.0,Cartão de débito,Entregue
1144,2026-05-18,10:33,Burger House,Hambúrguer,Eusébio,158.7,22.0,2.0,Cartão de crédito,Entregue
1145,2026-02-26,11:46,Burger House,Hambúrguer,Caucaia,63.79,27.0,1.0,Pix,Entregue
1146,2026-06-16,14:29,Açaí Tropical,Açaí,Maracanaú,102.03,40.0,2.0,Pix,Entregue
1147,2026-06-25,23:56,Cantinho da Massa,Massas,Maracanaú,36.46,65.0,5.0,Pix,Entregue
1148,2026-02-22,21:31,Tempero Cearense,Saudável,Maracanaú,87.8,62.0,3.0,Pix,Entregue
1149,2026-06-05,16:27,Sushi Fortaleza,Sushi,Caucaia,79.83,55.0,1.0,Dinheiro,Entregue
1150,2026-01-09,18:16,Tempero Cearense,Saudável,Caucaia,116.62,56.0,5.0,Pix,Entregue
1151,2026-01-30,12:51,Churrasco & Cia,Churrasco,Maracanaú,146.54,37.0,2.0,Cartão de crédito,Entregue
1152,2026-04-06,15:09,Churrasco & Cia,Churrasco,Fortaleza,21.54,59.0,1.0,Pix,Entregue
1153,2026-05-26,22:20,Sushi Fortaleza,Sushi,Fortaleza,81.69,53.0,2.0,Cartão de débito,Entregue
1154,2026-03-13,21:38,Pizza Express,Pizza,Maracanaú,129.14,42.0,3.0,Pix,Entregue
1155,2026-01-13,22:31,Açaí Tropical,Açaí,Fortaleza,178.44,41.0,1.0,Cartão de crédito,Entregue
1156,2026-06-03,15:37,Tempero Cearense,Saudável,Eusébio,112.23,33.0,1.0,Cartão de crédito,Entregue
1157,2026-03-14,12:53,Tempero Cearense,Saudável,Fortaleza,163.33,48.0,1.0,Pix,Entregue
1158,2026-01-18,17:06,Tempero Cearense,Saudável,Caucaia,63.95,63.0,3.0,Dinheiro,Entregue
1159,2026-03-22,17:39,Sabor Nordestino,Brasileira,Maracanaú,67.75,44.0,4.0,Cartão de crédito,Entregue
1160,2026-06-08,11:01,Sushi Fortaleza,Sushi,Fortaleza,152.07,23.0,1.0,Pix,Entregue
1161,2026-04-22,13:10,Pizza Express,Pizza,Eusébio,135.86,66.0,3.0,Cartão de crédito,Entregue
1162,2026-01-14,14:56,Sabor Nordestino,Brasileira,Fortaleza,27.68,34.0,1.0,Pix,Entregue
1163,2026-06-06,22:51,Tempero Cearense,Saudável,Caucaia,131.79,23.0,5.0,Dinheiro,Entregue
1164,2026-03-23,23:09,Tempero Cearense,Saudável,Maracanaú,126.92,48.0,5.0,Cartão de débito,Entregue
1165,2026-06-19,17:17,Churrasco & Cia,Churrasco,Maracanaú,56.13,31.0,3.0,Cartão de crédito,Entregue
1166,2026-03-04,20:41,Sushi Fortaleza,Sushi,Fortaleza,32.02,46.0,1.0,Cartão de débito,Entregue
1167,2026-02-25,17:52,Tempero Cearense,Saudável,Eusébio,98.02,36.0,2.0,Pix,Entregue
1168,2026-03-21,21:29,Burger House,Hambúrguer,Fortaleza,166.26,29.0,3.0,Dinheiro,Cancelado
1169,2026-06-08,18:12,Tempero Cearense,Saudável,Eusébio,30.98,42.0,2.0,Pix,Cancelado
1170,2026-05-28,20:06,Burger House,Hambúrguer,Maracanaú,160.19,62.0,1.0,Cartão de débito,Entregue
1171,2026-04-28,12:17,Sabor Nordestino,Brasileira,Maracanaú,125.9,43.0,3.0,Pix,Entregue
1172,2026-05-21,11:22,Tempero Cearense,Saudável,Eusébio,44.1,47.0,4.0,Pix,Entregue
1173,2026-03-11,15:06,Sabor Nordestino,Brasileira,Maracanaú,137.12,42.0,2.0,Pix,Entregue
1174,2026-02-15,19:17,Açaí Tropical,Açaí,Maracanaú,37.47,18.0,2.0,Cartão de crédito,Entregue
1175,2026-01-14,10:36,Cantinho da Massa,Massas,Eusébio,30.54,21.0,3.0,Cartão de débito,Entregue
1176,2026-06-29,21:25,Tempero Cearense,Saudável,Maracanaú,36.21,61.0,3.0,Dinheiro,Entregue
1177,2026-02-22,15:40,Cantinho da Massa,Massas,Caucaia,137.42,21.0,2.0,Dinheiro,Entregue
1178,2026-06-26,13:10,Churrasco & Cia,Churrasco,Fortaleza,46.66,36.0,4.0,Cartão de débito,Cancelado
1179,2026-06-20,17:27,Churrasco & Cia,Churrasco,Fortaleza,48.4,31.0,1.0,Cartão de débito,Entregue
1180,2026-01-03,19:22,Açaí Tropical,Açaí,Fortaleza,98.13,30.0,4.0,Cartão de crédito,Entregue
1181,2026-01-05,19:43,Cantinho da Massa,Massas,Eusébio,104.04,25.0,2.0,Cartão de crédito,Entregue
1182,2026-03-27,17:31,Churrasco & Cia,Churrasco,Caucaia,126.15,31.0,3.0,Dinheiro,Entregue
1183,2026-04-01,14:45,Churrasco & Cia,Churrasco,Maracanaú,38.04,58.0,5.0,Cartão de crédito,Entregue
1184,2026-04-16,23:14,Burger House,Hambúrguer,Caucaia,99.65,30.0,5.0,Dinheiro,Entregue
1185,2026-01-23,13:58,Tempero Cearense,Saudável,Fortaleza,174.47,55.0,5.0,Dinheiro,Cancelado
1186,2026-05-15,12:16,Churrasco & Cia,Churrasco,Caucaia,82.56,41.0,3.0,Pix,Entregue
1187,2026-05-29,18:44,Churrasco & Cia,Churrasco,Fortaleza,89.35,44.0,5.0,Pix,Entregue
1188,2026-01-03,17:59,Burger House,Hambúrguer,Maracanaú,128.95,48.0,3.0,Cartão de débito,Entregue
1189,2026-03-15,11:51,Cantinho da Massa,Massas,Fortaleza,92.62,28.0,3.0,Cartão de crédito,Entregue
1190,2026-03-20,10:27,Churrasco & Cia,Churrasco,Fortaleza,27.98,23.0,3.0,Pix,Entregue
1191,2026-05-09,20:49,Burger House,Hambúrguer,Fortaleza,134.11,24.0,2.0,Dinheiro,Entregue
1192,2026-01-21,14:14,Sabor Nordestino,Brasileira,Maracanaú,169.27,30.0,4.0,Dinheiro,Entregue
1193,2026-01-26,14:58,Cantinho da Massa,Massas,Caucaia,47.73,42.0,3.0,Cartão de débito,Entregue
1194,2026-02-21,14:08,Tempero Cearense,Saudável,Eusébio,68.17,20.0,3.0,Dinheiro,Entregue
1195,2026-04-07,22:56,Tempero Cearense,Saudável,Fortaleza,42.18,43.0,3.0,Pix,Entregue
1196,2026-04-20,17:26,Tempero Cearense,Saudável,Maracanaú,24.43,50.0,1.0,Dinheiro,Entregue
1197,2026-02-05,19:58,Cantinho da Massa,Massas,Eusébio,112.85,38.0,2.0,Pix,Entregue
1198,2026-04-11,12:25,Sabor Nordestino,Brasileira,Maracanaú,149.2,70.0,5.0,Dinheiro,Entregue
1199,2026-01-22,10:17,Pizza Express,Pizza,Caucaia,115.09,67.0,3.0,Dinheiro,Entregue
1200,2026-01-16,11:47,Sabor Nordestino,Brasileira,Eusébio,102.6,50.0,4.0,Cartão de débito,Entregue
1201,2026-06-22,20:54,Burger House,Hambúrguer,Caucaia,120.52,61.0,1.0,Dinheiro,Entregue
1202,2026-02-21,11:04,Sabor Nordestino,Brasileira,Eusébio,116.61,22.0,5.0,Cartão de crédito,Entregue
1203,2026-01-27,17:01,Açaí Tropical,Açaí,Maracanaú,28.9,22.0,3.0,Dinheiro,Entregue
1204,2026-02-17,23:15,Cantinho da Massa,Massas,Maracanaú,157.49,54.0,1.0,Dinheiro,Entregue
1205,2026-01-06,12:09,Sushi Fortaleza,Sushi,Eusébio,101.84,59.0,5.0,Cartão de débito,Entregue
1206,2026-03-16,14:42,Pizza Express,Pizza,Maracanaú,78.77,32.0,4.0,Dinheiro,Entregue
1207,2026-01-28,17:26,Tempero Cearense,Saudável,Eusébio,24.48,44.0,1.0,Dinheiro,Entregue
1208,2026-03-19,10:41,Açaí Tropical,Açaí,Fortaleza,165.3,37.0,2.0,Dinheiro,Entregue
1209,2026-04-28,14:00,Burger House,Hambúrguer,Caucaia,100.1,70.0,5.0,Cartão de débito,Entregue
1210,2026-06-30,18:24,Pizza Express,Pizza,Eusébio,124.95,37.0,5.0,Pix,Entregue
1211,2026-02-05,14:50,Cantinho da Massa,Massas,Maracanaú,30.91,68.0,4.0,Dinheiro,Cancelado
1212,2026-06-05,20:11,Cantinho da Massa,Massas,Eusébio,131.64,52.0,5.0,Pix,Entregue
1213,2026-04-14,11:02,Sabor Nordestino,Brasileira,Eusébio,57.07,57.0,1.0,Dinheiro,Entregue
1214,2026-05-02,15:48,Sushi Fortaleza,Sushi,Eusébio,36.87,26.0,4.0,Dinheiro,Entregue
1215,2026-01-16,19:16,Pizza Express,Pizza,Fortaleza,155.49,19.0,4.0,Pix,Entregue
1216,2026-01-08,12:20,Pizza Express,Pizza,Maracanaú,80.42,55.0,5.0,Cartão de débito,Entregue
1217,2026-05-06,17:43,Cantinho da Massa,Massas,Eusébio,52.19,25.0,4.0,Cartão de débito,Entregue
1218,2026-01-07,20:42,Pizza Express,Pizza,Eusébio,25.32,23.0,1.0,Pix,Entregue
1219,2026-05-26,18:55,Pizza Express,Pizza,Caucaia,49.65,61.0,5.0,Dinheiro,Entregue
1220,2026-02-23,19:52,Açaí Tropical,Açaí,Caucaia,77.04,50.0,2.0,Cartão de crédito,Entregue
1221,2026-06-10,16:55,Pizza Express,Pizza,Fortaleza,40.35,48.0,3.0,Cartão de crédito,Entregue
1222,2026-03-01,10:38,Churrasco & Cia,Churrasco,Fortaleza,55.84,33.0,3.0,Dinheiro,Entregue
1223,2026-01-18,23:55,Burger House,Hambúrguer,Caucaia,31.96,51.0,2.0,Pix,Entregue
1224,2026-01-15,18:44,Pizza Express,Pizza,Maracanaú,169.91,31.0,1.0,Cartão de crédito,Entregue
1225,2026-03-08,13:21,Sabor Nordestino,Brasileira,Eusébio,52.68,67.0,3.0,Cartão de crédito,Entregue
1226,2026-01-19,22:36,Sabor Nordestino,Brasileira,Caucaia,176.97,41.0,5.0,Cartão de crédito,Entregue
1227,2026-05-03,12:17,Sabor Nordestino,Brasileira,Fortaleza,25.7,47.0,2.0,Pix,Entregue
1228,2026-03-19,22:54,Sushi Fortaleza,Sushi,Fortaleza,169.0,16.0,2.0,Dinheiro,Entregue
1229,2026-01-05,18:30,Sabor Nordestino,Brasileira,Maracanaú,142.51,59.0,2.0,Dinheiro,Entregue
1230,2026-05-21,12:07,Açaí Tropical,Açaí,Fortaleza,163.54,38.0,3.0,Cartão de débito,Entregue
1231,2026-01-15,13:14,Pizza Express,Pizza,Fortaleza,56.34,62.0,5.0,Cartão de crédito,Cancelado
1232,2026-01-04,23:46,Sushi Fortaleza,Sushi,Fortaleza,32.26,23.0,4.0,Cartão de débito,Entregue
1233,2026-03-22,15:38,Sushi Fortaleza,Sushi,Caucaia,40.75,40.0,4.0,Cartão de crédito,Entregue
1234,2026-01-20,14:34,Sushi Fortaleza,Sushi,Maracanaú,132.84,67.0,3.0,Cartão de débito,Entregue
1235,2026-03-19,15:49,Cantinho da Massa,Massas,Eusébio,104.3,32.0,3.0,Cartão de crédito,Entregue
1236,2026-04-16,21:39,Açaí Tropical,Açaí,Caucaia,32.55,23.0,5.0,Cartão de débito,Entregue
1237,2026-05-22,13:07,Churrasco & Cia,Churrasco,Eusébio,25.74,30.0,4.0,Dinheiro,Cancelado
1238,2026-01-06,17:53,Sabor Nordestino,Brasileira,Caucaia,64.47,39.0,3.0,Cartão de crédito,Entregue
1239,2026-06-06,16:31,Sabor Nordestino,Brasileira,Maracanaú,81.55,17.0,2.0,Cartão de débito,Entregue
1240,2026-06-18,16:34,Sabor Nordestino,Brasileira,Caucaia,25.01,63.0,3.0,Cartão de crédito,Entregue
1241,2026-03-28,23:58,Cantinho da Massa,Massas,Eusébio,141.16,36.0,5.0,Dinheiro,Entregue
1242,2026-01-15,22:06,Tempero Cearense,Saudável,Caucaia,157.36,49.0,4.0,Dinheiro,Entregue
1243,2026-05-26,22:33,Cantinho da Massa,Massas,Eusébio,173.65,44.0,2.0,Cartão de débito,Entregue
1244,2026-03-13,22:43,Cantinho da Massa,Massas,Fortaleza,179.81,64.0,5.0,Pix,Entregue
1245,2026-04-12,10:39,Cantinho da Massa,Massas,Caucaia,63.0,31.0,5.0,Cartão de crédito,Entregue
1246,2026-05-26,20:20,Cantinho da Massa,Massas,Eusébio,91.01,16.0,4.0,Cartão de crédito,Entregue
1247,2026-04-02,17:40,Sushi Fortaleza,Sushi,Maracanaú,29.37,20.0,3.0,Pix,Cancelado
1248,2026-04-23,12:16,Cantinho da Massa,Massas,Caucaia,159.05,23.0,2.0,Cartão de débito,Entregue
1249,2026-06-08,20:03,Sushi Fortaleza,Sushi,Fortaleza,124.74,26.0,5.0,Dinheiro,Entregue
1250,2026-01-11,18:45,Sushi Fortaleza,Sushi,Fortaleza,172.27,31.0,3.0,Cartão de crédito,Entregue
1251,2026-04-01,18:45,Sabor Nordestino,Brasileira,Eusébio,75.96,19.0,5.0,Dinheiro,Entregue
1252,2026-01-20,13:13,Churrasco & Cia,Churrasco,Caucaia,152.66,58.0,4.0,Cartão de crédito,Entregue
1253,2026-03-14,12:01,Churrasco & Cia,Churrasco,Caucaia,73.6,41.0,3.0,Dinheiro,Entregue
1254,2026-03-17,19:01,Burger House,Hambúrguer,Caucaia,27.14,24.0,5.0,Cartão de crédito,Entregue
1255,2026-02-24,22:20,Churrasco & Cia,Churrasco,Eusébio,80.61,52.0,1.0,Cartão de débito,Entregue
1256,2026-06-16,11:04,Sushi Fortaleza,Sushi,Maracanaú,106.23,22.0,5.0,Cartão de crédito,Entregue
1257,2026-06-18,18:33,Açaí Tropical,Açaí,Caucaia,63.07,68.0,5.0,Pix,Entregue
1258,2026-03-26,13:51,Churrasco & Cia,Churrasco,Eusébio,92.93,62.0,1.0,Cartão de débito,Entregue
1259,2026-04-15,15:05,Churrasco & Cia,Churrasco,Fortaleza,166.34,56.0,4.0,Cartão de débito,Entregue
1260,2026-04-18,13:36,Burger House,Hambúrguer,Eusébio,144.23,41.0,5.0,Cartão de débito,Entregue
1261,2026-03-15,15:20,Pizza Express,Pizza,Fortaleza,85.36,47.0,2.0,Dinheiro,Entregue
1262,2026-02-20,12:56,Açaí Tropical,Açaí,Fortaleza,46.68,41.0,3.0,Dinheiro,Entregue
1263,2026-02-02,23:02,Tempero Cearense,Saudável,Fortaleza,130.41,19.0,2.0,Dinheiro,Entregue
1264,2026-04-01,12:25,Sushi Fortaleza,Sushi,Caucaia,39.04,67.0,3.0,Cartão de crédito,Cancelado
1265,2026-01-12,11:47,Churrasco & Cia,Churrasco,Maracanaú,165.71,55.0,4.0,Dinheiro,Entregue
1266,2026-05-03,21:08,Burger House,Hambúrguer,Fortaleza,44.36,15.0,5.0,Pix,Entregue
1267,2026-04-27,16:20,Açaí Tropical,Açaí,Eusébio,101.39,52.0,3.0,Cartão de crédito,Entregue
1268,2026-05-07,15:03,Tempero Cearense,Saudável,Caucaia,71.65,35.0,2.0,Cartão de débito,Entregue
1269,2026-02-23,16:33,Cantinho da Massa,Massas,Caucaia,35.91,33.0,2.0,Cartão de crédito,Entregue
1270,2026-05-05,17:14,Burger House,Hambúrguer,Caucaia,170.27,31.0,5.0,Cartão de crédito,Entregue
1271,2026-06-20,14:09,Pizza Express,Pizza,Eusébio,108.35,47.0,2.0,Cartão de crédito,Entregue
1272,2026-01-11,18:34,Sushi Fortaleza,Sushi,Fortaleza,98.14,67.0,1.0,Pix,Entregue
1273,2026-05-27,16:46,Açaí Tropical,Açaí,Eusébio,152.97,33.0,1.0,Cartão de crédito,Entregue
1274,2026-04-21,17:16,Pizza Express,Pizza,Eusébio,178.89,61.0,1.0,Pix,Entregue
1275,2026-02-26,21:04,Churrasco & Cia,Churrasco,Eusébio,101.13,32.0,4.0,Cartão de crédito,Entregue
1276,2026-03-22,10:27,Pizza Express,Pizza,Caucaia,50.46,50.0,1.0,Cartão de crédito,Entregue
1277,2026-05-31,16:55,Sushi Fortaleza,Sushi,Eusébio,62.45,24.0,4.0,Cartão de débito,Entregue
1278,2026-03-14,12:12,Pizza Express,Pizza,Eusébio,20.51,19.0,4.0,Cartão de débito,Entregue
1279,2026-01-10,16:44,Cantinho da Massa,Massas,Maracanaú,120.96,30.0,3.0,Dinheiro,Entregue
1280,2026-02-16,14:53,Sushi Fortaleza,Sushi,Caucaia,126.88,46.0,4.0,Pix,Entregue
1281,2026-03-17,11:14,Pizza Express,Pizza,Caucaia,87.14,43.0,3.0,Cartão de débito,Entregue
1282,2026-01-30,12:29,Churrasco & Cia,Churrasco,Fortaleza,75.61,40.0,2.0,Dinheiro,Entregue
1283,2026-05-06,19:26,Sushi Fortaleza,Sushi,Fortaleza,66.55,47.0,2.0,Dinheiro,Entregue
1284,2026-03-24,14:43,Churrasco & Cia,Churrasco,Maracanaú,82.62,43.0,4.0,Dinheiro,Entregue
1285,2026-01-14,14:31,Sushi Fortaleza,Sushi,Caucaia,121.8,17.0,3.0,Dinheiro,Entregue
1286,2026-05-27,12:34,Sushi Fortaleza,Sushi,Fortaleza,171.66,54.0,5.0,Pix,Entregue
1287,2026-05-19,10:46,Sabor Nordestino,Brasileira,Maracanaú,34.44,60.0,3.0,Pix,Entregue
1288,2026-05-22,11:41,Sabor Nordestino,Brasileira,Eusébio,77.94,27.0,2.0,Dinheiro,Entregue
1289,2026-02-28,14:51,Burger House,Hambúrguer,Caucaia,73.04,28.0,5.0,Cartão de débito,Entregue
1290,2026-01-10,23:01,Pizza Express,Pizza,Maracanaú,146.61,17.0,2.0,Pix,Entregue
1291,2026-02-28,20:49,Sushi Fortaleza,Sushi,Fortaleza,63.59,22.0,4.0,Dinheiro,Entregue
1292,2026-03-11,23:05,Pizza Express,Pizza,Fortaleza,100.72,60.0,4.0,Cartão de crédito,Entregue
1293,2026-05-19,19:58,Burger House,Hambúrguer,Fortaleza,137.74,65.0,4.0,Cartão de débito,Entregue
1294,2026-03-21,22:20,Tempero Cearense,Saudável,Fortaleza,68.34,44.0,2.0,Cartão de crédito,Entregue
1295,2026-06-17,19:30,Tempero Cearense,Saudável,Caucaia,88.73,29.0,4.0,Pix,Entregue
1296,2026-06-29,18:32,Sushi Fortaleza,Sushi,Maracanaú,22.75,46.0,4.0,Pix,Entregue
1297,2026-01-28,17:14,Sabor Nordestino,Brasileira,Maracanaú,143.39,43.0,3.0,Dinheiro,Entregue
1298,2026-06-14,14:21,Burger House,Hambúrguer,Fortaleza,35.26,25.0,2.0,Dinheiro,Entregue
1299,2026-01-22,12:25,Açaí Tropical,Açaí,Eusébio,29.43,46.0,3.0,Dinheiro,Entregue
1300,2026-03-28,23:09,Sabor Nordestino,Brasileira,Caucaia,130.24,53.0,4.0,Cartão de crédito,Entregue
1301,2026-02-23,22:35,Açaí Tropical,Açaí,Maracanaú,70.08,56.0,2.0,Pix,Entregue
1302,2026-05-04,18:35,Pizza Express,Pizza,Fortaleza,88.11,19.0,4.0,Cartão de débito,Entregue
1303,2026-02-11,18:47,Pizza Express,Pizza,Eusébio,51.58,70.0,1.0,Cartão de crédito,Entregue
1304,2026-05-07,12:40,Açaí Tropical,Açaí,Eusébio,139.84,50.0,4.0,Dinheiro,Entregue
1305,2026-01-31,16:18,Cantinho da Massa,Massas,Caucaia,118.42,38.0,5.0,Cartão de débito,Entregue
1306,2026-05-14,20:13,Churrasco & Cia,Churrasco,Caucaia,95.54,28.0,3.0,Cartão de débito,Entregue
1307,2026-05-02,10:20,Tempero Cearense,Saudável,Eusébio,44.06,19.0,1.0,Pix,Entregue
1308,2026-02-21,21:06,Açaí Tropical,Açaí,Caucaia,35.15,54.0,4.0,Cartão de débito,Entregue
1309,2026-06-12,18:56,Sushi Fortaleza,Sushi,Caucaia,120.61,27.0,3.0,Pix,Entregue
1310,2026-04-20,19:46,Cantinho da Massa,Massas,Caucaia,119.92,40.0,3.0,Cartão de débito,Entregue
1311,2026-02-09,11:46,Sushi Fortaleza,Sushi,Caucaia,48.53,51.0,1.0,Cartão de débito,Entregue
1312,2026-05-31,20:49,Tempero Cearense,Saudável,Caucaia,112.1,69.0,5.0,Pix,Cancelado
1313,2026-06-07,20:58,Açaí Tropical,Açaí,Eusébio,46.9,65.0,2.0,Cartão de débito,Entregue
1314,2026-06-07,12:09,Burger House,Hambúrguer,Maracanaú,159.94,35.0,1.0,Cartão de crédito,Entregue
1315,2026-04-23,16:42,Açaí Tropical,Açaí,Caucaia,68.41,63.0,1.0,Cartão de débito,Entregue
1316,2026-04-07,22:24,Açaí Tropical,Açaí,Caucaia,69.88,48.0,3.0,Cartão de crédito,Entregue
1317,2026-02-24,12:40,Cantinho da Massa,Massas,Eusébio,154.38,50.0,4.0,Dinheiro,Entregue
1318,2026-03-06,20:07,Tempero Cearense,Saudável,Caucaia,48.48,70.0,3.0,Dinheiro,Entregue
1319,2026-03-30,21:27,Sushi Fortaleza,Sushi,Eusébio,81.19,26.0,1.0,Cartão de débito,Entregue
1320,2026-05-15,13:00,Cantinho da Massa,Massas,Caucaia,35.06,38.0,3.0,Cartão de crédito,Entregue
1321,2026-01-09,20:17,Açaí Tropical,Açaí,Maracanaú,27.03,59.0,3.0,Pix,Entregue
1322,2026-05-27,23:01,Açaí Tropical,Açaí,Maracanaú,98.45,45.0,5.0,Cartão de crédito,Entregue
1323,2026-01-08,19:57,Burger House,Hambúrguer,Eusébio,159.35,23.0,1.0,Dinheiro,Entregue
1324,2026-01-31,10:28,Sabor Nordestino,Brasileira,Caucaia,35.6,49.0,3.0,Cartão de débito,Entregue
1325,2026-01-05,15:53,Churrasco & Cia,Churrasco,Eusébio,164.92,52.0,3.0,Cartão de crédito,Entregue
1326,2026-04-14,16:53,Sabor Nordestino,Brasileira,Fortaleza,50.87,63.0,5.0,Cartão de débito,Entregue
1327,2026-01-22,12:28,Sabor Nordestino,Brasileira,Caucaia,117.36,59.0,5.0,Dinheiro,Entregue
1328,2026-01-01,14:17,Churrasco & Cia,Churrasco,Fortaleza,74.63,51.0,1.0,Dinheiro,Entregue
1329,2026-01-24,12:46,Pizza Express,Pizza,Eusébio,70.8,55.0,1.0,Cartão de débito,Entregue
1330,2026-02-25,20:23,Açaí Tropical,Açaí,Fortaleza,160.35,30.0,3.0,Cartão de débito,Entregue
1331,2026-02-03,14:03,Tempero Cearense,Saudável,Caucaia,48.48,23.0,5.0,Pix,Entregue
1332,2026-02-18,14:56,Sushi Fortaleza,Sushi,Eusébio,176.68,31.0,4.0,Pix,Entregue
1333,2026-04-01,19:23,Churrasco & Cia,Churrasco,Maracanaú,152.72,58.0,2.0,Cartão de crédito,Entregue
1334,2026-05-30,16:09,Sushi Fortaleza,Sushi,Maracanaú,75.51,66.0,3.0,Cartão de débito,Entregue
1335,2026-05-09,18:53,Cantinho da Massa,Massas,Fortaleza,102.12,28.0,3.0,Cartão de débito,Entregue
1336,2026-01-09,11:33,Burger House,Hambúrguer,Maracanaú,42.37,52.0,3.0,Pix,Entregue
1337,2026-06-18,19:57,Sabor Nordestino,Brasileira,Caucaia,132.21,55.0,3.0,Cartão de crédito,Entregue
1338,2026-05-02,15:21,Pizza Express,Pizza,Eusébio,166.1,34.0,2.0,Dinheiro,Entregue
1339,2026-01-06,17:51,Açaí Tropical,Açaí,Maracanaú,136.95,45.0,2.0,Pix,Entregue
1340,2026-06-03,15:30,Tempero Cearense,Saudável,Caucaia,26.42,29.0,5.0,Cartão de crédito,Entregue
1341,2026-03-10,19:25,Sabor Nordestino,Brasileira,Eusébio,101.95,34.0,5.0,Cartão de débito,Cancelado
1342,2026-05-26,22:08,Burger House,Hambúrguer,Caucaia,146.17,18.0,1.0,Pix,Entregue
1343,2026-02-06,22:22,Açaí Tropical,Açaí,Maracanaú,46.45,15.0,2.0,Cartão de débito,Entregue
1344,2026-03-19,14:05,Burger House,Hambúrguer,Eusébio,157.24,42.0,1.0,Cartão de débito,Entregue
1345,2026-05-23,23:49,Churrasco & Cia,Churrasco,Fortaleza,96.38,37.0,1.0,Dinheiro,Entregue
1346,2026-04-11,21:13,Açaí Tropical,Açaí,Maracanaú,153.02,60.0,2.0,Cartão de crédito,Entregue
1347,2026-03-23,22:59,Burger House,Hambúrguer,Maracanaú,143.72,33.0,4.0,Dinheiro,Entregue
1348,2026-03-30,17:42,Sabor Nordestino,Brasileira,Eusébio,161.69,26.0,2.0,Pix,Entregue
1349,2026-05-09,23:00,Tempero Cearense,Saudável,Fortaleza,123.29,23.0,4.0,Cartão de débito,Entregue
1350,2026-03-19,16:05,Churrasco & Cia,Churrasco,Maracanaú,124.65,42.0,2.0,Pix,Entregue
1351,2026-06-22,23:30,Sabor Nordestino,Brasileira,Caucaia,173.36,41.0,2.0,Cartão de débito,Entregue
1352,2026-05-13,23:06,Açaí Tropical,Açaí,Fortaleza,75.41,61.0,1.0,Dinheiro,Entregue
1353,2026-01-04,12:20,Burger House,Hambúrguer,Maracanaú,129.81,15.0,4.0,Dinheiro,Entregue
1354,2026-01-14,14:27,Cantinho da Massa,Massas,Fortaleza,116.58,66.0,4.0,Pix,Entregue
1355,2026-03-27,23:34,Churrasco & Cia,Churrasco,Fortaleza,145.68,42.0,5.0,Dinheiro,Entregue
1356,2026-01-21,12:00,Churrasco & Cia,Churrasco,Caucaia,51.62,67.0,5.0,Dinheiro,Entregue
1357,2026-04-29,14:02,Pizza Express,Pizza,Maracanaú,93.64,18.0,5.0,Pix,Entregue
1358,2026-03-28,20:18,Sabor Nordestino,Brasileira,Caucaia,48.6,37.0,4.0,Cartão de crédito,Entregue
1359,2026-03-18,20:02,Pizza Express,Pizza,Caucaia,137.1,49.0,4.0,Cartão de débito,Entregue
1360,2026-05-17,11:08,Burger House,Hambúrguer,Maracanaú,88.98,32.0,3.0,Dinheiro,Entregue
1361,2026-03-04,23:57,Açaí Tropical,Açaí,Fortaleza,32.25,38.0,1.0,Cartão de débito,Entregue
1362,2026-06-13,22:56,Pizza Express,Pizza,Maracanaú,102.02,61.0,1.0,Pix,Entregue
1363,2026-03-19,16:25,Sabor Nordestino,Brasileira,Eusébio,172.06,31.0,1.0,Dinheiro,Cancelado
1364,2026-02-19,19:16,Cantinho da Massa,Massas,Eusébio,131.08,18.0,3.0,Dinheiro,Entregue
1365,2026-04-22,14:47,Burger House,Hambúrguer,Caucaia,100.25,17.0,5.0,Dinheiro,Entregue
1366,2026-06-23,14:17,Sabor Nordestino,Brasileira,Maracanaú,53.14,65.0,4.0,Cartão de débito,Entregue
1367,2026-04-29,19:50,Churrasco & Cia,Churrasco,Fortaleza,55.41,16.0,3.0,Cartão de débito,Entregue
1368,2026-03-15,21:45,Açaí Tropical,Açaí,Maracanaú,121.56,36.0,5.0,Dinheiro,Entregue
1369,2026-05-23,10:21,Churrasco & Cia,Churrasco,Caucaia,75.42,43.0,2.0,Dinheiro,Entregue
1370,2026-05-08,13:34,Burger House,Hambúrguer,Maracanaú,60.91,17.0,5.0,Cartão de crédito,Entregue
1371,2026-05-24,15:05,Sushi Fortaleza,Sushi,Caucaia,68.65,63.0,3.0,Dinheiro,Entregue
1372,2026-01-08,12:39,Burger House,Hambúrguer,Caucaia,110.38,41.0,1.0,Pix,Entregue
1373,2026-05-06,13:24,Burger House,Hambúrguer,Maracanaú,117.14,69.0,1.0,Cartão de crédito,Entregue
1374,2026-02-24,11:36,Cantinho da Massa,Massas,Eusébio,158.38,64.0,4.0,Dinheiro,Entregue
1375,2026-02-25,16:57,Cantinho da Massa,Massas,Caucaia,143.28,55.0,1.0,Pix,Entregue
1376,2026-05-17,16:14,Tempero Cearense,Saudável,Maracanaú,141.09,33.0,4.0,Cartão de débito,Entregue
1377,2026-02-15,16:18,Sabor Nordestino,Brasileira,Caucaia,142.07,56.0,2.0,Cartão de crédito,Entregue
1378,2026-06-17,16:26,Tempero Cearense,Saudável,Eusébio,121.83,54.0,2.0,Cartão de débito,Entregue
1379,2026-05-09,11:38,Tempero Cearense,Saudável,Fortaleza,72.0,30.0,2.0,Dinheiro,Entregue
1380,2026-04-05,10:47,Tempero Cearense,Saudável,Eusébio,156.05,25.0,4.0,Pix,Entregue
1381,2026-03-03,12:30,Sushi Fortaleza,Sushi,Caucaia,41.22,19.0,1.0,Cartão de débito,Entregue
1382,2026-04-28,13:43,Açaí Tropical,Açaí,Eusébio,147.48,44.0,5.0,Cartão de crédito,Entregue
1383,2026-03-26,23:58,Burger House,Hambúrguer,Eusébio,93.95,19.0,1.0,Cartão de crédito,Entregue
1384,2026-04-15,23:33,Açaí Tropical,Açaí,Maracanaú,31.26,41.0,3.0,Cartão de crédito,Entregue
1385,2026-06-05,20:34,Sabor Nordestino,Brasileira,Maracanaú,96.93,61.0,1.0,Pix,Entregue
1386,2026-01-11,15:25,Açaí Tropical,Açaí,Maracanaú,145.99,21.0,2.0,Pix,Entregue
1387,2026-05-29,22:50,Pizza Express,Pizza,Eusébio,78.63,57.0,3.0,Cartão de débito,Entregue
1388,2026-05-04,13:16,Pizza Express,Pizza,Caucaia,122.73,19.0,4.0,Dinheiro,Entregue
1389,2026-03-08,15:18,Açaí Tropical,Açaí,Caucaia,145.98,59.0,3.0,Pix,Entregue
1390,2026-02-05,12:33,Cantinho da Massa,Massas,Fortaleza,55.36,38.0,5.0,Pix,Entregue
1391,2026-03-20,21:10,Cantinho da Massa,Massas,Maracanaú,134.09,58.0,3.0,Cartão de débito,Entregue
1392,2026-06-27,12:09,Cantinho da Massa,Massas,Maracanaú,61.17,29.0,1.0,Cartão de débito,Entregue
1393,2026-02-07,19:00,Cantinho da Massa,Massas,Caucaia,135.38,62.0,5.0,Dinheiro,Entregue
1394,2026-02-13,15:41,Burger House,Hambúrguer,Caucaia,103.73,39.0,4.0,Cartão de débito,Entregue
1395,2026-05-04,12:30,Tempero Cearense,Saudável,Fortaleza,127.0,19.0,3.0,Cartão de débito,Entregue
1396,2026-02-27,12:17,Pizza Express,Pizza,Eusébio,77.04,44.0,5.0,Cartão de crédito,Entregue
1397,2026-05-15,13:47,Sushi Fortaleza,Sushi,Caucaia,126.28,40.0,1.0,Pix,Entregue
1398,2026-03-11,18:34,Pizza Express,Pizza,Fortaleza,91.46,48.0,2.0,Cartão de débito,Entregue
1399,2026-02-16,21:59,Sushi Fortaleza,Sushi,Eusébio,130.34,44.0,2.0,Cartão de crédito,Cancelado
1400,2026-03-10,18:17,Pizza Express,Pizza,Eusébio,137.33,19.0,2.0,Pix,Entregue
1401,2026-02-28,13:37,Açaí Tropical,Açaí,Maracanaú,35.72,65.0,1.0,Pix,Entregue
1402,2026-01-19,13:30,Pizza Express,Pizza,Maracanaú,33.34,27.0,1.0,Cartão de débito,Entregue
1403,2026-03-18,19:00,Tempero Cearense,Saudável,Fortaleza,135.2,43.0,2.0,Dinheiro,Cancelado
1404,2026-03-06,22:26,Cantinho da Massa,Massas,Maracanaú,120.98,36.0,5.0,Dinheiro,Entregue
1405,2026-06-15,14:16,Sushi Fortaleza,Sushi,Caucaia,64.05,50.0,5.0,Pix,Entregue
1406,2026-01-29,22:11,Açaí Tropical,Açaí,Fortaleza,71.07,47.0,4.0,Dinheiro,Entregue
1407,2026-01-17,22:27,Cantinho da Massa,Massas,Fortaleza,168.05,43.0,3.0,Cartão de débito,Entregue
1408,2026-01-28,22:14,Sushi Fortaleza,Sushi,Caucaia,100.28,35.0,5.0,Dinheiro,Entregue
1409,2026-03-18,19:13,Burger House,Hambúrguer,Caucaia,45.02,64.0,4.0,Cartão de débito,Entregue
1410,2026-06-06,20:10,Churrasco & Cia,Churrasco,Maracanaú,124.56,65.0,4.0,Pix,Entregue
1411,2026-03-09,17:59,Cantinho da Massa,Massas,Caucaia,43.2,36.0,3.0,Pix,Entregue
1412,2026-04-19,19:25,Tempero Cearense,Saudável,Fortaleza,141.96,40.0,1.0,Dinheiro,Entregue
1413,2026-02-05,17:49,Cantinho da Massa,Massas,Fortaleza,150.97,27.0,2.0,Pix,Entregue
1414,2026-04-06,10:20,Tempero Cearense,Saudável,Maracanaú,72.11,50.0,2.0,Cartão de débito,Entregue
1415,2026-04-23,23:17,Pizza Express,Pizza,Fortaleza,58.9,35.0,4.0,Dinheiro,Cancelado
1416,2026-01-12,22:42,Tempero Cearense,Saudável,Maracanaú,59.98,53.0,5.0,Dinheiro,Entregue
1417,2026-01-15,20:21,Cantinho da Massa,Massas,Caucaia,90.1,33.0,1.0,Dinheiro,Entregue
1418,2026-01-19,15:49,Tempero Cearense,Saudável,Eusébio,159.83,52.0,3.0,Cartão de débito,Entregue
1419,2026-04-23,13:20,Cantinho da Massa,Massas,Caucaia,130.33,23.0,1.0,Pix,Cancelado
1420,2026-04-03,22:28,Sushi Fortaleza,Sushi,Eusébio,71.4,29.0,4.0,Pix,Entregue
1421,2026-06-23,21:16,Cantinho da Massa,Massas,Fortaleza,42.44,56.0,4.0,Dinheiro,Entregue
1422,2026-05-05,22:03,Sabor Nordestino,Brasileira,Caucaia,22.59,42.0,1.0,Pix,Entregue
1423,2026-05-06,14:36,Churrasco & Cia,Churrasco,Fortaleza,137.51,51.0,1.0,Cartão de crédito,Entregue
1424,2026-05-12,23:54,Pizza Express,Pizza,Maracanaú,117.61,27.0,1.0,Dinheiro,Entregue
1425,2026-04-30,17:56,Burger House,Hambúrguer,Caucaia,31.68,56.0,5.0,Pix,Entregue
1426,2026-06-27,21:52,Tempero Cearense,Saudável,Fortaleza,84.23,33.0,1.0,Dinheiro,Entregue
1427,2026-02-27,15:27,Burger House,Hambúrguer,Caucaia,156.89,52.0,3.0,Dinheiro,Entregue
1428,2026-02-21,22:52,Churrasco & Cia,Churrasco,Eusébio,50.22,24.0,2.0,Pix,Entregue
1429,2026-01-07,18:38,Sabor Nordestino,Brasileira,Eusébio,106.41,19.0,3.0,Pix,Entregue
1430,2026-06-18,13:12,Cantinho da Massa,Massas,Eusébio,87.89,32.0,2.0,Cartão de débito,Entregue
1431,2026-01-07,12:56,Açaí Tropical,Açaí,Fortaleza,153.47,39.0,1.0,Dinheiro,Entregue
1432,2026-02-23,16:03,Açaí Tropical,Açaí,Maracanaú,83.87,28.0,4.0,Cartão de crédito,Entregue
1433,2026-02-14,18:58,Pizza Express,Pizza,Eusébio,141.06,22.0,4.0,Pix,Entregue
1434,2026-03-23,16:12,Sushi Fortaleza,Sushi,Fortaleza,147.97,38.0,4.0,Pix,Entregue
1435,2026-04-27,10:00,Tempero Cearense,Saudável,Maracanaú,84.05,69.0,1.0,Pix,Entregue
1436,2026-03-21,23:04,Tempero Cearense,Saudável,Caucaia,56.7,59.0,1.0,Dinheiro,Entregue
1437,2026-01-05,14:46,Churrasco & Cia,Churrasco,Fortaleza,42.52,30.0,2.0,Cartão de crédito,Entregue
1438,2026-02-09,12:44,Açaí Tropical,Açaí,Fortaleza,29.79,66.0,2.0,Pix,Entregue
1439,2026-04-17,23:10,Tempero Cearense,Saudável,Eusébio,47.94,48.0,2.0,Cartão de débito,Entregue
1440,2026-01-29,22:10,Sabor Nordestino,Brasileira,Maracanaú,52.65,40.0,3.0,Pix,Entregue
1441,2026-01-08,22:01,Churrasco & Cia,Churrasco,Fortaleza,162.21,17.0,2.0,Dinheiro,Entregue
1442,2026-04-07,22:38,Burger House,Hambúrguer,Eusébio,36.02,37.0,2.0,Cartão de crédito,Entregue
1443,2026-01-17,11:30,Açaí Tropical,Açaí,Maracanaú,156.98,49.0,4.0,Cartão de débito,Entregue
1444,2026-06-13,10:19,Açaí Tropical,Açaí,Maracanaú,163.93,31.0,2.0,Pix,Entregue
1445,2026-04-04,19:42,Pizza Express,Pizza,Maracanaú,98.85,68.0,5.0,Cartão de débito,Entregue
1446,2026-05-12,12:51,Burger House,Hambúrguer,Eusébio,125.47,62.0,1.0,Dinheiro,Entregue
1447,2026-06-07,11:15,Sushi Fortaleza,Sushi,Caucaia,49.54,57.0,3.0,Pix,Entregue
1448,2026-04-29,20:37,Cantinho da Massa,Massas,Eusébio,72.47,38.0,2.0,Cartão de crédito,Entregue
1449,2026-04-09,20:03,Sushi Fortaleza,Sushi,Eusébio,22.29,55.0,1.0,Cartão de débito,Entregue
1450,2026-03-24,10:36,Açaí Tropical,Açaí,Maracanaú,157.23,27.0,5.0,Dinheiro,Entregue
1451,2026-02-24,17:39,Cantinho da Massa,Massas,Maracanaú,38.85,32.0,5.0,Pix,Entregue
1452,2026-02-17,14:21,Açaí Tropical,Açaí,Maracanaú,126.12,57.0,3.0,Pix,Entregue
1453,2026-04-04,16:41,Sabor Nordestino,Brasileira,Eusébio,35.13,44.0,1.0,Cartão de crédito,Entregue
1454,2026-03-17,12:55,Churrasco & Cia,Churrasco,Caucaia,92.41,50.0,1.0,Cartão de débito,Entregue
1455,2026-05-11,13:09,Sushi Fortaleza,Sushi,Fortaleza,51.79,62.0,3.0,Cartão de débito,Entregue
1456,2026-05-16,18:03,Churrasco & Cia,Churrasco,Eusébio,130.99,48.0,2.0,Pix,Entregue
1457,2026-06-24,12:40,Sushi Fortaleza,Sushi,Eusébio,106.53,54.0,4.0,Cartão de débito,Entregue
1458,2026-04-13,14:24,Tempero Cearense,Saudável,Maracanaú,94.88,23.0,3.0,Cartão de crédito,Entregue
1459,2026-05-23,20:19,Sushi Fortaleza,Sushi,Fortaleza,29.48,41.0,2.0,Cartão de débito,Entregue
1460,2026-02-11,22:51,Sushi Fortaleza,Sushi,Maracanaú,145.81,56.0,4.0,Dinheiro,Entregue
1461,2026-03-05,23:22,Pizza Express,Pizza,Eusébio,174.14,32.0,2.0,Dinheiro,Entregue
1462,2026-05-30,20:09,Sushi Fortaleza,Sushi,Maracanaú,42.79,32.0,3.0,Cartão de crédito,Entregue
1463,2026-05-14,14:33,Pizza Express,Pizza,Maracanaú,57.15,43.0,3.0,Cartão de crédito,Entregue
1464,2026-06-06,17:09,Pizza Express,Pizza,Caucaia,160.04,17.0,4.0,Pix,Entregue
1465,2026-04-30,16:37,Burger House,Hambúrguer,Maracanaú,141.35,29.0,5.0,Cartão de crédito,Entregue
1466,2026-06-04,19:55,Churrasco & Cia,Churrasco,Eusébio,159.1,57.0,4.0,Dinheiro,Entregue
1467,2026-06-13,11:55,Cantinho da Massa,Massas,Caucaia,164.76,55.0,5.0,Pix,Entregue
1468,2026-03-06,15:05,Sabor Nordestino,Brasileira,Fortaleza,134.1,46.0,2.0,Dinheiro,Entregue
1469,2026-04-22,20:17,Pizza Express,Pizza,Maracanaú,109.71,68.0,5.0,Dinheiro,Entregue
1470,2026-06-20,16:02,Pizza Express,Pizza,Fortaleza,112.1,22.0,2.0,Pix,Entregue
1471,2026-06-04,16:52,Tempero Cearense,Saudável,Fortaleza,75.57,65.0,4.0,Dinheiro,Entregue
1472,2026-05-14,10:25,Tempero Cearense,Saudável,Fortaleza,54.57,26.0,1.0,Pix,Entregue
1473,2026-04-16,22:01,Açaí Tropical,Açaí,Caucaia,77.37,58.0,3.0,Pix,Cancelado
1474,2026-03-05,14:28,Sabor Nordestino,Brasileira,Caucaia,93.31,55.0,3.0,Cartão de débito,Entregue
1475,2026-05-21,20:20,Tempero Cearense,Saudável,Caucaia,144.95,26.0,4.0,Cartão de crédito,Entregue
1476,2026-06-07,18:47,Sushi Fortaleza,Sushi,Caucaia,152.59,21.0,1.0,Dinheiro,Entregue
1477,2026-05-08,20:11,Tempero Cearense,Saudável,Eusébio,62.35,60.0,4.0,Pix,Entregue
1478,2026-04-23,15:48,Burger House,Hambúrguer,Eusébio,71.64,22.0,2.0,Pix,Entregue
1479,2026-06-29,20:35,Cantinho da Massa,Massas,Eusébio,83.68,59.0,1.0,Cartão de débito,Entregue
1480,2026-06-03,20:25,Cantinho da Massa,Massas,Eusébio,134.54,49.0,3.0,Dinheiro,Entregue
1481,2026-04-09,11:54,Cantinho da Massa,Massas,Fortaleza,71.81,29.0,4.0,Cartão de crédito,Entregue
1482,2026-02-09,20:17,Sabor Nordestino,Brasileira,Maracanaú,55.91,59.0,2.0,Cartão de débito,Entregue
1483,2026-04-23,20:51,Sushi Fortaleza,Sushi,Eusébio,21.99,30.0,1.0,Dinheiro,Entregue
1484,2026-04-17,18:35,Sushi Fortaleza,Sushi,Maracanaú,49.77,48.0,5.0,Dinheiro,Entregue
1485,2026-04-10,21:16,Churrasco & Cia,Churrasco,Caucaia,89.01,38.0,2.0,Pix,Entregue
1486,2026-01-20,21:08,Churrasco & Cia,Churrasco,Eusébio,147.29,52.0,2.0,Cartão de crédito,Cancelado
1487,2026-05-10,21:30,Churrasco & Cia,Churrasco,Fortaleza,149.16,53.0,2.0,Pix,Entregue
1488,2026-06-15,18:52,Sushi Fortaleza,Sushi,Maracanaú,63.06,68.0,1.0,Dinheiro,Entregue
1489,2026-05-08,19:27,Pizza Express,Pizza,Eusébio,23.54,43.0,5.0,Cartão de crédito,Entregue
1490,2026-05-03,23:45,Burger House,Hambúrguer,Fortaleza,129.12,19.0,3.0,Pix,Entregue
1491,2026-01-08,21:38,Açaí Tropical,Açaí,Maracanaú,132.67,23.0,4.0,Cartão de débito,Entregue
1492,2026-03-21,18:44,Cantinho da Massa,Massas,Caucaia,57.21,66.0,5.0,Dinheiro,Entregue
1493,2026-05-19,20:37,Churrasco & Cia,Churrasco,Fortaleza,175.34,18.0,3.0,Cartão de crédito,Entregue
1494,2026-01-19,19:04,Tempero Cearense,Saudável,Eusébio,137.21,30.0,5.0,Cartão de débito,Entregue
1495,2026-01-08,20:59,Açaí Tropical,Açaí,Fortaleza,73.09,21.0,4.0,Dinheiro,Entregue
1496,2026-04-08,21:30,Burger House,Hambúrguer,Caucaia,49.28,34.0,3.0,Cartão de débito,Entregue
1497,2026-03-06,17:05,Burger House,Hambúrguer,Caucaia,84.23,29.0,3.0,Cartão de crédito,Entregue
1498,2026-01-25,18:16,Sabor Nordestino,Brasileira,Fortaleza,177.12,18.0,3.0,Cartão de crédito,Entregue
1499,2026-05-16,10:00,Churrasco & Cia,Churrasco,Maracanaú,69.0,66.0,5.0,Pix,Entregue
1500,2026-02-14,13:40,Açaí Tropical,Açaí,Eusébio,105.63,37.0,1.0,Cartão de débito,Entregue
1501,2026-05-27,12:57,Açaí Tropical,Açaí,Eusébio,101.17,67.0,4.0,Cartão de crédito,Entregue
1502,2026-05-18,22:07,Cantinho da Massa,Massas,Caucaia,37.24,58.0,2.0,Cartão de débito,Entregue
1503,2026-05-08,13:38,Burger House,Hambúrguer,Caucaia,170.05,57.0,5.0,Dinheiro,Entregue
1504,2026-01-30,20:35,Pizza Express,Pizza,Caucaia,59.4,24.0,2.0,Dinheiro,Entregue
1505,2026-04-14,10:22,Sabor Nordestino,Brasileira,Maracanaú,149.75,57.0,5.0,Cartão de crédito,Entregue
1506,2026-01-24,20:41,Churrasco & Cia,Churrasco,Maracanaú,141.11,56.0,2.0,Pix,Entregue
1507,2026-04-25,22:12,Cantinho da Massa,Massas,Maracanaú,84.68,39.0,1.0,Dinheiro,Entregue
1508,2026-01-27,15:35,Açaí Tropical,Açaí,Maracanaú,68.94,65.0,3.0,Cartão de crédito,Entregue
1509,2026-01-11,13:05,Cantinho da Massa,Massas,Eusébio,122.55,62.0,1.0,Cartão de crédito,Entregue
1510,2026-03-19,16:12,Churrasco & Cia,Churrasco,Fortaleza,151.8,58.0,4.0,Cartão de débito,Entregue
1511,2026-06-24,21:02,Sushi Fortaleza,Sushi,Fortaleza,93.16,26.0,2.0,Pix,Entregue
1512,2026-02-22,17:13,Sabor Nordestino,Brasileira,Fortaleza,167.53,28.0,1.0,Pix,Entregue
1513,2026-03-03,20:52,Churrasco & Cia,Churrasco,Eusébio,177.93,67.0,2.0,Pix,Entregue
1514,2026-04-13,10:09,Burger House,Hambúrguer,Eusébio,119.48,31.0,4.0,Pix,Entregue
1515,2026-06-17,21:58,Cantinho da Massa,Massas,Maracanaú,130.45,41.0,4.0,Dinheiro,Entregue
1516,2026-02-18,23:49,Açaí Tropical,Açaí,Caucaia,116.02,55.0,4.0,Cartão de crédito,Entregue
1517,2026-04-25,12:42,Sushi Fortaleza,Sushi,Fortaleza,122.02,22.0,2.0,Dinheiro,Entregue
1518,2026-05-18,15:10,Cantinho da Massa,Massas,Maracanaú,65.57,33.0,3.0,Pix,Entregue
1519,2026-01-31,16:52,Sushi Fortaleza,Sushi,Fortaleza,108.76,46.0,2.0,Cartão de débito,Entregue
1520,2026-01-10,17:30,Pizza Express,Pizza,Fortaleza,56.58,68.0,4.0,Cartão de débito,Entregue
1521,2026-06-27,22:04,Sushi Fortaleza,Sushi,Maracanaú,118.45,43.0,2.0,Dinheiro,Entregue
1522,2026-01-11,20:59,Sushi Fortaleza,Sushi,Eusébio,135.99,17.0,5.0,Cartão de crédito,Entregue
1523,2026-03-29,23:16,Burger House,Hambúrguer,Caucaia,93.93,56.0,1.0,Dinheiro,Entregue
1524,2026-03-16,18:04,Sushi Fortaleza,Sushi,Eusébio,120.35,36.0,4.0,Cartão de crédito,Entregue
1525,2026-01-18,23:15,Cantinho da Massa,Massas,Eusébio,42.94,35.0,1.0,Cartão de crédito,Entregue
1526,2026-04-15,18:34,Sabor Nordestino,Brasileira,Eusébio,135.85,35.0,3.0,Cartão de crédito,Entregue
1527,2026-01-27,20:14,Sabor Nordestino,Brasileira,Maracanaú,20.55,18.0,4.0,Cartão de crédito,Entregue
1528,2026-06-10,10:36,Pizza Express,Pizza,Fortaleza,123.82,45.0,5.0,Dinheiro,Entregue
1529,2026-06-07,16:28,Sushi Fortaleza,Sushi,Maracanaú,118.02,37.0,4.0,Dinheiro,Entregue
1530,2026-02-09,17:34,Churrasco & Cia,Churrasco,Eusébio,43.11,55.0,2.0,Dinheiro,Cancelado
1531,2026-02-11,15:47,Sabor Nordestino,Brasileira,Maracanaú,148.87,24.0,1.0,Dinheiro,Entregue
1532,2026-05-19,23:14,Tempero Cearense,Saudável,Eusébio,154.42,37.0,2.0,Dinheiro,Entregue
1533,2026-04-17,17:46,Açaí Tropical,Açaí,Maracanaú,172.38,44.0,3.0,Pix,Entregue
1534,2026-04-13,12:46,Sushi Fortaleza,Sushi,Eusébio,54.71,27.0,5.0,Cartão de débito,Entregue
1535,2026-06-18,22:39,Churrasco & Cia,Churrasco,Maracanaú,107.71,63.0,4.0,Pix,Entregue
1536,2026-02-24,16:09,Açaí Tropical,Açaí,Fortaleza,106.85,43.0,3.0,Dinheiro,Entregue
1537,2026-02-25,15:35,Burger House,Hambúrguer,Maracanaú,169.94,42.0,2.0,Dinheiro,Entregue
1538,2026-02-22,16:36,Burger House,Hambúrguer,Caucaia,177.38,58.0,5.0,Cartão de débito,Entregue
1539,2026-05-28,22:51,Sushi Fortaleza,Sushi,Eusébio,85.81,44.0,2.0,Cartão de débito,Entregue
1540,2026-05-05,15:39,Sabor Nordestino,Brasileira,Fortaleza,145.91,20.0,1.0,Cartão de crédito,Entregue
1541,2026-01-14,15:54,Pizza Express,Pizza,Caucaia,169.05,37.0,2.0,Cartão de débito,Cancelado
1542,2026-03-20,23:04,Churrasco & Cia,Churrasco,Caucaia,113.35,68.0,4.0,Dinheiro,Entregue
1543,2026-02-14,14:19,Pizza Express,Pizza,Eusébio,164.13,24.0,2.0,Dinheiro,Entregue
1544,2026-06-08,16:10,Açaí Tropical,Açaí,Caucaia,130.39,30.0,1.0,Cartão de débito,Entregue
1545,2026-01-25,22:02,Burger House,Hambúrguer,Maracanaú,95.65,45.0,2.0,Cartão de crédito,Entregue
1546,2026-04-03,17:37,Burger House,Hambúrguer,Maracanaú,163.04,46.0,5.0,Pix,Entregue
1547,2026-01-22,15:04,Burger House,Hambúrguer,Eusébio,119.84,58.0,4.0,Cartão de débito,Entregue
1548,2026-06-21,13:40,Churrasco & Cia,Churrasco,Caucaia,133.83,65.0,1.0,Pix,Entregue
1549,2026-05-07,10:39,Tempero Cearense,Saudável,Eusébio,78.43,31.0,2.0,Pix,Cancelado
1550,2026-01-07,17:20,Burger House,Hambúrguer,Fortaleza,123.9,59.0,3.0,Pix,Entregue
1551,2026-04-21,15:02,Cantinho da Massa,Massas,Maracanaú,125.51,36.0,5.0,Cartão de crédito,Entregue
1552,2026-06-09,10:47,Sabor Nordestino,Brasileira,Caucaia,80.91,45.0,4.0,Dinheiro,Entregue
1553,2026-06-22,14:44,Tempero Cearense,Saudável,Caucaia,78.69,47.0,4.0,Dinheiro,Entregue
1554,2026-02-03,15:46,Cantinho da Massa,Massas,Eusébio,98.21,32.0,1.0,Dinheiro,Entregue
1555,2026-01-22,22:42,Churrasco & Cia,Churrasco,Fortaleza,23.68,23.0,1.0,Cartão de débito,Entregue
1556,2026-04-06,11:09,Sushi Fortaleza,Sushi,Fortaleza,158.19,15.0,1.0,Pix,Entregue
1557,2026-06-08,11:09,Açaí Tropical,Açaí,Caucaia,145.78,21.0,5.0,Cartão de crédito,Entregue
1558,2026-02-05,13:58,Pizza Express,Pizza,Eusébio,34.67,20.0,1.0,Dinheiro,Entregue
1559,2026-03-01,13:03,Pizza Express,Pizza,Maracanaú,71.26,48.0,2.0,Dinheiro,Entregue
1560,2026-05-07,19:45,Burger House,Hambúrguer,Maracanaú,66.09,58.0,5.0,Cartão de crédito,Entregue
1561,2026-05-10,10:05,Burger House,Hambúrguer,Eusébio,62.12,49.0,5.0,Cartão de débito,Entregue
1562,2026-06-29,22:04,Sushi Fortaleza,Sushi,Eusébio,155.78,63.0,2.0,Cartão de débito,Entregue
1563,2026-06-01,14:38,Tempero Cearense,Saudável,Caucaia,54.92,31.0,3.0,Cartão de débito,Entregue
1564,2026-06-17,20:16,Cantinho da Massa,Massas,Eusébio,30.34,19.0,4.0,Pix,Entregue
1565,2026-01-16,19:48,Tempero Cearense,Saudável,Fortaleza,127.85,60.0,4.0,Cartão de crédito,Cancelado
1566,2026-06-22,11:20,Churrasco & Cia,Churrasco,Fortaleza,111.07,61.0,3.0,Dinheiro,Entregue
1567,2026-05-03,15:31,Cantinho da Massa,Massas,Maracanaú,70.16,62.0,2.0,Cartão de débito,Entregue
1568,2026-01-11,21:22,Tempero Cearense,Saudável,Maracanaú,160.8,35.0,4.0,Dinheiro,Entregue
1569,2026-04-29,17:09,Burger House,Hambúrguer,Maracanaú,87.14,16.0,2.0,Pix,Entregue
1570,2026-06-11,12:25,Churrasco & Cia,Churrasco,Fortaleza,89.5,67.0,2.0,Cartão de débito,Entregue
1571,2026-02-17,13:06,Sabor Nordestino,Brasileira,Maracanaú,95.57,32.0,3.0,Cartão de débito,Entregue
1572,2026-04-11,12:19,Cantinho da Massa,Massas,Eusébio,50.39,53.0,4.0,Dinheiro,Entregue
1573,2026-02-10,17:42,Sabor Nordestino,Brasileira,Caucaia,173.83,19.0,3.0,Dinheiro,Entregue
1574,2026-02-06,13:33,Açaí Tropical,Açaí,Eusébio,86.62,15.0,3.0,Cartão de débito,Entregue
1575,2026-03-21,20:39,Tempero Cearense,Saudável,Fortaleza,115.86,48.0,3.0,Pix,Entregue
1576,2026-06-26,23:08,Churrasco & Cia,Churrasco,Maracanaú,30.1,43.0,3.0,Dinheiro,Entregue
1577,2026-03-25,21:14,Churrasco & Cia,Churrasco,Maracanaú,145.89,50.0,3.0,Pix,Entregue
1578,2026-02-02,15:50,Sushi Fortaleza,Sushi,Eusébio,150.13,30.0,4.0,Dinheiro,Entregue
1579,2026-03-22,18:56,Pizza Express,Pizza,Maracanaú,140.03,54.0,3.0,Cartão de crédito,Entregue
1580,2026-04-29,19:57,Cantinho da Massa,Massas,Fortaleza,91.92,64.0,2.0,Pix,Entregue
1581,2026-04-04,23:49,Sabor Nordestino,Brasileira,Maracanaú,59.45,55.0,1.0,Pix,Entregue
1582,2026-06-08,17:35,Burger House,Hambúrguer,Caucaia,173.07,46.0,3.0,Cartão de débito,Entregue
1583,2026-06-15,13:59,Pizza Express,Pizza,Caucaia,137.35,62.0,2.0,Pix,Entregue
1584,2026-04-07,16:44,Sabor Nordestino,Brasileira,Caucaia,61.76,24.0,3.0,Cartão de crédito,Entregue
1585,2026-06-14,22:26,Pizza Express,Pizza,Caucaia,94.39,24.0,4.0,Dinheiro,Entregue
1586,2026-06-02,17:48,Churrasco & Cia,Churrasco,Fortaleza,169.9,44.0,3.0,Cartão de débito,Entregue
1587,2026-04-27,14:10,Burger House,Hambúrguer,Caucaia,172.98,22.0,1.0,Pix,Entregue
1588,2026-04-05,12:20,Tempero Cearense,Saudável,Fortaleza,120.62,56.0,3.0,Dinheiro,Entregue
1589,2026-06-06,23:48,Sabor Nordestino,Brasileira,Caucaia,71.84,63.0,5.0,Cartão de crédito,Entregue
1590,2026-01-15,21:45,Burger House,Hambúrguer,Maracanaú,30.22,19.0,2.0,Cartão de débito,Entregue
1591,2026-02-11,21:15,Pizza Express,Pizza,Caucaia,175.57,36.0,1.0,Dinheiro,Entregue
1592,2026-01-18,17:25,Sabor Nordestino,Brasileira,Maracanaú,122.69,40.0,2.0,Cartão de crédito,Entregue
1593,2026-04-25,12:07,Cantinho da Massa,Massas,Eusébio,58.28,56.0,5.0,Cartão de crédito,Entregue
1594,2026-06-28,13:30,Sabor Nordestino,Brasileira,Fortaleza,55.04,29.0,2.0,Cartão de débito,Entregue
1595,2026-03-24,16:48,Tempero Cearense,Saudável,Fortaleza,101.64,33.0,4.0,Cartão de crédito,Entregue
1596,2026-06-28,16:35,Pizza Express,Pizza,Fortaleza,52.02,17.0,2.0,Cartão de débito,Entregue
1597,2026-01-02,15:44,Pizza Express,Pizza,Caucaia,101.46,68.0,2.0,Dinheiro,Entregue
1598,2026-05-18,10:58,Cantinho da Massa,Massas,Caucaia,109.0,47.0,4.0,Cartão de débito,Entregue
1599,2026-06-05,14:21,Sushi Fortaleza,Sushi,Caucaia,163.67,40.0,1.0,Pix,Entregue
1600,2026-04-25,19:41,Tempero Cearense,Saudável,Eusébio,49.57,17.0,4.0,Cartão de crédito,Entregue
1601,2026-02-22,13:48,Cantinho da Massa,Massas,Eusébio,161.86,67.0,3.0,Pix,Entregue
1602,2026-06-15,20:14,Cantinho da Massa,Massas,Eusébio,101.78,34.0,1.0,Cartão de débito,Entregue
1603,2026-03-27,13:31,Tempero Cearense,Saudável,Caucaia,93.26,40.0,5.0,Cartão de débito,Entregue
1604,2026-05-03,18:38,Cantinho da Massa,Massas,Eusébio,32.43,21.0,1.0,Cartão de crédito,Entregue
1605,2026-01-03,14:59,Sabor Nordestino,Brasileira,Caucaia,91.21,61.0,5.0,Cartão de débito,Entregue
1606,2026-04-05,13:41,Sushi Fortaleza,Sushi,Maracanaú,138.7,38.0,1.0,Pix,Entregue
1607,2026-01-06,14:49,Sabor Nordestino,Brasileira,Fortaleza,68.33,31.0,4.0,Cartão de débito,Entregue
1608,2026-06-12,21:43,Sabor Nordestino,Brasileira,Maracanaú,47.93,22.0,1.0,Cartão de débito,Entregue
1609,2026-05-29,21:35,Cantinho da Massa,Massas,Caucaia,23.61,51.0,4.0,Cartão de crédito,Entregue
1610,2026-02-09,13:04,Tempero Cearense,Saudável,Maracanaú,24.78,46.0,4.0,Dinheiro,Entregue
1611,2026-01-04,19:57,Sabor Nordestino,Brasileira,Fortaleza,173.51,32.0,3.0,Dinheiro,Entregue
1612,2026-03-10,10:42,Cantinho da Massa,Massas,Eusébio,57.57,43.0,1.0,Cartão de crédito,Entregue
1613,2026-04-22,18:44,Açaí Tropical,Açaí,Eusébio,134.49,62.0,1.0,Pix,Entregue
1614,2026-06-03,15:29,Açaí Tropical,Açaí,Eusébio,79.72,38.0,5.0,Cartão de débito,Entregue
1615,2026-06-13,15:26,Burger House,Hambúrguer,Maracanaú,79.54,37.0,3.0,Cartão de débito,Entregue
1616,2026-05-07,20:34,Tempero Cearense,Saudável,Caucaia,173.82,20.0,5.0,Pix,Entregue
1617,2026-03-27,15:41,Açaí Tropical,Açaí,Maracanaú,140.59,70.0,2.0,Cartão de crédito,Entregue
1618,2026-06-10,12:38,Churrasco & Cia,Churrasco,Eusébio,156.18,51.0,2.0,Cartão de débito,Entregue
1619,2026-04-12,11:52,Tempero Cearense,Saudável,Fortaleza,178.48,49.0,1.0,Cartão de crédito,Entregue
1620,2026-03-07,18:42,Burger House,Hambúrguer,Eusébio,129.44,65.0,3.0,Dinheiro,Entregue
1621,2026-04-06,18:59,Tempero Cearense,Saudável,Maracanaú,55.05,37.0,4.0,Cartão de crédito,Entregue
1622,2026-06-14,17:09,Sushi Fortaleza,Sushi,Fortaleza,162.91,47.0,1.0,Dinheiro,Entregue
1623,2026-01-19,21:19,Sushi Fortaleza,Sushi,Maracanaú,68.46,28.0,5.0,Cartão de crédito,Cancelado
1624,2026-02-18,10:01,Sabor Nordestino,Brasileira,Caucaia,39.37,26.0,1.0,Cartão de crédito,Entregue
1625,2026-01-31,16:22,Tempero Cearense,Saudável,Fortaleza,131.65,34.0,3.0,Dinheiro,Entregue
1626,2026-03-19,16:39,Açaí Tropical,Açaí,Fortaleza,128.66,17.0,4.0,Pix,Entregue
1627,2026-03-07,21:30,Tempero Cearense,Saudável,Fortaleza,87.63,52.0,5.0,Pix,Entregue
1628,2026-06-25,17:01,Tempero Cearense,Saudável,Fortaleza,174.04,63.0,1.0,Dinheiro,Entregue
1629,2026-01-24,11:15,Pizza Express,Pizza,Maracanaú,80.78,36.0,2.0,Dinheiro,Entregue
1630,2026-03-21,18:49,Açaí Tropical,Açaí,Eusébio,118.19,21.0,1.0,Cartão de débito,Entregue
1631,2026-06-22,22:01,Açaí Tropical,Açaí,Fortaleza,100.33,44.0,3.0,Dinheiro,Entregue
1632,2026-05-18,20:46,Sabor Nordestino,Brasileira,Caucaia,113.71,59.0,5.0,Dinheiro,Entregue
1633,2026-04-26,14:54,Burger House,Hambúrguer,Fortaleza,66.45,36.0,4.0,Cartão de crédito,Entregue
1634,2026-01-20,13:30,Açaí Tropical,Açaí,Eusébio,20.91,64.0,2.0,Dinheiro,Entregue
1635,2026-02-16,13:21,Açaí Tropical,Açaí,Eusébio,134.21,66.0,1.0,Cartão de crédito,Entregue
1636,2026-02-03,21:38,Sabor Nordestino,Brasileira,Maracanaú,99.38,65.0,4.0,Cartão de crédito,Entregue
1637,2026-06-27,15:40,Pizza Express,Pizza,Maracanaú,95.79,32.0,4.0,Dinheiro,Entregue
1638,2026-01-23,14:56,Churrasco & Cia,Churrasco,Maracanaú,84.21,30.0,2.0,Cartão de crédito,Entregue
1639,2026-01-23,19:11,Sushi Fortaleza,Sushi,Maracanaú,125.58,49.0,3.0,Pix,Entregue
1640,2026-06-18,12:37,Tempero Cearense,Saudável,Fortaleza,109.55,29.0,2.0,Cartão de débito,Entregue
1641,2026-06-29,16:00,Churrasco & Cia,Churrasco,Fortaleza,101.63,15.0,1.0,Pix,Entregue
1642,2026-01-03,14:56,Burger House,Hambúrguer,Caucaia,167.32,70.0,4.0,Cartão de débito,Entregue
1643,2026-05-02,17:30,Sushi Fortaleza,Sushi,Fortaleza,47.59,50.0,5.0,Cartão de crédito,Entregue
1644,2026-02-02,23:32,Burger House,Hambúrguer,Fortaleza,96.43,19.0,5.0,Cartão de débito,Entregue
1645,2026-04-16,23:40,Churrasco & Cia,Churrasco,Eusébio,152.48,41.0,1.0,Dinheiro,Entregue
1646,2026-03-24,22:25,Sabor Nordestino,Brasileira,Eusébio,127.46,38.0,4.0,Dinheiro,Entregue
1647,2026-02-27,21:58,Burger House,Hambúrguer,Maracanaú,118.38,65.0,5.0,Dinheiro,Entregue
1648,2026-06-12,12:15,Cantinho da Massa,Massas,Maracanaú,143.7,42.0,5.0,Cartão de crédito,Entregue
1649,2026-05-24,11:45,Burger House,Hambúrguer,Fortaleza,79.12,40.0,3.0,Dinheiro,Entregue
1650,2026-03-29,14:53,Churrasco & Cia,Churrasco,Caucaia,156.86,45.0,5.0,Dinheiro,Entregue
1651,2026-06-26,19:44,Burger House,Hambúrguer,Maracanaú,73.93,59.0,4.0,Pix,Entregue
1652,2026-06-07,20:04,Cantinho da Massa,Massas,Caucaia,169.47,70.0,3.0,Cartão de débito,Entregue
1653,2026-03-24,13:36,Sushi Fortaleza,Sushi,Caucaia,175.57,27.0,3.0,Dinheiro,Entregue
1654,2026-06-03,16:42,Sushi Fortaleza,Sushi,Eusébio,148.36,59.0,3.0,Cartão de débito,Entregue
1655,2026-04-03,21:34,Churrasco & Cia,Churrasco,Eusébio,147.68,52.0,5.0,Cartão de débito,Entregue
1656,2026-03-16,20:15,Sushi Fortaleza,Sushi,Caucaia,49.29,56.0,4.0,Pix,Entregue
1657,2026-05-04,21:17,Açaí Tropical,Açaí,Caucaia,43.41,53.0,1.0,Pix,Entregue
1658,2026-04-07,23:35,Tempero Cearense,Saudável,Fortaleza,30.65,66.0,3.0,Dinheiro,Entregue
1659,2026-05-21,19:52,Cantinho da Massa,Massas,Maracanaú,51.87,18.0,4.0,Dinheiro,Entregue
1660,2026-05-02,16:24,Churrasco & Cia,Churrasco,Fortaleza,42.36,22.0,3.0,Cartão de crédito,Entregue
1661,2026-01-18,14:06,Cantinho da Massa,Massas,Eusébio,145.42,62.0,4.0,Cartão de débito,Entregue
1662,2026-06-19,19:03,Sabor Nordestino,Brasileira,Fortaleza,74.02,54.0,3.0,Pix,Entregue
1663,2026-03-01,13:39,Cantinho da Massa,Massas,Caucaia,154.52,24.0,1.0,Pix,Entregue
1664,2026-02-13,22:52,Tempero Cearense,Saudável,Eusébio,106.67,16.0,2.0,Cartão de crédito,Entregue
1665,2026-06-07,14:51,Açaí Tropical,Açaí,Fortaleza,35.31,69.0,4.0,Cartão de débito,Entregue
1666,2026-06-06,12:57,Burger House,Hambúrguer,Eusébio,64.72,15.0,2.0,Pix,Entregue
1667,2026-06-03,23:24,Açaí Tropical,Açaí,Eusébio,57.15,69.0,1.0,Dinheiro,Entregue
1668,2026-04-24,12:47,Tempero Cearense,Saudável,Maracanaú,23.68,63.0,3.0,Cartão de débito,Entregue
1669,2026-05-06,16:50,Churrasco & Cia,Churrasco,Caucaia,23.31,47.0,5.0,Dinheiro,Entregue
1670,2026-06-05,13:23,Burger House,Hambúrguer,Fortaleza,116.15,59.0,4.0,Cartão de débito,Entregue
1671,2026-02-23,13:20,Churrasco & Cia,Churrasco,Maracanaú,63.86,60.0,3.0,Cartão de débito,Entregue
1672,2026-05-01,10:43,Sushi Fortaleza,Sushi,Fortaleza,92.36,66.0,1.0,Dinheiro,Entregue
1673,2026-04-03,16:01,Açaí Tropical,Açaí,Maracanaú,135.87,42.0,1.0,Dinheiro,Entregue
1674,2026-02-28,14:23,Cantinho da Massa,Massas,Maracanaú,45.3,29.0,5.0,Cartão de débito,Entregue
1675,2026-04-08,15:03,Sushi Fortaleza,Sushi,Fortaleza,133.14,25.0,1.0,Cartão de crédito,Entregue
1676,2026-05-15,14:28,Burger House,Hambúrguer,Caucaia,42.66,42.0,3.0,Cartão de débito,Entregue
1677,2026-03-21,12:33,Pizza Express,Pizza,Eusébio,159.49,54.0,1.0,Cartão de débito,Entregue
1678,2026-05-01,16:57,Burger House,Hambúrguer,Eusébio,22.75,27.0,5.0,Cartão de crédito,Entregue
1679,2026-01-26,14:52,Burger House,Hambúrguer,Fortaleza,144.65,50.0,3.0,Cartão de débito,Entregue
1680,2026-02-17,13:50,Sabor Nordestino,Brasileira,Caucaia,156.87,64.0,3.0,Cartão de crédito,Entregue
1681,2026-01-15,16:08,Burger House,Hambúrguer,Fortaleza,95.05,69.0,2.0,Cartão de débito,Entregue
1682,2026-04-05,19:50,Cantinho da Massa,Massas,Maracanaú,59.33,26.0,1.0,Cartão de débito,Entregue
1683,2026-06-05,22:02,Pizza Express,Pizza,Maracanaú,41.74,33.0,4.0,Dinheiro,Entregue
1684,2026-04-12,18:34,Tempero Cearense,Saudável,Maracanaú,173.94,48.0,3.0,Dinheiro,Entregue
1685,2026-05-15,16:10,Açaí Tropical,Açaí,Eusébio,148.77,28.0,1.0,Pix,Entregue
1686,2026-01-30,19:57,Tempero Cearense,Saudável,Maracanaú,80.15,38.0,1.0,Pix,Entregue
1687,2026-01-05,13:27,Burger House,Hambúrguer,Maracanaú,158.43,65.0,2.0,Pix,Entregue
1688,2026-02-06,10:57,Sushi Fortaleza,Sushi,Maracanaú,60.47,40.0,4.0,Dinheiro,Entregue
1689,2026-02-22,17:08,Tempero Cearense,Saudável,Fortaleza,59.26,24.0,1.0,Pix,Entregue
1690,2026-03-31,17:58,Tempero Cearense,Saudável,Maracanaú,32.5,33.0,3.0,Dinheiro,Entregue
1691,2026-05-03,11:22,Churrasco & Cia,Churrasco,Eusébio,69.65,47.0,2.0,Cartão de crédito,Cancelado
1692,2026-02-07,21:45,Cantinho da Massa,Massas,Fortaleza,23.95,28.0,5.0,Pix,Entregue
1693,2026-04-14,15:51,Açaí Tropical,Açaí,Caucaia,119.48,33.0,3.0,Cartão de crédito,Entregue
1694,2026-05-30,11:56,Açaí Tropical,Açaí,Maracanaú,89.35,47.0,1.0,Cartão de crédito,Cancelado
1695,2026-02-09,23:24,Churrasco & Cia,Churrasco,Maracanaú,137.03,55.0,3.0,Cartão de débito,Entregue
1696,2026-02-20,11:39,Tempero Cearense,Saudável,Caucaia,83.1,17.0,1.0,Pix,Entregue
1697,2026-02-04,13:26,Sushi Fortaleza,Sushi,Maracanaú,147.92,24.0,4.0,Pix,Cancelado
1698,2026-02-23,10:04,Burger House,Hambúrguer,Fortaleza,62.48,45.0,1.0,Cartão de débito,Entregue
1699,2026-02-12,20:31,Pizza Express,Pizza,Fortaleza,127.11,66.0,3.0,Pix,Entregue
1700,2026-03-08,19:35,Churrasco & Cia,Churrasco,Caucaia,104.27,57.0,5.0,Pix,Entregue
1701,2026-03-04,13:52,Sabor Nordestino,Brasileira,Maracanaú,97.34,36.0,5.0,Pix,Entregue
1702,2026-04-14,10:37,Cantinho da Massa,Massas,Caucaia,37.04,24.0,5.0,Cartão de débito,Entregue
1703,2026-02-26,13:29,Burger House,Hambúrguer,Fortaleza,131.58,47.0,3.0,Dinheiro,Entregue
1704,2026-04-18,19:21,Cantinho da Massa,Massas,Fortaleza,58.8,54.0,4.0,Cartão de crédito,Entregue
1705,2026-01-15,16:25,Tempero Cearense,Saudável,Eusébio,86.28,16.0,3.0,Pix,Entregue
1706,2026-03-02,17:56,Açaí Tropical,Açaí,Maracanaú,114.15,40.0,4.0,Cartão de débito,Entregue
1707,2026-06-06,22:10,Churrasco & Cia,Churrasco,Eusébio,115.68,52.0,4.0,Cartão de crédito,Entregue
1708,2026-01-22,22:47,Sabor Nordestino,Brasileira,Eusébio,106.46,46.0,1.0,Cartão de débito,Cancelado
1709,2026-01-01,17:11,Sabor Nordestino,Brasileira,Eusébio,66.63,68.0,3.0,Pix,Entregue
1710,2026-01-23,10:10,Cantinho da Massa,Massas,Caucaia,36.0,52.0,1.0,Cartão de crédito,Entregue
1711,2026-02-19,22:10,Tempero Cearense,Saudável,Maracanaú,37.21,52.0,3.0,Cartão de crédito,Entregue
1712,2026-03-14,12:04,Açaí Tropical,Açaí,Caucaia,45.18,64.0,5.0,Cartão de crédito,Entregue
1713,2026-02-27,21:18,Sabor Nordestino,Brasileira,Maracanaú,156.35,57.0,2.0,Dinheiro,Entregue
1714,2026-04-02,18:19,Cantinho da Massa,Massas,Maracanaú,86.88,30.0,3.0,Pix,Entregue
1715,2026-04-29,12:45,Burger House,Hambúrguer,Fortaleza,32.71,52.0,1.0,Cartão de débito,Entregue
1716,2026-04-25,12:09,Pizza Express,Pizza,Caucaia,143.26,59.0,3.0,Cartão de débito,Entregue
1717,2026-04-22,16:07,Cantinho da Massa,Massas,Eusébio,163.29,56.0,1.0,Pix,Entregue
1718,2026-02-19,15:04,Sabor Nordestino,Brasileira,Fortaleza,154.58,66.0,3.0,Dinheiro,Entregue
1719,2026-05-08,17:42,Tempero Cearense,Saudável,Caucaia,91.94,67.0,3.0,Dinheiro,Entregue
1720,2026-05-26,23:44,Burger House,Hambúrguer,Fortaleza,159.07,25.0,3.0,Dinheiro,Entregue
1721,2026-03-27,12:02,Burger House,Hambúrguer,Eusébio,102.05,46.0,3.0,Cartão de débito,Entregue
1722,2026-04-17,10:49,Sabor Nordestino,Brasileira,Caucaia,133.82,66.0,5.0,Pix,Entregue
1723,2026-01-27,17:49,Sushi Fortaleza,Sushi,Eusébio,43.65,58.0,5.0,Pix,Entregue
1724,2026-05-16,19:39,Sushi Fortaleza,Sushi,Maracanaú,143.15,61.0,1.0,Dinheiro,Cancelado
1725,2026-06-01,18:18,Açaí Tropical,Açaí,Fortaleza,65.52,16.0,4.0,Cartão de crédito,Entregue
1726,2026-04-17,17:58,Sushi Fortaleza,Sushi,Caucaia,153.57,29.0,4.0,Pix,Entregue
1727,2026-06-16,23:02,Sushi Fortaleza,Sushi,Caucaia,83.17,15.0,5.0,Cartão de débito,Entregue
1728,2026-04-26,13:25,Sabor Nordestino,Brasileira,Maracanaú,27.64,19.0,3.0,Dinheiro,Entregue
1729,2026-06-13,22:19,Sabor Nordestino,Brasileira,Maracanaú,178.22,28.0,5.0,Pix,Entregue
1730,2026-03-02,16:35,Churrasco & Cia,Churrasco,Eusébio,107.21,27.0,1.0,Dinheiro,Entregue
1731,2026-06-15,13:30,Sabor Nordestino,Brasileira,Fortaleza,40.78,62.0,3.0,Cartão de débito,Entregue
1732,2026-06-21,14:26,Burger House,Hambúrguer,Maracanaú,52.65,25.0,3.0,Cartão de crédito,Entregue
1733,2026-03-15,14:34,Pizza Express,Pizza,Fortaleza,177.25,70.0,1.0,Cartão de crédito,Cancelado
1734,2026-01-17,22:49,Cantinho da Massa,Massas,Eusébio,38.14,43.0,3.0,Cartão de crédito,Entregue
1735,2026-05-17,17:32,Pizza Express,Pizza,Maracanaú,126.88,32.0,1.0,Pix,Entregue
1736,2026-04-01,12:24,Sushi Fortaleza,Sushi,Caucaia,136.05,54.0,1.0,Cartão de crédito,Entregue
1737,2026-03-29,12:33,Sushi Fortaleza,Sushi,Maracanaú,178.58,63.0,3.0,Cartão de crédito,Entregue
1738,2026-04-10,22:48,Tempero Cearense,Saudável,Fortaleza,149.16,64.0,4.0,Cartão de débito,Entregue
1739,2026-06-08,20:30,Pizza Express,Pizza,Eusébio,153.52,64.0,4.0,Dinheiro,Entregue
1740,2026-06-14,15:12,Sabor Nordestino,Brasileira,Fortaleza,92.47,15.0,5.0,Pix,Entregue
1741,2026-06-20,15:41,Churrasco & Cia,Churrasco,Maracanaú,139.96,15.0,3.0,Dinheiro,Entregue
1742,2026-01-25,19:33,Pizza Express,Pizza,Eusébio,95.75,50.0,5.0,Pix,Entregue
1743,2026-01-09,22:53,Churrasco & Cia,Churrasco,Eusébio,69.93,67.0,4.0,Pix,Entregue
1744,2026-01-28,10:19,Burger House,Hambúrguer,Caucaia,150.51,24.0,3.0,Pix,Entregue
1745,2026-01-20,18:23,Pizza Express,Pizza,Maracanaú,69.34,34.0,4.0,Cartão de crédito,Entregue
1746,2026-03-14,15:11,Pizza Express,Pizza,Eusébio,169.03,53.0,5.0,Cartão de crédito,Entregue
1747,2026-01-25,14:49,Churrasco & Cia,Churrasco,Caucaia,162.15,26.0,5.0,Cartão de débito,Entregue
1748,2026-01-21,13:03,Cantinho da Massa,Massas,Caucaia,154.63,50.0,5.0,Cartão de crédito,Entregue
1749,2026-05-21,19:55,Cantinho da Massa,Massas,Caucaia,36.07,40.0,1.0,Pix,Entregue
1750,2026-04-18,11:42,Churrasco & Cia,Churrasco,Caucaia,138.58,23.0,1.0,Cartão de crédito,Entregue
1751,2026-05-31,10:06,Açaí Tropical,Açaí,Fortaleza,95.08,38.0,4.0,Cartão de crédito,Entregue
1752,2026-06-01,18:57,Sushi Fortaleza,Sushi,Fortaleza,73.45,26.0,5.0,Cartão de crédito,Entregue
1753,2026-01-05,17:13,Burger House,Hambúrguer,Eusébio,138.06,67.0,5.0,Cartão de débito,Cancelado
1754,2026-01-02,20:33,Cantinho da Massa,Massas,Eusébio,98.82,30.0,1.0,Dinheiro,Entregue
1755,2026-06-20,16:12,Cantinho da Massa,Massas,Caucaia,41.79,52.0,4.0,Pix,Entregue
1756,2026-06-07,23:56,Pizza Express,Pizza,Maracanaú,60.8,53.0,4.0,Cartão de crédito,Cancelado
1757,2026-04-14,19:12,Cantinho da Massa,Massas,Eusébio,112.26,67.0,5.0,Cartão de crédito,Cancelado
1758,2026-03-05,12:45,Sabor Nordestino,Brasileira,Eusébio,179.7,62.0,1.0,Cartão de crédito,Entregue
1759,2026-02-04,13:17,Pizza Express,Pizza,Fortaleza,124.3,60.0,1.0,Cartão de crédito,Entregue
1760,2026-03-29,13:28,Burger House,Hambúrguer,Eusébio,135.89,65.0,1.0,Pix,Entregue
1761,2026-04-16,16:42,Cantinho da Massa,Massas,Maracanaú,126.1,69.0,2.0,Cartão de débito,Entregue
1762,2026-02-18,23:42,Sushi Fortaleza,Sushi,Maracanaú,98.23,32.0,4.0,Cartão de crédito,Entregue
1763,2026-04-21,17:10,Sabor Nordestino,Brasileira,Fortaleza,139.73,48.0,3.0,Cartão de débito,Entregue
1764,2026-03-15,12:18,Cantinho da Massa,Massas,Eusébio,88.18,15.0,4.0,Cartão de crédito,Entregue
1765,2026-03-31,14:41,Sushi Fortaleza,Sushi,Maracanaú,52.15,70.0,3.0,Dinheiro,Cancelado
1766,2026-03-11,12:30,Sushi Fortaleza,Sushi,Maracanaú,164.77,16.0,2.0,Dinheiro,Entregue
1767,2026-05-22,18:41,Burger House,Hambúrguer,Fortaleza,62.83,38.0,5.0,Pix,Entregue
1768,2026-03-11,23:42,Cantinho da Massa,Massas,Maracanaú,23.25,51.0,1.0,Cartão de débito,Entregue
1769,2026-03-06,22:15,Burger House,Hambúrguer,Maracanaú,176.39,15.0,2.0,Cartão de crédito,Entregue
1770,2026-06-26,22:35,Tempero Cearense,Saudável,Caucaia,20.23,27.0,2.0,Cartão de crédito,Entregue
1771,2026-04-19,14:44,Cantinho da Massa,Massas,Eusébio,120.62,57.0,5.0,Pix,Entregue
1772,2026-05-01,19:12,Sushi Fortaleza,Sushi,Caucaia,27.33,36.0,3.0,Dinheiro,Entregue
1773,2026-05-17,15:31,Sushi Fortaleza,Sushi,Maracanaú,173.2,16.0,1.0,Cartão de crédito,Entregue
1774,2026-02-05,13:26,Sabor Nordestino,Brasileira,Eusébio,94.73,49.0,1.0,Cartão de crédito,Entregue
1775,2026-05-21,17:45,Burger House,Hambúrguer,Eusébio,138.08,28.0,3.0,Cartão de crédito,Entregue
1776,2026-01-03,19:26,Pizza Express,Pizza,Caucaia,122.88,43.0,2.0,Cartão de crédito,Entregue
1777,2026-03-02,19:07,Pizza Express,Pizza,Caucaia,146.58,49.0,2.0,Cartão de crédito,Entregue
1778,2026-03-12,18:10,Sabor Nordestino,Brasileira,Maracanaú,150.73,28.0,4.0,Pix,Entregue
1779,2026-05-09,19:14,Cantinho da Massa,Massas,Fortaleza,88.34,37.0,3.0,Dinheiro,Entregue
1780,2026-02-12,10:47,Pizza Express,Pizza,Fortaleza,126.77,27.0,2.0,Cartão de débito,Entregue
1781,2026-01-12,21:11,Sushi Fortaleza,Sushi,Eusébio,51.62,33.0,4.0,Cartão de crédito,Entregue
1782,2026-02-27,19:08,Sabor Nordestino,Brasileira,Fortaleza,136.12,61.0,2.0,Pix,Entregue
1783,2026-03-18,23:43,Tempero Cearense,Saudável,Eusébio,130.07,68.0,2.0,Dinheiro,Entregue
1784,2026-02-13,15:02,Burger House,Hambúrguer,Maracanaú,37.36,63.0,2.0,Cartão de débito,Entregue
1785,2026-04-17,11:27,Sushi Fortaleza,Sushi,Eusébio,62.58,48.0,5.0,Pix,Entregue
1786,2026-02-10,23:38,Sushi Fortaleza,Sushi,Maracanaú,87.98,54.0,4.0,Pix,Entregue
1787,2026-06-05,13:59,Sabor Nordestino,Brasileira,Eusébio,84.93,39.0,5.0,Dinheiro,Entregue
1788,2026-05-29,11:50,Burger House,Hambúrguer,Fortaleza,56.76,59.0,5.0,Cartão de crédito,Entregue
1789,2026-04-12,20:37,Burger House,Hambúrguer,Fortaleza,102.87,49.0,2.0,Cartão de débito,Entregue
1790,2026-01-13,18:54,Pizza Express,Pizza,Eusébio,106.24,20.0,3.0,Cartão de crédito,Entregue
1791,2026-03-27,18:08,Burger House,Hambúrguer,Fortaleza,88.44,69.0,2.0,Cartão de débito,Entregue
1792,2026-02-26,21:40,Pizza Express,Pizza,Eusébio,119.97,19.0,4.0,Cartão de crédito,Entregue
1793,2026-03-24,17:10,Cantinho da Massa,Massas,Caucaia,24.79,63.0,1.0,Cartão de crédito,Entregue
1794,2026-06-26,10:55,Sabor Nordestino,Brasileira,Fortaleza,71.6,63.0,5.0,Cartão de crédito,Entregue
1795,2026-02-18,17:51,Pizza Express,Pizza,Maracanaú,145.38,49.0,3.0,Cartão de crédito,Entregue
1796,2026-06-04,10:46,Burger House,Hambúrguer,Caucaia,70.06,58.0,1.0,Pix,Entregue
1797,2026-03-08,12:05,Burger House,Hambúrguer,Maracanaú,65.95,48.0,1.0,Cartão de débito,Entregue
1798,2026-03-15,18:39,Sabor Nordestino,Brasileira,Caucaia,80.71,17.0,5.0,Dinheiro,Entregue
1799,2026-01-12,19:03,Sabor Nordestino,Brasileira,Caucaia,161.73,39.0,3.0,Pix,Entregue
1800,2026-05-13,14:33,Burger House,Hambúrguer,Maracanaú,80.44,22.0,2.0,Dinheiro,Entregue
1801,2026-03-10,18:14,Churrasco & Cia,Churrasco,Caucaia,125.81,38.0,3.0,Cartão de débito,Entregue
1802,2026-04-07,21:02,Sabor Nordestino,Brasileira,Maracanaú,28.49,28.0,2.0,Dinheiro,Entregue
1803,2026-06-07,18:29,Churrasco & Cia,Churrasco,Fortaleza,143.58,64.0,5.0,Cartão de débito,Entregue
1804,2026-01-16,14:51,Sabor Nordestino,Brasileira,Fortaleza,158.44,31.0,5.0,Cartão de crédito,Entregue
1805,2026-05-16,21:00,Cantinho da Massa,Massas,Caucaia,173.94,56.0,2.0,Dinheiro,Entregue
1806,2026-03-05,18:12,Tempero Cearense,Saudável,Eusébio,104.53,19.0,4.0,Pix,Entregue
1807,2026-06-22,11:09,Tempero Cearense,Saudável,Caucaia,136.16,48.0,5.0,Pix,Entregue
1808,2026-02-10,10:15,Tempero Cearense,Saudável,Eusébio,78.92,61.0,5.0,Dinheiro,Entregue
1809,2026-03-21,22:16,Pizza Express,Pizza,Maracanaú,159.75,67.0,4.0,Pix,Entregue
1810,2026-06-11,16:10,Churrasco & Cia,Churrasco,Caucaia,141.23,70.0,1.0,Cartão de débito,Entregue
1811,2026-02-28,21:43,Churrasco & Cia,Churrasco,Caucaia,106.96,26.0,3.0,Cartão de débito,Cancelado
1812,2026-01-06,20:05,Açaí Tropical,Açaí,Maracanaú,69.24,65.0,3.0,Pix,Entregue
1813,2026-05-16,18:58,Sabor Nordestino,Brasileira,Eusébio,136.92,38.0,2.0,Cartão de débito,Entregue
1814,2026-03-12,15:46,Burger House,Hambúrguer,Maracanaú,117.62,59.0,1.0,Pix,Entregue
1815,2026-06-25,20:03,Cantinho da Massa,Massas,Eusébio,52.74,28.0,2.0,Pix,Entregue
1816,2026-05-15,14:37,Churrasco & Cia,Churrasco,Fortaleza,83.16,29.0,2.0,Cartão de crédito,Entregue
1817,2026-06-03,17:33,Açaí Tropical,Açaí,Fortaleza,107.1,53.0,2.0,Cartão de débito,Entregue
1818,2026-06-11,20:12,Açaí Tropical,Açaí,Eusébio,41.55,56.0,3.0,Cartão de débito,Entregue
1819,2026-04-15,23:02,Pizza Express,Pizza,Fortaleza,166.9,54.0,5.0,Dinheiro,Entregue
1820,2026-03-25,16:06,Açaí Tropical,Açaí,Maracanaú,144.63,61.0,5.0,Cartão de crédito,Entregue
1821,2026-02-17,13:52,Sabor Nordestino,Brasileira,Fortaleza,113.77,36.0,4.0,Cartão de crédito,Entregue
1822,2026-06-02,18:59,Sabor Nordestino,Brasileira,Eusébio,130.14,36.0,4.0,Dinheiro,Entregue
1823,2026-03-14,23:38,Pizza Express,Pizza,Maracanaú,166.67,54.0,2.0,Dinheiro,Entregue
1824,2026-03-30,12:56,Sabor Nordestino,Brasileira,Fortaleza,69.8,19.0,1.0,Pix,Entregue
1825,2026-03-16,13:14,Tempero Cearense,Saudável,Maracanaú,74.87,16.0,5.0,Cartão de débito,Entregue
1826,2026-04-15,13:10,Burger House,Hambúrguer,Eusébio,117.05,47.0,2.0,Cartão de crédito,Entregue
1827,2026-03-12,15:21,Tempero Cearense,Saudável,Fortaleza,34.76,17.0,3.0,Cartão de débito,Entregue
1828,2026-04-15,21:02,Churrasco & Cia,Churrasco,Fortaleza,144.48,36.0,2.0,Dinheiro,Entregue
1829,2026-04-20,16:50,Sabor Nordestino,Brasileira,Fortaleza,38.64,23.0,4.0,Cartão de crédito,Entregue
1830,2026-02-19,23:03,Sushi Fortaleza,Sushi,Caucaia,82.49,53.0,1.0,Cartão de crédito,Entregue
1831,2026-06-25,17:04,Churrasco & Cia,Churrasco,Eusébio,35.99,26.0,2.0,Pix,Entregue
1832,2026-04-02,10:52,Tempero Cearense,Saudável,Eusébio,89.8,21.0,4.0,Dinheiro,Entregue
1833,2026-05-24,20:57,Burger House,Hambúrguer,Eusébio,177.43,68.0,3.0,Pix,Entregue
1834,2026-01-11,11:15,Cantinho da Massa,Massas,Fortaleza,147.01,43.0,2.0,Pix,Entregue
1835,2026-05-03,23:42,Burger House,Hambúrguer,Maracanaú,27.38,29.0,3.0,Cartão de crédito,Entregue
1836,2026-06-20,15:28,Sabor Nordestino,Brasileira,Fortaleza,101.18,51.0,5.0,Cartão de crédito,Entregue
1837,2026-03-15,19:11,Sabor Nordestino,Brasileira,Maracanaú,178.7,52.0,2.0,Dinheiro,Entregue
1838,2026-06-30,19:39,Tempero Cearense,Saudável,Maracanaú,159.13,57.0,3.0,Dinheiro,Entregue
1839,2026-05-14,14:09,Churrasco & Cia,Churrasco,Maracanaú,121.88,51.0,2.0,Cartão de débito,Entregue
1840,2026-01-27,14:01,Cantinho da Massa,Massas,Eusébio,172.53,27.0,1.0,Cartão de débito,Entregue
1841,2026-02-27,14:49,Burger House,Hambúrguer,Maracanaú,84.67,50.0,1.0,Dinheiro,Entregue
1842,2026-01-06,18:30,Burger House,Hambúrguer,Maracanaú,122.44,44.0,4.0,Cartão de crédito,Entregue
1843,2026-02-14,21:13,Cantinho da Massa,Massas,Eusébio,103.2,29.0,3.0,Pix,Entregue
1844,2026-05-14,12:42,Sabor Nordestino,Brasileira,Caucaia,152.48,37.0,4.0,Cartão de crédito,Cancelado
1845,2026-06-27,19:39,Tempero Cearense,Saudável,Caucaia,24.79,66.0,2.0,Dinheiro,Entregue
1846,2026-04-02,18:43,Burger House,Hambúrguer,Maracanaú,125.75,20.0,5.0,Dinheiro,Entregue
1847,2026-03-30,16:40,Pizza Express,Pizza,Eusébio,22.39,45.0,4.0,Cartão de crédito,Entregue
1848,2026-06-25,12:49,Sushi Fortaleza,Sushi,Caucaia,111.44,63.0,1.0,Pix,Entregue
1849,2026-03-10,16:34,Burger House,Hambúrguer,Eusébio,114.02,64.0,3.0,Pix,Entregue
1850,2026-01-11,23:01,Burger House,Hambúrguer,Maracanaú,140.37,15.0,1.0,Dinheiro,Entregue
1851,2026-04-10,11:03,Pizza Express,Pizza,Maracanaú,100.62,19.0,1.0,Cartão de débito,Entregue
1852,2026-03-27,23:52,Sabor Nordestino,Brasileira,Fortaleza,171.25,39.0,5.0,Cartão de crédito,Entregue
1853,2026-03-13,11:18,Pizza Express,Pizza,Caucaia,28.69,41.0,2.0,Cartão de débito,Entregue
1854,2026-04-24,20:26,Burger House,Hambúrguer,Fortaleza,136.8,29.0,3.0,Pix,Entregue
1855,2026-05-07,17:28,Cantinho da Massa,Massas,Maracanaú,45.97,60.0,4.0,Cartão de débito,Entregue
1856,2026-04-16,20:08,Burger House,Hambúrguer,Caucaia,23.11,66.0,1.0,Dinheiro,Entregue
1857,2026-05-02,16:59,Sabor Nordestino,Brasileira,Eusébio,110.47,53.0,1.0,Pix,Entregue
1858,2026-05-15,20:34,Cantinho da Massa,Massas,Fortaleza,175.25,27.0,2.0,Dinheiro,Entregue
1859,2026-02-03,15:22,Burger House,Hambúrguer,Eusébio,75.16,40.0,1.0,Dinheiro,Entregue
1860,2026-01-21,17:00,Sushi Fortaleza,Sushi,Eusébio,128.49,20.0,5.0,Cartão de débito,Entregue
1861,2026-01-29,13:48,Tempero Cearense,Saudável,Eusébio,152.03,57.0,3.0,Cartão de débito,Entregue
1862,2026-05-20,19:22,Tempero Cearense,Saudável,Fortaleza,50.46,43.0,1.0,Pix,Entregue
1863,2026-06-01,10:46,Burger House,Hambúrguer,Caucaia,27.65,70.0,4.0,Pix,Entregue
1864,2026-01-25,16:17,Cantinho da Massa,Massas,Fortaleza,57.84,28.0,3.0,Cartão de crédito,Entregue
1865,2026-05-17,11:59,Burger House,Hambúrguer,Maracanaú,138.55,46.0,5.0,Cartão de débito,Entregue
1866,2026-01-20,10:53,Burger House,Hambúrguer,Fortaleza,160.51,67.0,5.0,Cartão de débito,Entregue
1867,2026-02-19,14:33,Tempero Cearense,Saudável,Eusébio,111.6,36.0,4.0,Dinheiro,Entregue
1868,2026-04-20,23:52,Sushi Fortaleza,Sushi,Eusébio,160.26,69.0,5.0,Cartão de débito,Entregue
1869,2026-03-23,16:01,Churrasco & Cia,Churrasco,Eusébio,111.59,43.0,1.0,Dinheiro,Entregue
1870,2026-05-31,18:46,Tempero Cearense,Saudável,Maracanaú,128.92,22.0,4.0,Dinheiro,Entregue
1871,2026-04-14,23:31,Sushi Fortaleza,Sushi,Maracanaú,102.92,66.0,2.0,Cartão de crédito,Entregue
1872,2026-01-01,16:34,Burger House,Hambúrguer,Fortaleza,125.43,25.0,2.0,Cartão de débito,Entregue
1873,2026-03-25,20:10,Pizza Express,Pizza,Maracanaú,128.6,57.0,3.0,Cartão de crédito,Entregue
1874,2026-05-19,17:59,Pizza Express,Pizza,Caucaia,84.79,24.0,1.0,Cartão de débito,Entregue
1875,2026-05-27,12:20,Tempero Cearense,Saudável,Maracanaú,140.79,17.0,5.0,Pix,Entregue
1876,2026-06-09,19:34,Cantinho da Massa,Massas,Fortaleza,172.49,23.0,1.0,Pix,Entregue
1877,2026-06-04,21:46,Sushi Fortaleza,Sushi,Maracanaú,176.0,53.0,3.0,Pix,Entregue
1878,2026-03-18,19:21,Pizza Express,Pizza,Fortaleza,65.37,43.0,5.0,Dinheiro,Cancelado
1879,2026-01-10,21:41,Açaí Tropical,Açaí,Fortaleza,77.11,26.0,2.0,Dinheiro,Entregue
1880,2026-05-03,13:34,Burger House,Hambúrguer,Fortaleza,169.42,43.0,3.0,Dinheiro,Entregue
1881,2026-06-07,11:46,Açaí Tropical,Açaí,Maracanaú,117.67,46.0,4.0,Cartão de débito,Entregue
1882,2026-05-28,16:32,Açaí Tropical,Açaí,Eusébio,153.93,23.0,3.0,Cartão de débito,Entregue
1883,2026-01-10,22:41,Churrasco & Cia,Churrasco,Fortaleza,83.77,26.0,2.0,Pix,Entregue
1884,2026-03-10,10:42,Churrasco & Cia,Churrasco,Maracanaú,80.95,54.0,3.0,Dinheiro,Entregue
1885,2026-01-08,20:07,Burger House,Hambúrguer,Caucaia,163.96,26.0,3.0,Pix,Entregue
1886,2026-02-16,18:25,Açaí Tropical,Açaí,Maracanaú,51.38,37.0,5.0,Pix,Entregue
1887,2026-03-05,20:08,Cantinho da Massa,Massas,Maracanaú,152.85,29.0,2.0,Cartão de crédito,Entregue
1888,2026-02-12,14:05,Churrasco & Cia,Churrasco,Eusébio,105.29,36.0,4.0,Cartão de débito,Entregue
1889,2026-03-29,16:10,Burger House,Hambúrguer,Maracanaú,171.37,29.0,2.0,Pix,Entregue
1890,2026-06-25,15:06,Sushi Fortaleza,Sushi,Fortaleza,109.59,40.0,3.0,Pix,Entregue
1891,2026-06-15,17:33,Cantinho da Massa,Massas,Maracanaú,171.93,50.0,3.0,Cartão de crédito,Entregue
1892,2026-05-05,22:43,Cantinho da Massa,Massas,Caucaia,55.87,27.0,3.0,Cartão de crédito,Entregue
1893,2026-05-12,23:36,Pizza Express,Pizza,Fortaleza,166.22,53.0,4.0,Cartão de débito,Entregue
1894,2026-05-14,23:45,Churrasco & Cia,Churrasco,Eusébio,63.06,17.0,1.0,Pix,Entregue
1895,2026-03-20,11:20,Cantinho da Massa,Massas,Maracanaú,37.2,67.0,3.0,Cartão de débito,Entregue
1896,2026-02-14,15:39,Sushi Fortaleza,Sushi,Maracanaú,96.14,69.0,5.0,Cartão de crédito,Entregue
1897,2026-04-20,17:54,Churrasco & Cia,Churrasco,Fortaleza,22.57,54.0,3.0,Cartão de débito,Entregue
1898,2026-06-14,22:06,Cantinho da Massa,Massas,Fortaleza,25.63,37.0,2.0,Dinheiro,Entregue
1899,2026-05-16,11:44,Açaí Tropical,Açaí,Fortaleza,116.81,68.0,2.0,Dinheiro,Entregue
1900,2026-04-03,12:15,Churrasco & Cia,Churrasco,Maracanaú,46.05,23.0,3.0,Dinheiro,Entregue
1901,2026-03-25,23:49,Tempero Cearense,Saudável,Maracanaú,106.23,32.0,3.0,Cartão de débito,Entregue
1902,2026-06-30,15:32,Churrasco & Cia,Churrasco,Caucaia,106.62,36.0,5.0,Dinheiro,Cancelado
1903,2026-03-23,22:45,Cantinho da Massa,Massas,Eusébio,100.32,34.0,5.0,Cartão de crédito,Cancelado
1904,2026-06-27,16:21,Sabor Nordestino,Brasileira,Eusébio,169.21,15.0,1.0,Cartão de crédito,Entregue
1905,2026-03-20,15:40,Sushi Fortaleza,Sushi,Eusébio,31.64,30.0,2.0,Cartão de crédito,Entregue
1906,2026-03-23,11:13,Sabor Nordestino,Brasileira,Caucaia,74.39,17.0,5.0,Cartão de débito,Entregue
1907,2026-04-19,18:47,Burger House,Hambúrguer,Fortaleza,65.43,33.0,5.0,Dinheiro,Entregue
1908,2026-06-08,21:31,Burger House,Hambúrguer,Maracanaú,174.1,59.0,2.0,Dinheiro,Entregue
1909,2026-06-13,22:28,Cantinho da Massa,Massas,Maracanaú,43.95,15.0,2.0,Pix,Entregue
1910,2026-06-30,12:58,Churrasco & Cia,Churrasco,Caucaia,53.46,19.0,5.0,Cartão de débito,Entregue
1911,2026-02-14,21:34,Pizza Express,Pizza,Eusébio,50.47,19.0,2.0,Cartão de débito,Entregue
1912,2026-06-15,10:40,Cantinho da Massa,Massas,Fortaleza,29.44,62.0,1.0,Cartão de crédito,Entregue
1913,2026-04-17,14:31,Burger House,Hambúrguer,Eusébio,134.81,44.0,3.0,Cartão de crédito,Entregue
1914,2026-05-01,16:33,Pizza Express,Pizza,Maracanaú,48.31,26.0,3.0,Dinheiro,Entregue
1915,2026-03-08,21:23,Cantinho da Massa,Massas,Maracanaú,41.71,24.0,5.0,Cartão de crédito,Entregue
1916,2026-06-08,11:32,Açaí Tropical,Açaí,Maracanaú,163.94,50.0,2.0,Cartão de crédito,Entregue
1917,2026-05-21,23:11,Açaí Tropical,Açaí,Fortaleza,123.27,26.0,1.0,Dinheiro,Entregue
1918,2026-02-20,17:50,Sushi Fortaleza,Sushi,Eusébio,173.07,16.0,3.0,Cartão de débito,Entregue
1919,2026-05-28,19:58,Sushi Fortaleza,Sushi,Maracanaú,161.05,21.0,4.0,Pix,Entregue
1920,2026-05-30,11:40,Cantinho da Massa,Massas,Eusébio,108.5,24.0,2.0,Cartão de débito,Entregue
1921,2026-04-04,21:15,Sushi Fortaleza,Sushi,Caucaia,108.95,34.0,3.0,Dinheiro,Entregue
1922,2026-06-15,17:47,Açaí Tropical,Açaí,Eusébio,45.85,40.0,3.0,Cartão de débito,Entregue
1923,2026-05-27,15:16,Cantinho da Massa,Massas,Maracanaú,117.79,61.0,1.0,Cartão de débito,Entregue
1924,2026-06-04,23:54,Açaí Tropical,Açaí,Fortaleza,49.89,26.0,4.0,Cartão de crédito,Entregue
1925,2026-03-26,13:42,Açaí Tropical,Açaí,Maracanaú,135.0,28.0,4.0,Pix,Entregue
1926,2026-05-23,18:15,Burger House,Hambúrguer,Eusébio,24.49,58.0,1.0,Cartão de débito,Entregue
1927,2026-04-12,21:50,Sabor Nordestino,Brasileira,Eusébio,47.72,17.0,3.0,Dinheiro,Entregue
1928,2026-06-25,17:33,Açaí Tropical,Açaí,Caucaia,129.38,59.0,3.0,Pix,Entregue
1929,2026-06-13,18:25,Sabor Nordestino,Brasileira,Fortaleza,52.32,32.0,3.0,Cartão de débito,Entregue
1930,2026-06-15,11:52,Churrasco & Cia,Churrasco,Fortaleza,93.63,37.0,2.0,Cartão de débito,Entregue
1931,2026-05-27,23:05,Sabor Nordestino,Brasileira,Eusébio,122.87,25.0,5.0,Pix,Entregue
1932,2026-01-24,14:12,Açaí Tropical,Açaí,Caucaia,124.6,62.0,5.0,Cartão de débito,Entregue
1933,2026-02-20,10:36,Tempero Cearense,Saudável,Maracanaú,33.22,58.0,5.0,Dinheiro,Entregue
1934,2026-01-30,12:25,Sabor Nordestino,Brasileira,Eusébio,137.08,22.0,2.0,Cartão de débito,Entregue
1935,2026-06-25,21:29,Tempero Cearense,Saudável,Maracanaú,140.43,23.0,1.0,Cartão de crédito,Entregue
1936,2026-06-22,11:07,Pizza Express,Pizza,Maracanaú,84.43,23.0,2.0,Cartão de crédito,Entregue
1937,2026-01-09,17:08,Churrasco & Cia,Churrasco,Maracanaú,169.18,27.0,5.0,Cartão de débito,Entregue
1938,2026-05-27,13:27,Tempero Cearense,Saudável,Caucaia,53.34,15.0,2.0,Dinheiro,Entregue
1939,2026-06-20,22:19,Pizza Express,Pizza,Eusébio,142.3,33.0,2.0,Cartão de crédito,Entregue
1940,2026-01-06,22:35,Tempero Cearense,Saudável,Eusébio,167.51,70.0,1.0,Pix,Cancelado
1941,2026-02-08,19:18,Tempero Cearense,Saudável,Eusébio,22.74,67.0,5.0,Cartão de débito,Entregue
1942,2026-04-04,15:46,Tempero Cearense,Saudável,Fortaleza,149.67,62.0,1.0,Cartão de débito,Entregue
1943,2026-05-26,19:22,Burger House,Hambúrguer,Maracanaú,151.76,64.0,1.0,Cartão de débito,Cancelado
1944,2026-01-31,12:17,Sushi Fortaleza,Sushi,Maracanaú,169.63,50.0,3.0,Pix,Entregue
1945,2026-02-03,13:54,Sabor Nordestino,Brasileira,Caucaia,170.64,62.0,2.0,Cartão de crédito,Entregue
1946,2026-05-04,10:27,Pizza Express,Pizza,Caucaia,118.28,45.0,2.0,Dinheiro,Entregue
1947,2026-02-12,19:39,Sabor Nordestino,Brasileira,Maracanaú,135.01,20.0,4.0,Dinheiro,Entregue
1948,2026-01-06,16:14,Burger House,Hambúrguer,Eusébio,157.6,48.0,1.0,Pix,Entregue
1949,2026-02-10,23:56,Sabor Nordestino,Brasileira,Eusébio,132.19,70.0,3.0,Cartão de crédito,Entregue
1950,2026-02-01,10:39,Churrasco & Cia,Churrasco,Maracanaú,173.05,51.0,4.0,Pix,Entregue
1951,2026-03-20,19:04,Churrasco & Cia,Churrasco,Maracanaú,114.42,64.0,3.0,Pix,Entregue
1952,2026-02-14,13:16,Açaí Tropical,Açaí,Fortaleza,41.9,66.0,3.0,Dinheiro,Entregue
1953,2026-01-29,10:35,Sabor Nordestino,Brasileira,Fortaleza,147.56,47.0,1.0,Cartão de crédito,Entregue
1954,2026-04-16,18:14,Pizza Express,Pizza,Maracanaú,83.78,63.0,1.0,Dinheiro,Entregue
1955,2026-05-13,10:34,Sabor Nordestino,Brasileira,Fortaleza,149.97,57.0,3.0,Dinheiro,Entregue
1956,2026-06-01,10:55,Pizza Express,Pizza,Caucaia,132.69,44.0,1.0,Cartão de débito,Entregue
1957,2026-04-15,17:06,Sushi Fortaleza,Sushi,Fortaleza,93.91,29.0,3.0,Cartão de crédito,Cancelado
1958,2026-03-15,15:33,Cantinho da Massa,Massas,Maracanaú,68.04,66.0,4.0,Cartão de débito,Entregue
1959,2026-02-20,10:01,Tempero Cearense,Saudável,Eusébio,75.83,70.0,5.0,Pix,Entregue
1960,2026-06-30,16:38,Cantinho da Massa,Massas,Maracanaú,24.75,22.0,5.0,Cartão de crédito,Entregue
1961,2026-06-21,22:55,Sushi Fortaleza,Sushi,Maracanaú,45.05,66.0,4.0,Pix,Entregue
1962,2026-04-11,16:52,Burger House,Hambúrguer,Fortaleza,76.52,19.0,5.0,Cartão de débito,Entregue
1963,2026-06-29,23:30,Sabor Nordestino,Brasileira,Fortaleza,29.21,32.0,4.0,Dinheiro,Entregue
1964,2026-03-21,15:40,Sabor Nordestino,Brasileira,Fortaleza,147.22,18.0,4.0,Dinheiro,Entregue
1965,2026-02-01,14:02,Sabor Nordestino,Brasileira,Caucaia,113.69,49.0,5.0,Cartão de crédito,Entregue
1966,2026-05-25,22:44,Cantinho da Massa,Massas,Fortaleza,70.41,57.0,1.0,Pix,Entregue
1967,2026-01-11,14:39,Sabor Nordestino,Brasileira,Caucaia,123.45,53.0,4.0,Dinheiro,Entregue
1968,2026-05-16,17:40,Sushi Fortaleza,Sushi,Fortaleza,51.79,52.0,4.0,Cartão de crédito,Entregue
1969,2026-04-08,19:35,Cantinho da Massa,Massas,Fortaleza,85.74,39.0,1.0,Cartão de débito,Entregue
1970,2026-03-15,10:31,Açaí Tropical,Açaí,Caucaia,59.72,68.0,2.0,Pix,Entregue
1971,2026-02-23,21:44,Cantinho da Massa,Massas,Fortaleza,179.31,43.0,1.0,Cartão de crédito,Entregue
1972,2026-03-09,12:56,Tempero Cearense,Saudável,Eusébio,24.21,44.0,1.0,Dinheiro,Entregue
1973,2026-05-19,23:10,Pizza Express,Pizza,Fortaleza,85.72,68.0,2.0,Cartão de crédito,Entregue
1974,2026-06-19,20:16,Pizza Express,Pizza,Fortaleza,57.63,58.0,5.0,Dinheiro,Entregue
1975,2026-01-29,11:28,Sabor Nordestino,Brasileira,Caucaia,168.45,47.0,1.0,Cartão de crédito,Cancelado
1976,2026-04-13,14:19,Burger House,Hambúrguer,Eusébio,141.25,43.0,3.0,Cartão de débito,Entregue
1977,2026-04-23,18:23,Açaí Tropical,Açaí,Fortaleza,106.26,18.0,1.0,Pix,Entregue
1978,2026-04-18,17:20,Açaí Tropical,Açaí,Fortaleza,152.61,26.0,2.0,Dinheiro,Entregue
1979,2026-03-18,19:25,Pizza Express,Pizza,Fortaleza,169.46,47.0,4.0,Pix,Entregue
1980,2026-06-03,20:27,Burger House,Hambúrguer,Maracanaú,136.19,40.0,5.0,Dinheiro,Entregue
1981,2026-01-13,14:02,Churrasco & Cia,Churrasco,Eusébio,134.14,31.0,1.0,Dinheiro,Entregue
1982,2026-04-20,10:31,Sushi Fortaleza,Sushi,Eusébio,98.0,58.0,5.0,Cartão de débito,Entregue
1983,2026-04-07,15:06,Açaí Tropical,Açaí,Maracanaú,49.08,55.0,1.0,Dinheiro,Entregue
1984,2026-03-14,23:39,Tempero Cearense,Saudável,Maracanaú,107.49,61.0,3.0,Dinheiro,Entregue
1985,2026-04-26,18:19,Burger House,Hambúrguer,Fortaleza,91.03,24.0,5.0,Pix,Entregue
1986,2026-02-06,12:59,Churrasco & Cia,Churrasco,Eusébio,152.08,41.0,3.0,Cartão de débito,Entregue
1987,2026-05-27,22:49,Sushi Fortaleza,Sushi,Caucaia,105.54,49.0,5.0,Cartão de débito,Entregue
1988,2026-04-22,12:16,Tempero Cearense,Saudável,Maracanaú,44.21,63.0,5.0,Dinheiro,Entregue
1989,2026-01-18,16:01,Pizza Express,Pizza,Fortaleza,67.98,28.0,1.0,Cartão de débito,Entregue
1990,2026-06-03,20:52,Burger House,Hambúrguer,Eusébio,134.36,21.0,2.0,Cartão de débito,Entregue
1991,2026-04-15,10:21,Burger House,Hambúrguer,Eusébio,27.01,31.0,3.0,Cartão de crédito,Entregue
1992,2026-06-29,10:58,Burger House,Hambúrguer,Caucaia,165.03,32.0,3.0,Dinheiro,Entregue
1993,2026-02-01,19:06,Tempero Cearense,Saudável,Caucaia,124.05,70.0,2.0,Pix,Entregue
1994,2026-05-26,16:25,Pizza Express,Pizza,Maracanaú,140.9,45.0,1.0,Cartão de débito,Entregue
1995,2026-06-02,18:36,Sabor Nordestino,Brasileira,Fortaleza,158.61,44.0,5.0,Cartão de débito,Entregue
1996,2026-01-21,17:17,Tempero Cearense,Saudável,Fortaleza,145.96,68.0,3.0,Cartão de débito,Entregue
1997,2026-06-10,16:16,Tempero Cearense,Saudável,Eusébio,131.82,52.0,4.0,Dinheiro,Entregue
1998,2026-05-10,16:36,Cantinho da Massa,Massas,Fortaleza,72.37,52.0,3.0,Pix,Entregue
1999,2026-01-13,11:07,Burger House,Hambúrguer,Eusébio,29.37,58.0,4.0,Pix,Entregue
2000,2026-04-08,21:02,Churrasco & Cia,Churrasco,Fortaleza,31.26,20.0,4.0,Cartão de crédito,Entregue
2001,2026-06-02,18:48,Tempero Cearense,Saudável,Eusébio,87.4,30.0,4.0,Cartão de débito,Entregue
2002,2026-05-29,14:20,Churrasco & Cia,Churrasco,Fortaleza,80.64,15.0,1.0,Cartão de crédito,Entregue
2003,2026-06-16,19:19,Burger House,Hambúrguer,Caucaia,104.86,52.0,3.0,Cartão de débito,Entregue
2004,2026-04-07,16:43,Cantinho da Massa,Massas,Maracanaú,89.01,41.0,1.0,Pix,Entregue
2005,2026-03-09,12:00,Cantinho da Massa,Massas,Caucaia,87.77,38.0,4.0,Dinheiro,Entregue
2006,2026-01-08,19:28,Cantinho da Massa,Massas,Caucaia,174.36,27.0,5.0,Cartão de crédito,Entregue
2007,2026-03-04,23:50,Churrasco & Cia,Churrasco,Caucaia,147.83,39.0,2.0,Cartão de débito,Entregue
2008,2026-03-28,21:18,Sabor Nordestino,Brasileira,Fortaleza,83.44,36.0,5.0,Pix,Entregue
2009,2026-01-14,10:44,Tempero Cearense,Saudável,Eusébio,156.89,22.0,2.0,Cartão de débito,Entregue
2010,2026-04-26,16:56,Açaí Tropical,Açaí,Maracanaú,69.7,23.0,3.0,Cartão de crédito,Entregue
2011,2026-01-27,11:11,Cantinho da Massa,Massas,Fortaleza,34.77,69.0,5.0,Pix,Entregue
2012,2026-05-13,20:24,Sabor Nordestino,Brasileira,Fortaleza,141.68,49.0,1.0,Cartão de crédito,Entregue
2013,2026-05-13,16:30,Açaí Tropical,Açaí,Eusébio,51.34,20.0,2.0,Pix,Entregue
2014,2026-01-04,22:17,Açaí Tropical,Açaí,Eusébio,179.07,41.0,3.0,Cartão de débito,Entregue
2015,2026-04-19,11:09,Pizza Express,Pizza,Eusébio,28.56,48.0,3.0,Cartão de débito,Entregue
2016,2026-05-03,15:14,Tempero Cearense,Saudável,Caucaia,131.43,61.0,4.0,Cartão de crédito,Entregue
2017,2026-03-31,23:40,Burger House,Hambúrguer,Caucaia,177.34,47.0,2.0,Pix,Entregue
2018,2026-06-21,18:44,Sushi Fortaleza,Sushi,Caucaia,160.58,38.0,3.0,Cartão de crédito,Entregue
2019,2026-04-20,14:19,Churrasco & Cia,Churrasco,Caucaia,124.35,36.0,2.0,Cartão de débito,Entregue
2020,2026-01-20,11:08,Sushi Fortaleza,Sushi,Eusébio,169.54,43.0,3.0,Dinheiro,Entregue
2021,2026-06-08,21:52,Pizza Express,Pizza,Maracanaú,90.14,64.0,4.0,Cartão de débito,Entregue
2022,2026-03-17,20:41,Burger House,Hambúrguer,Maracanaú,47.16,27.0,5.0,Dinheiro,Entregue
2023,2026-01-19,17:22,Sabor Nordestino,Brasileira,Fortaleza,148.19,19.0,5.0,Dinheiro,Cancelado
2024,2026-01-11,14:21,Sushi Fortaleza,Sushi,Fortaleza,81.86,65.0,2.0,Pix,Entregue
2025,2026-05-09,23:09,Cantinho da Massa,Massas,Eusébio,72.96,29.0,3.0,Cartão de crédito,Entregue
2026,2026-06-29,22:40,Pizza Express,Pizza,Fortaleza,134.42,40.0,4.0,Dinheiro,Entregue
2027,2026-05-12,11:53,Tempero Cearense,Saudável,Caucaia,178.22,32.0,3.0,Pix,Entregue
2028,2026-04-03,14:16,Tempero Cearense,Saudável,Fortaleza,152.14,28.0,5.0,Pix,Entregue
2029,2026-05-02,19:39,Sushi Fortaleza,Sushi,Maracanaú,132.73,50.0,1.0,Cartão de crédito,Entregue
2030,2026-06-16,22:58,Churrasco & Cia,Churrasco,Eusébio,122.98,22.0,2.0,Dinheiro,Cancelado
2031,2026-05-12,20:16,Tempero Cearense,Saudável,Maracanaú,178.11,48.0,5.0,Cartão de débito,Entregue
2032,2026-06-26,19:03,Cantinho da Massa,Massas,Caucaia,97.0,59.0,2.0,Dinheiro,Entregue
2033,2026-04-26,20:08,Cantinho da Massa,Massas,Maracanaú,57.21,66.0,1.0,Dinheiro,Entregue
2034,2026-02-14,14:08,Sushi Fortaleza,Sushi,Eusébio,114.78,25.0,5.0,Cartão de débito,Entregue
2035,2026-01-27,12:07,Açaí Tropical,Açaí,Fortaleza,82.7,67.0,2.0,Cartão de débito,Cancelado
2036,2026-05-13,23:32,Sabor Nordestino,Brasileira,Eusébio,46.85,22.0,1.0,Cartão de crédito,Entregue
2037,2026-02-28,12:56,Sabor Nordestino,Brasileira,Fortaleza,30.08,48.0,4.0,Dinheiro,Entregue
2038,2026-01-30,10:58,Sabor Nordestino,Brasileira,Maracanaú,134.38,22.0,1.0,Cartão de crédito,Entregue
2039,2026-02-18,15:24,Pizza Express,Pizza,Caucaia,29.87,61.0,2.0,Pix,Entregue
2040,2026-06-16,13:41,Pizza Express,Pizza,Fortaleza,145.79,32.0,4.0,Cartão de débito,Entregue
2041,2026-03-21,16:55,Churrasco & Cia,Churrasco,Fortaleza,25.58,27.0,1.0,Dinheiro,Entregue
2042,2026-04-14,12:00,Churrasco & Cia,Churrasco,Caucaia,170.95,62.0,5.0,Dinheiro,Entregue
2043,2026-01-20,15:01,Sabor Nordestino,Brasileira,Maracanaú,89.26,57.0,4.0,Dinheiro,Entregue
2044,2026-01-19,10:57,Tempero Cearense,Saudável,Caucaia,67.85,20.0,1.0,Cartão de débito,Cancelado
2045,2026-01-01,22:28,Churrasco & Cia,Churrasco,Fortaleza,83.81,67.0,5.0,Pix,Entregue
2046,2026-05-01,10:33,Sabor Nordestino,Brasileira,Caucaia,143.68,63.0,2.0,Dinheiro,Entregue
2047,2026-02-21,14:35,Burger House,Hambúrguer,Maracanaú,105.49,51.0,5.0,Dinheiro,Entregue
2048,2026-06-05,17:50,Sabor Nordestino,Brasileira,Eusébio,106.39,50.0,5.0,Cartão de crédito,Entregue
2049,2026-06-24,20:41,Açaí Tropical,Açaí,Fortaleza,78.25,38.0,5.0,Dinheiro,Entregue
2050,2026-04-27,23:04,Açaí Tropical,Açaí,Maracanaú,23.74,53.0,2.0,Cartão de débito,Entregue
2051,2026-01-23,12:27,Churrasco & Cia,Churrasco,Maracanaú,155.88,55.0,5.0,Cartão de débito,Entregue
2052,2026-03-19,11:35,Sabor Nordestino,Brasileira,Caucaia,169.52,19.0,4.0,Pix,Entregue
2053,2026-03-22,11:29,Açaí Tropical,Açaí,Maracanaú,66.53,20.0,2.0,Dinheiro,Entregue
2054,2026-06-04,12:50,Pizza Express,Pizza,Fortaleza,106.69,66.0,5.0,Cartão de débito,Entregue
2055,2026-06-05,21:37,Tempero Cearense,Saudável,Eusébio,89.72,26.0,2.0,Cartão de débito,Entregue
2056,2026-05-03,15:32,Pizza Express,Pizza,Maracanaú,28.54,60.0,3.0,Pix,Entregue
2057,2026-02-03,11:52,Churrasco & Cia,Churrasco,Caucaia,79.66,68.0,1.0,Pix,Entregue
2058,2026-05-10,12:00,Burger House,Hambúrguer,Eusébio,155.13,38.0,4.0,Cartão de crédito,Entregue
2059,2026-01-05,21:03,Pizza Express,Pizza,Maracanaú,55.13,60.0,3.0,Dinheiro,Entregue
2060,2026-01-14,17:10,Sushi Fortaleza,Sushi,Eusébio,64.55,70.0,4.0,Cartão de débito,Entregue
2061,2026-05-24,19:20,Cantinho da Massa,Massas,Fortaleza,29.35,46.0,5.0,Cartão de débito,Entregue
2062,2026-03-09,21:28,Sushi Fortaleza,Sushi,Fortaleza,41.8,41.0,1.0,Dinheiro,Entregue
2063,2026-05-19,22:49,Churrasco & Cia,Churrasco,Fortaleza,97.04,18.0,3.0,Cartão de crédito,Entregue
2064,2026-05-28,15:00,Burger House,Hambúrguer,Maracanaú,161.75,21.0,1.0,Pix,Entregue
2065,2026-01-21,21:56,Sabor Nordestino,Brasileira,Caucaia,56.39,67.0,4.0,Cartão de crédito,Entregue
2066,2026-02-04,13:02,Sabor Nordestino,Brasileira,Maracanaú,31.34,42.0,5.0,Pix,Entregue
2067,2026-01-02,17:16,Pizza Express,Pizza,Caucaia,109.88,35.0,3.0,Cartão de débito,Entregue
2068,2026-02-06,22:36,Açaí Tropical,Açaí,Maracanaú,114.9,51.0,2.0,Dinheiro,Entregue
2069,2026-06-02,14:17,Açaí Tropical,Açaí,Fortaleza,86.15,61.0,1.0,Cartão de débito,Cancelado
2070,2026-02-21,22:19,Pizza Express,Pizza,Eusébio,164.27,61.0,1.0,Cartão de crédito,Entregue
2071,2026-01-12,12:22,Tempero Cearense,Saudável,Eusébio,129.54,19.0,4.0,Pix,Entregue
2072,2026-04-03,17:16,Sushi Fortaleza,Sushi,Caucaia,159.42,24.0,4.0,Cartão de crédito,Entregue
2073,2026-03-11,18:27,Sabor Nordestino,Brasileira,Maracanaú,91.65,52.0,5.0,Cartão de débito,Cancelado
2074,2026-03-06,14:59,Sushi Fortaleza,Sushi,Caucaia,174.83,35.0,2.0,Dinheiro,Entregue
2075,2026-06-11,23:19,Tempero Cearense,Saudável,Eusébio,106.43,36.0,3.0,Cartão de crédito,Entregue
2076,2026-04-24,14:45,Sabor Nordestino,Brasileira,Maracanaú,77.62,54.0,3.0,Pix,Entregue
2077,2026-04-12,12:13,Burger House,Hambúrguer,Fortaleza,115.05,49.0,3.0,Pix,Entregue
2078,2026-05-07,20:44,Cantinho da Massa,Massas,Fortaleza,126.57,53.0,1.0,Cartão de débito,Entregue
2079,2026-01-22,11:29,Tempero Cearense,Saudável,Fortaleza,116.16,58.0,1.0,Cartão de débito,Entregue
2080,2026-03-17,21:28,Tempero Cearense,Saudável,Fortaleza,129.88,26.0,2.0,Cartão de crédito,Entregue
2081,2026-06-08,15:58,Sushi Fortaleza,Sushi,Caucaia,150.81,32.0,1.0,Cartão de débito,Cancelado
2082,2026-01-22,20:08,Burger House,Hambúrguer,Maracanaú,164.18,65.0,5.0,Pix,Entregue
2083,2026-01-16,10:10,Tempero Cearense,Saudável,Fortaleza,32.63,22.0,3.0,Cartão de débito,Entregue
2084,2026-02-16,15:51,Cantinho da Massa,Massas,Maracanaú,121.39,54.0,3.0,Cartão de crédito,Entregue
2085,2026-01-12,23:31,Pizza Express,Pizza,Maracanaú,132.67,69.0,2.0,Dinheiro,Entregue
2086,2026-01-13,15:45,Churrasco & Cia,Churrasco,Fortaleza,166.15,57.0,1.0,Cartão de crédito,Entregue
2087,2026-04-11,14:43,Sushi Fortaleza,Sushi,Caucaia,143.66,15.0,2.0,Cartão de crédito,Entregue
2088,2026-03-31,12:02,Sushi Fortaleza,Sushi,Maracanaú,27.3,54.0,3.0,Cartão de crédito,Entregue
2089,2026-03-18,20:39,Pizza Express,Pizza,Eusébio,178.48,36.0,5.0,Cartão de débito,Cancelado
2090,2026-04-02,15:48,Sushi Fortaleza,Sushi,Caucaia,129.76,36.0,2.0,Cartão de crédito,Entregue
2091,2026-01-19,10:03,Tempero Cearense,Saudável,Maracanaú,111.1,51.0,1.0,Cartão de crédito,Entregue
2092,2026-04-20,23:35,Sabor Nordestino,Brasileira,Fortaleza,107.48,60.0,4.0,Dinheiro,Entregue
2093,2026-06-28,13:30,Cantinho da Massa,Massas,Eusébio,134.67,28.0,2.0,Pix,Entregue
2094,2026-06-28,15:55,Sushi Fortaleza,Sushi,Fortaleza,20.44,46.0,4.0,Dinheiro,Entregue
2095,2026-02-10,15:20,Sabor Nordestino,Brasileira,Eusébio,45.71,37.0,1.0,Cartão de crédito,Entregue
2096,2026-04-08,15:16,Burger House,Hambúrguer,Maracanaú,49.38,21.0,4.0,Pix,Entregue
2097,2026-01-16,20:11,Burger House,Hambúrguer,Eusébio,146.28,34.0,3.0,Cartão de crédito,Entregue
2098,2026-01-09,19:02,Tempero Cearense,Saudável,Fortaleza,76.99,15.0,5.0,Dinheiro,Entregue
2099,2026-03-04,10:09,Pizza Express,Pizza,Fortaleza,81.44,43.0,2.0,Cartão de débito,Entregue
2100,2026-01-02,14:57,Churrasco & Cia,Churrasco,Maracanaú,73.45,51.0,5.0,Dinheiro,Entregue
2101,2026-05-25,23:11,Pizza Express,Pizza,Eusébio,114.95,52.0,4.0,Pix,Entregue
2102,2026-01-12,13:53,Sushi Fortaleza,Sushi,Maracanaú,127.37,26.0,1.0,Cartão de débito,Entregue
2103,2026-04-01,18:11,Pizza Express,Pizza,Caucaia,93.91,44.0,1.0,Cartão de débito,Entregue
2104,2026-04-24,11:05,Churrasco & Cia,Churrasco,Eusébio,56.1,63.0,5.0,Cartão de crédito,Entregue
2105,2026-04-21,21:10,Pizza Express,Pizza,Eusébio,30.8,48.0,1.0,Dinheiro,Entregue
2106,2026-06-25,15:36,Pizza Express,Pizza,Maracanaú,37.03,22.0,5.0,Dinheiro,Entregue
2107,2026-04-06,15:35,Pizza Express,Pizza,Caucaia,111.04,44.0,4.0,Cartão de débito,Entregue
2108,2026-01-25,16:35,Sabor Nordestino,Brasileira,Fortaleza,140.07,64.0,3.0,Cartão de débito,Entregue
2109,2026-06-29,19:54,Sushi Fortaleza,Sushi,Fortaleza,107.6,39.0,5.0,Cartão de débito,Entregue
2110,2026-05-29,17:57,Burger House,Hambúrguer,Caucaia,73.07,34.0,1.0,Cartão de crédito,Cancelado
2111,2026-02-05,12:46,Açaí Tropical,Açaí,Eusébio,20.2,26.0,5.0,Cartão de débito,Entregue
2112,2026-05-18,12:40,Sushi Fortaleza,Sushi,Eusébio,126.0,24.0,1.0,Pix,Entregue
2113,2026-03-13,17:17,Sushi Fortaleza,Sushi,Eusébio,167.93,70.0,5.0,Cartão de crédito,Entregue
2114,2026-04-03,19:38,Sushi Fortaleza,Sushi,Fortaleza,127.7,62.0,1.0,Cartão de débito,Entregue
2115,2026-02-23,10:17,Burger House,Hambúrguer,Eusébio,156.38,23.0,4.0,Dinheiro,Entregue
2116,2026-02-02,21:56,Pizza Express,Pizza,Eusébio,79.67,27.0,1.0,Cartão de débito,Entregue
2117,2026-04-17,15:56,Sabor Nordestino,Brasileira,Maracanaú,60.55,27.0,1.0,Cartão de crédito,Entregue
2118,2026-06-02,13:59,Açaí Tropical,Açaí,Maracanaú,93.54,40.0,5.0,Cartão de crédito,Entregue
2119,2026-02-27,12:49,Pizza Express,Pizza,Fortaleza,124.28,53.0,1.0,Dinheiro,Entregue
2120,2026-06-25,21:04,Açaí Tropical,Açaí,Caucaia,80.5,53.0,1.0,Cartão de débito,Entregue
2121,2026-05-16,13:07,Sabor Nordestino,Brasileira,Caucaia,59.67,62.0,5.0,Pix,Entregue
2122,2026-04-10,16:10,Burger House,Hambúrguer,Fortaleza,148.23,27.0,1.0,Dinheiro,Entregue
2123,2026-05-09,10:23,Tempero Cearense,Saudável,Caucaia,175.01,41.0,4.0,Dinheiro,Cancelado
2124,2026-01-11,16:14,Tempero Cearense,Saudável,Eusébio,33.46,47.0,4.0,Pix,Entregue
2125,2026-03-19,19:18,Cantinho da Massa,Massas,Caucaia,124.96,43.0,4.0,Dinheiro,Cancelado
2126,2026-06-25,14:38,Sushi Fortaleza,Sushi,Eusébio,110.81,37.0,1.0,Pix,Entregue
2127,2026-04-07,12:29,Sushi Fortaleza,Sushi,Eusébio,155.44,39.0,2.0,Dinheiro,Entregue
2128,2026-01-31,11:18,Burger House,Hambúrguer,Caucaia,54.63,41.0,2.0,Pix,Entregue
2129,2026-05-23,21:20,Cantinho da Massa,Massas,Eusébio,36.23,47.0,5.0,Cartão de crédito,Entregue
2130,2026-05-07,19:43,Pizza Express,Pizza,Maracanaú,43.6,30.0,3.0,Cartão de crédito,Entregue
2131,2026-05-27,20:24,Cantinho da Massa,Massas,Eusébio,52.16,36.0,2.0,Cartão de débito,Entregue
2132,2026-03-14,17:11,Churrasco & Cia,Churrasco,Fortaleza,78.35,30.0,2.0,Cartão de débito,Entregue
2133,2026-02-21,23:02,Sushi Fortaleza,Sushi,Fortaleza,32.59,68.0,3.0,Dinheiro,Entregue
2134,2026-04-06,21:17,Churrasco & Cia,Churrasco,Maracanaú,144.54,39.0,5.0,Pix,Entregue
2135,2026-04-27,16:37,Cantinho da Massa,Massas,Caucaia,171.52,38.0,2.0,Dinheiro,Entregue
2136,2026-05-01,23:17,Tempero Cearense,Saudável,Maracanaú,168.99,53.0,5.0,Dinheiro,Cancelado
2137,2026-01-17,16:13,Cantinho da Massa,Massas,Eusébio,32.65,36.0,3.0,Pix,Entregue
2138,2026-06-28,10:36,Churrasco & Cia,Churrasco,Caucaia,101.29,67.0,3.0,Cartão de débito,Entregue
2139,2026-06-02,12:20,Churrasco & Cia,Churrasco,Maracanaú,83.53,69.0,4.0,Cartão de débito,Entregue
2140,2026-03-03,10:29,Cantinho da Massa,Massas,Eusébio,58.34,64.0,5.0,Cartão de crédito,Entregue
2141,2026-04-09,11:59,Cantinho da Massa,Massas,Fortaleza,179.63,31.0,5.0,Cartão de débito,Entregue
2142,2026-02-10,16:52,Pizza Express,Pizza,Caucaia,144.28,34.0,2.0,Cartão de crédito,Entregue
2143,2026-04-16,13:42,Açaí Tropical,Açaí,Eusébio,36.68,58.0,1.0,Cartão de crédito,Entregue
2144,2026-06-25,21:07,Açaí Tropical,Açaí,Caucaia,167.16,24.0,1.0,Cartão de crédito,Entregue
2145,2026-05-21,17:05,Cantinho da Massa,Massas,Caucaia,45.03,38.0,3.0,Cartão de débito,Entregue
2146,2026-05-10,22:29,Cantinho da Massa,Massas,Caucaia,155.06,56.0,4.0,Cartão de crédito,Entregue
2147,2026-02-19,20:10,Sabor Nordestino,Brasileira,Maracanaú,147.46,62.0,2.0,Cartão de débito,Entregue
2148,2026-04-29,17:08,Tempero Cearense,Saudável,Maracanaú,129.11,41.0,2.0,Cartão de débito,Entregue
2149,2026-01-29,14:58,Sabor Nordestino,Brasileira,Fortaleza,168.0,55.0,3.0,Cartão de débito,Entregue
2150,2026-05-18,11:01,Churrasco & Cia,Churrasco,Caucaia,123.85,57.0,1.0,Cartão de crédito,Entregue
2151,2026-02-08,17:54,Burger House,Hambúrguer,Eusébio,30.51,26.0,3.0,Dinheiro,Entregue
2152,2026-02-19,11:27,Sabor Nordestino,Brasileira,Caucaia,56.27,51.0,1.0,Cartão de débito,Entregue
2153,2026-05-16,22:40,Pizza Express,Pizza,Maracanaú,178.95,17.0,2.0,Cartão de crédito,Entregue
2154,2026-06-09,15:22,Burger House,Hambúrguer,Maracanaú,48.16,61.0,1.0,Cartão de débito,Entregue
2155,2026-06-11,23:31,Sushi Fortaleza,Sushi,Caucaia,40.45,38.0,5.0,Pix,Entregue
2156,2026-06-18,20:13,Sushi Fortaleza,Sushi,Eusébio,47.04,55.0,4.0,Cartão de débito,Entregue
2157,2026-02-18,18:38,Burger House,Hambúrguer,Fortaleza,65.97,69.0,4.0,Cartão de débito,Entregue
2158,2026-02-27,12:14,Tempero Cearense,Saudável,Maracanaú,33.94,37.0,1.0,Dinheiro,Entregue
2159,2026-01-13,18:29,Sabor Nordestino,Brasileira,Eusébio,82.25,46.0,1.0,Cartão de débito,Entregue
2160,2026-02-21,16:02,Pizza Express,Pizza,Fortaleza,98.62,24.0,4.0,Cartão de crédito,Entregue
2161,2026-05-22,13:57,Burger House,Hambúrguer,Fortaleza,174.19,46.0,4.0,Pix,Entregue
2162,2026-03-08,22:25,Açaí Tropical,Açaí,Eusébio,71.89,63.0,3.0,Cartão de débito,Entregue
2163,2026-02-25,21:09,Burger House,Hambúrguer,Eusébio,167.14,47.0,1.0,Cartão de crédito,Entregue
2164,2026-03-16,14:09,Churrasco & Cia,Churrasco,Eusébio,134.78,57.0,2.0,Cartão de débito,Entregue
2165,2026-04-01,16:03,Tempero Cearense,Saudável,Eusébio,151.37,54.0,3.0,Cartão de débito,Entregue
2166,2026-01-13,16:15,Açaí Tropical,Açaí,Eusébio,30.67,56.0,1.0,Cartão de crédito,Entregue
2167,2026-06-25,22:31,Cantinho da Massa,Massas,Fortaleza,152.43,15.0,4.0,Pix,Entregue
2168,2026-05-24,14:49,Pizza Express,Pizza,Caucaia,43.76,57.0,1.0,Cartão de débito,Entregue
2169,2026-02-14,16:42,Sabor Nordestino,Brasileira,Caucaia,126.24,29.0,5.0,Dinheiro,Entregue
2170,2026-04-09,11:20,Cantinho da Massa,Massas,Maracanaú,27.21,35.0,3.0,Cartão de crédito,Entregue
2171,2026-06-10,20:04,Churrasco & Cia,Churrasco,Fortaleza,88.5,61.0,3.0,Cartão de crédito,Entregue
2172,2026-06-22,15:21,Tempero Cearense,Saudável,Caucaia,22.71,57.0,1.0,Dinheiro,Entregue
2173,2026-02-24,19:20,Açaí Tropical,Açaí,Maracanaú,77.24,26.0,1.0,Dinheiro,Entregue
2174,2026-02-05,10:16,Burger House,Hambúrguer,Maracanaú,176.22,57.0,1.0,Cartão de crédito,Entregue
2175,2026-06-16,17:06,Burger House,Hambúrguer,Fortaleza,43.95,19.0,2.0,Cartão de débito,Entregue
2176,2026-04-21,19:25,Açaí Tropical,Açaí,Maracanaú,84.96,51.0,5.0,Dinheiro,Entregue
2177,2026-02-12,16:31,Açaí Tropical,Açaí,Eusébio,32.78,53.0,2.0,Cartão de débito,Entregue
2178,2026-04-10,20:48,Sabor Nordestino,Brasileira,Maracanaú,173.46,59.0,5.0,Dinheiro,Entregue
2179,2026-04-18,15:15,Sushi Fortaleza,Sushi,Caucaia,52.48,53.0,1.0,Dinheiro,Entregue
2180,2026-02-18,10:32,Churrasco & Cia,Churrasco,Eusébio,57.31,24.0,1.0,Cartão de débito,Entregue
2181,2026-01-18,15:53,Sabor Nordestino,Brasileira,Caucaia,97.81,39.0,3.0,Pix,Entregue
2182,2026-04-27,22:58,Cantinho da Massa,Massas,Maracanaú,21.1,18.0,1.0,Cartão de débito,Entregue
2183,2026-05-24,17:25,Cantinho da Massa,Massas,Caucaia,107.16,63.0,4.0,Dinheiro,Entregue
2184,2026-05-27,17:37,Açaí Tropical,Açaí,Caucaia,161.57,20.0,4.0,Cartão de débito,Entregue
2185,2026-03-30,16:44,Sabor Nordestino,Brasileira,Caucaia,157.26,17.0,1.0,Dinheiro,Entregue
2186,2026-03-22,21:14,Açaí Tropical,Açaí,Eusébio,26.02,62.0,4.0,Pix,Entregue
2187,2026-06-07,12:29,Açaí Tropical,Açaí,Fortaleza,37.59,55.0,5.0,Pix,Entregue
2188,2026-06-28,16:14,Churrasco & Cia,Churrasco,Eusébio,27.93,38.0,5.0,Dinheiro,Entregue
2189,2026-02-15,15:22,Pizza Express,Pizza,Eusébio,104.64,44.0,4.0,Cartão de débito,Entregue
2190,2026-03-02,11:54,Churrasco & Cia,Churrasco,Caucaia,166.59,54.0,5.0,Pix,Entregue
2191,2026-03-31,14:26,Tempero Cearense,Saudável,Eusébio,67.77,36.0,3.0,Pix,Entregue
2192,2026-03-20,21:16,Pizza Express,Pizza,Caucaia,117.92,40.0,5.0,Cartão de débito,Entregue
2193,2026-03-04,23:45,Cantinho da Massa,Massas,Caucaia,112.53,33.0,2.0,Pix,Entregue
2194,2026-03-09,10:33,Burger House,Hambúrguer,Eusébio,55.92,52.0,3.0,Dinheiro,Entregue
2195,2026-05-03,21:59,Sushi Fortaleza,Sushi,Caucaia,35.96,25.0,1.0,Cartão de crédito,Cancelado
2196,2026-05-27,17:08,Sabor Nordestino,Brasileira,Eusébio,38.42,45.0,1.0,Dinheiro,Entregue
2197,2026-05-13,15:12,Cantinho da Massa,Massas,Maracanaú,79.29,45.0,5.0,Cartão de débito,Entregue
2198,2026-02-02,10:15,Sabor Nordestino,Brasileira,Fortaleza,68.28,51.0,4.0,Pix,Entregue
2199,2026-01-17,12:46,Sushi Fortaleza,Sushi,Fortaleza,151.67,24.0,3.0,Cartão de crédito,Entregue
2200,2026-01-30,13:46,Açaí Tropical,Açaí,Caucaia,157.36,70.0,3.0,Dinheiro,Entregue
2201,2026-05-30,15:40,Açaí Tropical,Açaí,Fortaleza,108.86,42.0,1.0,Cartão de débito,Entregue
2202,2026-03-08,21:23,Cantinho da Massa,Massas,Eusébio,61.5,35.0,4.0,Dinheiro,Entregue
2203,2026-01-19,13:59,Churrasco & Cia,Churrasco,Fortaleza,161.6,33.0,2.0,Cartão de débito,Entregue
2204,2026-02-10,20:47,Burger House,Hambúrguer,Fortaleza,157.28,27.0,3.0,Dinheiro,Entregue
2205,2026-03-09,16:13,Pizza Express,Pizza,Fortaleza,68.2,57.0,4.0,Dinheiro,Entregue
2206,2026-06-27,20:51,Tempero Cearense,Saudável,Fortaleza,25.23,65.0,3.0,Cartão de débito,Entregue
2207,2026-03-13,16:48,Sabor Nordestino,Brasileira,Eusébio,161.78,56.0,1.0,Dinheiro,Entregue
2208,2026-03-15,11:29,Cantinho da Massa,Massas,Eusébio,178.97,34.0,2.0,Pix,Entregue
2209,2026-02-28,18:50,Churrasco & Cia,Churrasco,Fortaleza,46.14,67.0,5.0,Pix,Entregue
2210,2026-03-28,12:28,Churrasco & Cia,Churrasco,Eusébio,51.84,23.0,5.0,Cartão de débito,Entregue
2211,2026-03-01,10:08,Sabor Nordestino,Brasileira,Eusébio,72.83,51.0,1.0,Cartão de débito,Entregue
2212,2026-01-03,13:01,Sushi Fortaleza,Sushi,Eusébio,60.58,44.0,4.0,Cartão de crédito,Entregue
2213,2026-02-01,20:57,Tempero Cearense,Saudável,Maracanaú,78.43,67.0,1.0,Dinheiro,Entregue
2214,2026-02-06,22:30,Churrasco & Cia,Churrasco,Caucaia,59.86,62.0,1.0,Cartão de débito,Entregue
2215,2026-04-05,13:03,Pizza Express,Pizza,Eusébio,165.64,62.0,5.0,Pix,Entregue
2216,2026-02-13,13:01,Sushi Fortaleza,Sushi,Caucaia,134.68,65.0,2.0,Cartão de crédito,Entregue
2217,2026-03-17,17:04,Sabor Nordestino,Brasileira,Fortaleza,92.68,25.0,2.0,Cartão de débito,Entregue
2218,2026-04-06,10:28,Tempero Cearense,Saudável,Caucaia,125.69,49.0,4.0,Cartão de crédito,Entregue
2219,2026-05-02,20:40,Açaí Tropical,Açaí,Caucaia,151.97,41.0,1.0,Cartão de débito,Entregue
2220,2026-01-13,16:23,Sushi Fortaleza,Sushi,Maracanaú,44.65,58.0,4.0,Cartão de débito,Entregue
2221,2026-01-17,12:09,Churrasco & Cia,Churrasco,Fortaleza,148.43,52.0,3.0,Dinheiro,Entregue
2222,2026-05-17,14:45,Cantinho da Massa,Massas,Eusébio,171.54,46.0,2.0,Cartão de débito,Entregue
2223,2026-01-20,22:11,Pizza Express,Pizza,Eusébio,33.53,18.0,1.0,Dinheiro,Cancelado
2224,2026-01-11,13:44,Churrasco & Cia,Churrasco,Maracanaú,149.17,62.0,5.0,Cartão de crédito,Entregue
2225,2026-01-19,17:54,Sabor Nordestino,Brasileira,Maracanaú,66.62,17.0,2.0,Cartão de débito,Entregue
2226,2026-05-31,19:39,Cantinho da Massa,Massas,Caucaia,48.51,35.0,1.0,Dinheiro,Entregue
2227,2026-02-14,12:57,Açaí Tropical,Açaí,Maracanaú,139.75,30.0,2.0,Dinheiro,Entregue
2228,2026-01-06,15:54,Cantinho da Massa,Massas,Eusébio,43.09,39.0,2.0,Dinheiro,Entregue
2229,2026-06-25,22:16,Tempero Cearense,Saudável,Eusébio,165.4,62.0,1.0,Cartão de débito,Entregue
2230,2026-03-16,14:19,Açaí Tropical,Açaí,Fortaleza,68.76,68.0,5.0,Dinheiro,Entregue
2231,2026-05-29,15:00,Cantinho da Massa,Massas,Maracanaú,23.33,25.0,1.0,Pix,Entregue
2232,2026-04-07,22:32,Churrasco & Cia,Churrasco,Fortaleza,117.93,70.0,3.0,Cartão de débito,Entregue
2233,2026-04-25,17:16,Burger House,Hambúrguer,Maracanaú,88.34,57.0,2.0,Cartão de débito,Entregue
2234,2026-06-03,21:20,Tempero Cearense,Saudável,Eusébio,62.88,43.0,4.0,Dinheiro,Entregue
2235,2026-02-13,12:58,Churrasco & Cia,Churrasco,Eusébio,22.81,20.0,4.0,Pix,Entregue
2236,2026-02-06,22:38,Burger House,Hambúrguer,Fortaleza,124.66,51.0,2.0,Cartão de débito,Entregue
2237,2026-01-30,11:20,Tempero Cearense,Saudável,Eusébio,26.73,52.0,3.0,Pix,Entregue
2238,2026-06-29,19:25,Sushi Fortaleza,Sushi,Maracanaú,59.1,57.0,2.0,Dinheiro,Entregue
2239,2026-06-09,21:18,Burger House,Hambúrguer,Fortaleza,89.03,19.0,3.0,Pix,Entregue
2240,2026-01-07,20:42,Churrasco & Cia,Churrasco,Fortaleza,51.13,61.0,1.0,Cartão de débito,Entregue
2241,2026-01-11,10:17,Sushi Fortaleza,Sushi,Eusébio,30.28,56.0,1.0,Cartão de débito,Entregue
2242,2026-01-25,23:11,Pizza Express,Pizza,Caucaia,139.87,47.0,1.0,Pix,Entregue
2243,2026-04-22,18:26,Açaí Tropical,Açaí,Maracanaú,67.67,15.0,1.0,Cartão de crédito,Entregue
2244,2026-03-09,18:34,Sabor Nordestino,Brasileira,Maracanaú,69.49,34.0,2.0,Cartão de crédito,Entregue
2245,2026-04-10,12:36,Açaí Tropical,Açaí,Maracanaú,122.12,45.0,2.0,Pix,Entregue
2246,2026-04-10,20:25,Cantinho da Massa,Massas,Maracanaú,139.83,64.0,1.0,Dinheiro,Entregue
2247,2026-02-25,14:42,Burger House,Hambúrguer,Fortaleza,117.68,60.0,4.0,Cartão de débito,Entregue
2248,2026-02-19,12:01,Cantinho da Massa,Massas,Fortaleza,27.28,25.0,5.0,Pix,Entregue
2249,2026-01-29,14:46,Açaí Tropical,Açaí,Fortaleza,34.41,70.0,5.0,Dinheiro,Entregue
2250,2026-04-15,19:39,Cantinho da Massa,Massas,Fortaleza,124.27,47.0,2.0,Cartão de crédito,Entregue
2251,2026-01-06,10:14,Tempero Cearense,Saudável,Maracanaú,85.57,62.0,2.0,Cartão de crédito,Entregue
2252,2026-03-31,13:47,Burger House,Hambúrguer,Caucaia,50.94,40.0,2.0,Cartão de crédito,Entregue
2253,2026-06-11,10:20,Burger House,Hambúrguer,Caucaia,59.08,48.0,2.0,Cartão de crédito,Entregue
2254,2026-05-22,21:10,Tempero Cearense,Saudável,Eusébio,125.6,51.0,5.0,Cartão de crédito,Entregue
2255,2026-04-12,18:44,Tempero Cearense,Saudável,Eusébio,151.62,63.0,4.0,Cartão de débito,Entregue
2256,2026-02-15,23:35,Sushi Fortaleza,Sushi,Maracanaú,127.71,28.0,2.0,Dinheiro,Entregue
2257,2026-01-22,18:21,Pizza Express,Pizza,Maracanaú,48.33,44.0,1.0,Cartão de débito,Entregue
2258,2026-03-20,22:06,Sabor Nordestino,Brasileira,Fortaleza,50.38,57.0,5.0,Cartão de débito,Entregue
2259,2026-02-27,21:38,Burger House,Hambúrguer,Fortaleza,127.68,69.0,5.0,Cartão de débito,Entregue
2260,2026-02-17,17:47,Pizza Express,Pizza,Maracanaú,72.06,63.0,1.0,Dinheiro,Cancelado
2261,2026-05-04,17:24,Pizza Express,Pizza,Fortaleza,87.6,55.0,3.0,Cartão de débito,Entregue
2262,2026-05-18,18:06,Cantinho da Massa,Massas,Eusébio,143.25,54.0,2.0,Dinheiro,Entregue
2263,2026-04-15,11:29,Pizza Express,Pizza,Caucaia,175.19,41.0,5.0,Cartão de débito,Entregue
2264,2026-03-18,15:42,Açaí Tropical,Açaí,Eusébio,137.51,16.0,2.0,Dinheiro,Entregue
2265,2026-06-28,23:25,Tempero Cearense,Saudável,Eusébio,117.86,37.0,5.0,Cartão de crédito,Entregue
2266,2026-04-25,13:19,Burger House,Hambúrguer,Caucaia,72.18,53.0,3.0,Dinheiro,Entregue
2267,2026-01-03,22:28,Cantinho da Massa,Massas,Eusébio,112.69,53.0,1.0,Dinheiro,Entregue
2268,2026-05-02,12:48,Tempero Cearense,Saudável,Maracanaú,114.44,34.0,1.0,Dinheiro,Entregue
2269,2026-04-12,17:01,Sabor Nordestino,Brasileira,Maracanaú,69.12,58.0,4.0,Pix,Entregue
2270,2026-06-25,19:54,Cantinho da Massa,Massas,Maracanaú,64.13,47.0,2.0,Pix,Entregue
2271,2026-04-29,13:18,Açaí Tropical,Açaí,Caucaia,53.0,61.0,5.0,Cartão de crédito,Cancelado
2272,2026-03-16,22:37,Sabor Nordestino,Brasileira,Caucaia,66.4,15.0,5.0,Cartão de débito,Entregue
2273,2026-05-12,22:25,Sabor Nordestino,Brasileira,Caucaia,174.38,22.0,1.0,Cartão de débito,Entregue
2274,2026-04-28,10:25,Tempero Cearense,Saudável,Caucaia,108.46,18.0,1.0,Cartão de débito,Entregue
2275,2026-03-06,15:33,Pizza Express,Pizza,Eusébio,20.09,49.0,5.0,Cartão de débito,Entregue
2276,2026-01-11,15:30,Cantinho da Massa,Massas,Eusébio,119.02,62.0,4.0,Pix,Entregue
2277,2026-01-28,18:22,Tempero Cearense,Saudável,Eusébio,22.33,43.0,3.0,Cartão de crédito,Entregue
2278,2026-02-24,10:43,Churrasco & Cia,Churrasco,Maracanaú,141.56,40.0,1.0,Pix,Entregue
2279,2026-01-05,15:24,Cantinho da Massa,Massas,Fortaleza,109.27,64.0,5.0,Cartão de débito,Entregue
2280,2026-05-19,20:54,Cantinho da Massa,Massas,Maracanaú,91.81,18.0,5.0,Dinheiro,Entregue
2281,2026-01-05,20:07,Açaí Tropical,Açaí,Eusébio,86.31,56.0,1.0,Cartão de crédito,Entregue
2282,2026-02-22,16:23,Pizza Express,Pizza,Fortaleza,56.95,33.0,3.0,Pix,Entregue
2283,2026-06-02,10:25,Açaí Tropical,Açaí,Caucaia,126.44,42.0,5.0,Dinheiro,Entregue
2284,2026-04-06,12:19,Sabor Nordestino,Brasileira,Maracanaú,42.68,64.0,2.0,Cartão de crédito,Entregue
2285,2026-03-30,19:38,Tempero Cearense,Saudável,Maracanaú,41.91,42.0,2.0,Cartão de débito,Entregue
2286,2026-02-16,11:38,Sabor Nordestino,Brasileira,Caucaia,57.75,55.0,3.0,Dinheiro,Entregue
2287,2026-03-08,17:19,Açaí Tropical,Açaí,Maracanaú,68.57,33.0,3.0,Pix,Entregue
2288,2026-06-03,16:20,Burger House,Hambúrguer,Fortaleza,155.7,67.0,2.0,Cartão de débito,Entregue
2289,2026-05-06,23:05,Burger House,Hambúrguer,Caucaia,73.28,37.0,2.0,Cartão de crédito,Entregue
2290,2026-06-02,10:00,Sushi Fortaleza,Sushi,Maracanaú,40.44,26.0,1.0,Cartão de crédito,Entregue
2291,2026-05-01,13:59,Burger House,Hambúrguer,Maracanaú,99.14,42.0,3.0,Cartão de débito,Entregue
2292,2026-05-23,15:45,Churrasco & Cia,Churrasco,Caucaia,47.36,52.0,3.0,Cartão de débito,Entregue
2293,2026-03-30,12:45,Churrasco & Cia,Churrasco,Fortaleza,84.97,47.0,3.0,Dinheiro,Entregue
2294,2026-01-22,17:04,Sabor Nordestino,Brasileira,Caucaia,166.6,48.0,1.0,Pix,Entregue
2295,2026-01-24,14:28,Açaí Tropical,Açaí,Caucaia,63.08,29.0,3.0,Cartão de débito,Entregue
2296,2026-02-06,14:28,Cantinho da Massa,Massas,Fortaleza,153.32,69.0,4.0,Cartão de crédito,Entregue
2297,2026-03-18,21:51,Açaí Tropical,Açaí,Eusébio,61.59,69.0,5.0,Cartão de débito,Entregue
2298,2026-03-01,17:32,Sabor Nordestino,Brasileira,Eusébio,51.24,48.0,2.0,Dinheiro,Entregue
2299,2026-01-18,21:12,Sushi Fortaleza,Sushi,Eusébio,88.34,17.0,5.0,Dinheiro,Entregue
2300,2026-02-14,22:58,Pizza Express,Pizza,Caucaia,147.1,45.0,5.0,Dinheiro,Entregue
2301,2026-03-15,23:35,Tempero Cearense,Saudável,Eusébio,70.56,19.0,3.0,Cartão de débito,Entregue
2302,2026-06-27,14:26,Churrasco & Cia,Churrasco,Eusébio,168.25,61.0,2.0,Dinheiro,Entregue
2303,2026-05-12,10:06,Pizza Express,Pizza,Caucaia,87.98,45.0,2.0,Pix,Entregue
2304,2026-04-08,17:05,Açaí Tropical,Açaí,Maracanaú,138.77,25.0,5.0,Dinheiro,Entregue
2305,2026-01-17,14:14,Sushi Fortaleza,Sushi,Maracanaú,41.85,53.0,5.0,Pix,Entregue
2306,2026-06-11,22:27,Cantinho da Massa,Massas,Caucaia,28.43,52.0,5.0,Cartão de crédito,Entregue
2307,2026-01-29,10:34,Churrasco & Cia,Churrasco,Maracanaú,56.46,16.0,5.0,Cartão de débito,Entregue
2308,2026-06-25,21:21,Burger House,Hambúrguer,Fortaleza,132.68,49.0,5.0,Dinheiro,Entregue
2309,2026-03-16,14:10,Cantinho da Massa,Massas,Maracanaú,64.31,47.0,5.0,Pix,Entregue
2310,2026-06-21,19:46,Açaí Tropical,Açaí,Caucaia,90.09,50.0,3.0,Dinheiro,Entregue
2311,2026-05-27,15:48,Burger House,Hambúrguer,Fortaleza,154.81,18.0,2.0,Cartão de débito,Entregue
2312,2026-05-30,17:46,Pizza Express,Pizza,Eusébio,67.88,49.0,2.0,Dinheiro,Entregue
2313,2026-04-29,10:59,Churrasco & Cia,Churrasco,Caucaia,166.54,31.0,3.0,Cartão de crédito,Entregue
2314,2026-02-22,16:31,Burger House,Hambúrguer,Maracanaú,177.13,21.0,1.0,Cartão de débito,Entregue
2315,2026-06-13,10:13,Churrasco & Cia,Churrasco,Maracanaú,155.83,22.0,1.0,Cartão de débito,Entregue
2316,2026-05-06,23:34,Pizza Express,Pizza,Caucaia,171.24,36.0,5.0,Cartão de crédito,Entregue
2317,2026-01-06,21:50,Burger House,Hambúrguer,Fortaleza,91.25,51.0,1.0,Pix,Entregue
2318,2026-05-24,23:27,Tempero Cearense,Saudável,Eusébio,55.36,65.0,3.0,Cartão de crédito,Entregue
2319,2026-06-18,15:47,Sabor Nordestino,Brasileira,Maracanaú,173.79,15.0,3.0,Cartão de débito,Entregue
2320,2026-04-12,10:47,Pizza Express,Pizza,Fortaleza,112.11,65.0,5.0,Cartão de crédito,Entregue
2321,2026-05-17,12:54,Açaí Tropical,Açaí,Caucaia,41.5,70.0,3.0,Pix,Entregue
2322,2026-04-20,10:36,Sabor Nordestino,Brasileira,Caucaia,152.22,66.0,1.0,Cartão de crédito,Entregue
2323,2026-03-25,10:56,Burger House,Hambúrguer,Caucaia,53.95,44.0,2.0,Dinheiro,Entregue
2324,2026-03-29,21:50,Açaí Tropical,Açaí,Eusébio,80.66,40.0,2.0,Dinheiro,Entregue
2325,2026-06-26,15:32,Tempero Cearense,Saudável,Eusébio,53.44,30.0,5.0,Cartão de crédito,Entregue
2326,2026-06-10,15:34,Churrasco & Cia,Churrasco,Maracanaú,34.46,55.0,3.0,Dinheiro,Entregue
2327,2026-01-23,20:21,Tempero Cearense,Saudável,Maracanaú,58.31,46.0,5.0,Cartão de débito,Entregue
2328,2026-01-30,11:24,Cantinho da Massa,Massas,Eusébio,82.86,58.0,5.0,Cartão de crédito,Entregue
2329,2026-05-11,13:30,Açaí Tropical,Açaí,Eusébio,93.11,69.0,2.0,Dinheiro,Cancelado
2330,2026-06-16,16:26,Sabor Nordestino,Brasileira,Caucaia,166.26,33.0,2.0,Cartão de crédito,Entregue
2331,2026-03-07,14:04,Tempero Cearense,Saudável,Fortaleza,25.59,21.0,5.0,Dinheiro,Cancelado
2332,2026-03-24,20:57,Sushi Fortaleza,Sushi,Caucaia,105.67,67.0,3.0,Dinheiro,Entregue
2333,2026-01-11,15:07,Sabor Nordestino,Brasileira,Eusébio,127.08,49.0,1.0,Cartão de débito,Entregue
2334,2026-02-24,10:16,Burger House,Hambúrguer,Maracanaú,87.15,42.0,2.0,Cartão de crédito,Entregue
2335,2026-03-08,20:17,Açaí Tropical,Açaí,Fortaleza,104.62,52.0,2.0,Pix,Entregue
2336,2026-01-06,19:26,Sabor Nordestino,Brasileira,Maracanaú,99.25,31.0,5.0,Cartão de crédito,Entregue
2337,2026-02-14,18:34,Cantinho da Massa,Massas,Maracanaú,142.44,70.0,3.0,Pix,Entregue
2338,2026-06-30,13:53,Churrasco & Cia,Churrasco,Maracanaú,41.73,46.0,1.0,Dinheiro,Entregue
2339,2026-02-20,10:41,Tempero Cearense,Saudável,Fortaleza,146.21,63.0,4.0,Pix,Entregue
2340,2026-01-09,13:19,Sushi Fortaleza,Sushi,Fortaleza,101.16,28.0,5.0,Dinheiro,Entregue
2341,2026-04-02,18:14,Sushi Fortaleza,Sushi,Eusébio,84.75,63.0,4.0,Dinheiro,Entregue
2342,2026-03-06,11:14,Sabor Nordestino,Brasileira,Fortaleza,119.63,22.0,3.0,Cartão de débito,Entregue
2343,2026-06-13,23:26,Sabor Nordestino,Brasileira,Eusébio,107.19,40.0,2.0,Pix,Entregue
2344,2026-02-12,10:59,Cantinho da Massa,Massas,Fortaleza,124.83,25.0,2.0,Cartão de crédito,Entregue
2345,2026-06-17,15:28,Açaí Tropical,Açaí,Eusébio,21.17,63.0,3.0,Cartão de crédito,Entregue
2346,2026-06-26,17:44,Cantinho da Massa,Massas,Fortaleza,110.4,25.0,3.0,Pix,Cancelado
2347,2026-03-03,23:35,Pizza Express,Pizza,Fortaleza,119.42,60.0,5.0,Pix,Entregue
2348,2026-06-12,12:09,Cantinho da Massa,Massas,Maracanaú,24.51,61.0,5.0,Dinheiro,Entregue
2349,2026-04-10,14:55,Tempero Cearense,Saudável,Eusébio,49.33,38.0,1.0,Dinheiro,Entregue
2350,2026-02-06,12:18,Sabor Nordestino,Brasileira,Caucaia,153.18,59.0,2.0,Cartão de débito,Entregue
2351,2026-01-28,18:53,Sabor Nordestino,Brasileira,Fortaleza,50.79,39.0,5.0,Dinheiro,Entregue
2352,2026-04-08,13:03,Açaí Tropical,Açaí,Fortaleza,43.89,40.0,4.0,Cartão de débito,Entregue
2353,2026-02-08,22:02,Sabor Nordestino,Brasileira,Caucaia,144.71,30.0,4.0,Dinheiro,Entregue
2354,2026-01-18,19:23,Sushi Fortaleza,Sushi,Maracanaú,173.35,52.0,1.0,Cartão de crédito,Entregue
2355,2026-05-02,19:20,Sabor Nordestino,Brasileira,Fortaleza,35.32,30.0,2.0,Pix,Cancelado
2356,2026-05-25,10:01,Açaí Tropical,Açaí,Eusébio,118.45,20.0,2.0,Cartão de crédito,Entregue
2357,2026-02-13,12:05,Pizza Express,Pizza,Eusébio,106.49,39.0,5.0,Cartão de crédito,Entregue
2358,2026-05-01,11:41,Tempero Cearense,Saudável,Maracanaú,42.81,22.0,1.0,Pix,Entregue
2359,2026-03-13,21:26,Pizza Express,Pizza,Maracanaú,37.75,25.0,5.0,Cartão de crédito,Entregue
2360,2026-01-02,17:16,Cantinho da Massa,Massas,Eusébio,85.13,24.0,2.0,Pix,Entregue
2361,2026-02-03,12:23,Burger House,Hambúrguer,Fortaleza,123.67,15.0,2.0,Pix,Entregue
2362,2026-05-31,14:48,Pizza Express,Pizza,Eusébio,172.7,57.0,1.0,Pix,Entregue
2363,2026-04-25,22:53,Açaí Tropical,Açaí,Eusébio,80.13,16.0,2.0,Cartão de débito,Entregue
2364,2026-06-10,15:20,Pizza Express,Pizza,Eusébio,167.67,45.0,4.0,Cartão de crédito,Entregue
2365,2026-06-04,23:19,Sabor Nordestino,Brasileira,Eusébio,63.26,37.0,3.0,Pix,Entregue
2366,2026-01-10,12:06,Pizza Express,Pizza,Fortaleza,71.15,49.0,5.0,Cartão de crédito,Entregue
2367,2026-04-21,18:56,Tempero Cearense,Saudável,Caucaia,137.2,66.0,5.0,Dinheiro,Entregue
2368,2026-05-23,16:50,Tempero Cearense,Saudável,Eusébio,54.22,39.0,1.0,Cartão de crédito,Entregue
2369,2026-03-10,14:29,Cantinho da Massa,Massas,Fortaleza,101.79,29.0,4.0,Cartão de crédito,Cancelado
2370,2026-01-29,19:02,Açaí Tropical,Açaí,Caucaia,119.15,51.0,2.0,Cartão de crédito,Entregue
2371,2026-01-12,10:25,Sushi Fortaleza,Sushi,Maracanaú,117.27,61.0,2.0,Cartão de débito,Entregue
2372,2026-02-28,14:34,Cantinho da Massa,Massas,Maracanaú,63.27,17.0,5.0,Cartão de débito,Entregue
2373,2026-05-27,18:26,Churrasco & Cia,Churrasco,Caucaia,89.07,24.0,1.0,Cartão de débito,Entregue
2374,2026-02-12,13:47,Açaí Tropical,Açaí,Eusébio,158.6,37.0,3.0,Cartão de crédito,Entregue
2375,2026-02-25,10:03,Sabor Nordestino,Brasileira,Fortaleza,107.77,39.0,2.0,Pix,Entregue
2376,2026-04-14,17:15,Pizza Express,Pizza,Fortaleza,20.54,48.0,5.0,Cartão de crédito,Entregue
2377,2026-01-31,16:51,Sabor Nordestino,Brasileira,Fortaleza,112.74,69.0,1.0,Dinheiro,Entregue
2378,2026-06-10,12:52,Sushi Fortaleza,Sushi,Eusébio,129.68,27.0,4.0,Dinheiro,Entregue
2379,2026-06-08,10:24,Sabor Nordestino,Brasileira,Caucaia,68.03,68.0,1.0,Dinheiro,Entregue
2380,2026-03-08,16:15,Sabor Nordestino,Brasileira,Fortaleza,23.69,53.0,5.0,Pix,Entregue
2381,2026-03-05,16:07,Pizza Express,Pizza,Eusébio,172.49,20.0,1.0,Cartão de crédito,Entregue
2382,2026-06-19,19:35,Churrasco & Cia,Churrasco,Caucaia,72.76,24.0,5.0,Pix,Entregue
2383,2026-01-05,13:40,Cantinho da Massa,Massas,Fortaleza,30.95,28.0,3.0,Cartão de débito,Entregue
2384,2026-04-16,10:28,Churrasco & Cia,Churrasco,Maracanaú,170.95,53.0,5.0,Pix,Entregue
2385,2026-06-30,14:55,Tempero Cearense,Saudável,Maracanaú,90.66,60.0,1.0,Cartão de crédito,Entregue
2386,2026-02-05,14:56,Sabor Nordestino,Brasileira,Eusébio,133.01,49.0,1.0,Cartão de débito,Entregue
2387,2026-06-17,13:32,Açaí Tropical,Açaí,Caucaia,174.9,24.0,4.0,Cartão de débito,Entregue
2388,2026-03-30,18:56,Pizza Express,Pizza,Maracanaú,61.93,35.0,2.0,Dinheiro,Entregue
2389,2026-04-02,20:12,Tempero Cearense,Saudável,Caucaia,45.56,29.0,3.0,Dinheiro,Entregue
2390,2026-03-17,11:10,Pizza Express,Pizza,Eusébio,108.27,36.0,1.0,Cartão de crédito,Entregue
2391,2026-01-18,20:11,Churrasco & Cia,Churrasco,Caucaia,110.31,33.0,4.0,Cartão de crédito,Entregue
2392,2026-01-16,17:38,Burger House,Hambúrguer,Eusébio,28.86,42.0,4.0,Cartão de crédito,Entregue
2393,2026-02-02,18:15,Burger House,Hambúrguer,Maracanaú,33.87,20.0,2.0,Cartão de débito,Cancelado
2394,2026-02-02,19:47,Tempero Cearense,Saudável,Fortaleza,76.14,23.0,1.0,Pix,Entregue
2395,2026-04-06,10:31,Tempero Cearense,Saudável,Maracanaú,140.23,29.0,3.0,Pix,Entregue
2396,2026-01-12,14:41,Burger House,Hambúrguer,Eusébio,176.56,41.0,2.0,Pix,Entregue
2397,2026-01-07,11:39,Pizza Express,Pizza,Caucaia,57.86,38.0,4.0,Cartão de débito,Cancelado
2398,2026-03-21,17:54,Burger House,Hambúrguer,Caucaia,57.58,50.0,4.0,Cartão de crédito,Entregue
2399,2026-04-15,18:10,Burger House,Hambúrguer,Caucaia,141.1,62.0,2.0,Dinheiro,Entregue
2400,2026-02-16,16:28,Sabor Nordestino,Brasileira,Maracanaú,155.57,60.0,4.0,Pix,Entregue
2401,2026-04-13,12:54,Burger House,Hambúrguer,Caucaia,177.37,54.0,4.0,Dinheiro,Entregue
2402,2026-04-24,18:54,Cantinho da Massa,Massas,Caucaia,95.73,68.0,1.0,Cartão de débito,Entregue
2403,2026-06-13,13:23,Sabor Nordestino,Brasileira,Fortaleza,86.04,21.0,5.0,Pix,Entregue
2404,2026-05-04,14:09,Burger House,Hambúrguer,Eusébio,70.11,32.0,2.0,Pix,Entregue
2405,2026-04-18,21:48,Tempero Cearense,Saudável,Eusébio,171.6,24.0,1.0,Pix,Entregue
2406,2026-04-21,23:16,Churrasco & Cia,Churrasco,Eusébio,77.11,51.0,2.0,Cartão de crédito,Cancelado
2407,2026-06-18,21:17,Cantinho da Massa,Massas,Fortaleza,142.63,21.0,5.0,Dinheiro,Entregue
2408,2026-05-20,18:05,Burger House,Hambúrguer,Maracanaú,59.85,69.0,4.0,Cartão de débito,Entregue
2409,2026-03-28,20:37,Cantinho da Massa,Massas,Eusébio,135.84,48.0,5.0,Pix,Entregue
2410,2026-04-18,18:01,Tempero Cearense,Saudável,Maracanaú,61.55,64.0,1.0,Pix,Entregue
2411,2026-01-26,10:11,Pizza Express,Pizza,Eusébio,150.43,38.0,3.0,Cartão de débito,Entregue
2412,2026-03-13,11:51,Burger House,Hambúrguer,Eusébio,158.11,22.0,4.0,Cartão de crédito,Entregue
2413,2026-05-16,16:00,Sushi Fortaleza,Sushi,Maracanaú,42.76,60.0,5.0,Dinheiro,Entregue
2414,2026-01-15,13:10,Sabor Nordestino,Brasileira,Eusébio,36.81,43.0,5.0,Cartão de crédito,Entregue
2415,2026-03-12,10:00,Sushi Fortaleza,Sushi,Caucaia,167.04,45.0,1.0,Cartão de débito,Entregue
2416,2026-06-26,17:47,Pizza Express,Pizza,Maracanaú,141.91,50.0,4.0,Cartão de crédito,Entregue
2417,2026-01-27,20:48,Tempero Cearense,Saudável,Eusébio,141.69,37.0,5.0,Cartão de crédito,Entregue
2418,2026-03-08,11:37,Cantinho da Massa,Massas,Maracanaú,151.44,36.0,3.0,Cartão de crédito,Entregue
2419,2026-01-20,13:28,Churrasco & Cia,Churrasco,Eusébio,74.03,25.0,1.0,Cartão de crédito,Entregue
2420,2026-02-12,18:33,Açaí Tropical,Açaí,Fortaleza,95.47,64.0,4.0,Cartão de crédito,Entregue
2421,2026-04-30,11:26,Pizza Express,Pizza,Maracanaú,24.4,59.0,5.0,Cartão de crédito,Entregue
2422,2026-05-01,23:09,Burger House,Hambúrguer,Eusébio,128.3,63.0,5.0,Dinheiro,Entregue
2423,2026-05-06,22:07,Sushi Fortaleza,Sushi,Maracanaú,74.22,29.0,1.0,Dinheiro,Entregue
2424,2026-05-24,23:06,Sabor Nordestino,Brasileira,Eusébio,147.72,50.0,1.0,Pix,Entregue
2425,2026-04-30,23:32,Sabor Nordestino,Brasileira,Fortaleza,47.15,31.0,3.0,Cartão de débito,Entregue
2426,2026-02-04,13:56,Tempero Cearense,Saudável,Eusébio,45.96,67.0,1.0,Dinheiro,Entregue
2427,2026-04-09,19:42,Tempero Cearense,Saudável,Caucaia,155.51,31.0,4.0,Dinheiro,Entregue
2428,2026-04-24,20:43,Churrasco & Cia,Churrasco,Fortaleza,89.91,59.0,1.0,Cartão de débito,Entregue
2429,2026-04-04,21:47,Burger House,Hambúrguer,Fortaleza,71.5,62.0,1.0,Dinheiro,Entregue
2430,2026-02-07,16:04,Sabor Nordestino,Brasileira,Maracanaú,168.44,28.0,2.0,Pix,Entregue
2431,2026-06-16,18:49,Cantinho da Massa,Massas,Eusébio,65.13,28.0,1.0,Cartão de débito,Entregue
2432,2026-03-15,18:54,Cantinho da Massa,Massas,Fortaleza,55.26,15.0,3.0,Cartão de crédito,Entregue
2433,2026-06-03,22:51,Pizza Express,Pizza,Fortaleza,70.62,29.0,1.0,Cartão de débito,Entregue
2434,2026-01-19,16:30,Churrasco & Cia,Churrasco,Maracanaú,131.73,40.0,2.0,Cartão de débito,Entregue
2435,2026-06-07,23:21,Sushi Fortaleza,Sushi,Caucaia,107.99,20.0,1.0,Pix,Entregue
2436,2026-01-31,22:17,Açaí Tropical,Açaí,Maracanaú,61.53,24.0,4.0,Dinheiro,Entregue
2437,2026-02-01,15:30,Sushi Fortaleza,Sushi,Caucaia,71.35,63.0,1.0,Cartão de débito,Entregue
2438,2026-01-20,17:58,Açaí Tropical,Açaí,Caucaia,149.15,23.0,2.0,Pix,Entregue
2439,2026-05-08,18:06,Churrasco & Cia,Churrasco,Caucaia,61.54,39.0,1.0,Dinheiro,Entregue
2440,2026-04-09,10:09,Cantinho da Massa,Massas,Caucaia,89.62,62.0,3.0,Pix,Entregue
2441,2026-04-29,17:09,Sabor Nordestino,Brasileira,Caucaia,30.35,21.0,1.0,Dinheiro,Entregue
2442,2026-05-09,17:07,Churrasco & Cia,Churrasco,Maracanaú,148.88,63.0,4.0,Cartão de débito,Entregue
2443,2026-01-16,13:06,Açaí Tropical,Açaí,Caucaia,69.1,29.0,5.0,Cartão de crédito,Entregue
2444,2026-04-24,14:52,Pizza Express,Pizza,Caucaia,100.52,35.0,4.0,Cartão de débito,Entregue
2445,2026-02-11,19:11,Churrasco & Cia,Churrasco,Caucaia,143.29,40.0,5.0,Dinheiro,Cancelado
2446,2026-04-26,12:35,Cantinho da Massa,Massas,Fortaleza,91.79,42.0,3.0,Cartão de débito,Entregue
2447,2026-06-17,16:43,Sushi Fortaleza,Sushi,Eusébio,96.52,19.0,2.0,Pix,Entregue
2448,2026-05-21,16:30,Tempero Cearense,Saudável,Eusébio,77.3,23.0,2.0,Dinheiro,Entregue
2449,2026-05-02,19:03,Tempero Cearense,Saudável,Fortaleza,147.57,48.0,5.0,Dinheiro,Entregue
2450,2026-03-01,12:03,Churrasco & Cia,Churrasco,Caucaia,144.39,31.0,1.0,Pix,Entregue
2451,2026-06-25,18:53,Burger House,Hambúrguer,Maracanaú,52.0,41.0,1.0,Pix,Entregue
2452,2026-04-26,16:16,Sabor Nordestino,Brasileira,Caucaia,50.7,56.0,3.0,Dinheiro,Entregue
2453,2026-05-02,18:38,Açaí Tropical,Açaí,Maracanaú,133.71,37.0,3.0,Cartão de débito,Entregue
2454,2026-01-20,19:45,Sabor Nordestino,Brasileira,Eusébio,152.99,48.0,3.0,Cartão de débito,Entregue
2455,2026-05-03,13:55,Tempero Cearense,Saudável,Eusébio,92.87,28.0,2.0,Cartão de crédito,Entregue
2456,2026-02-14,20:09,Açaí Tropical,Açaí,Fortaleza,37.03,19.0,4.0,Pix,Entregue
2457,2026-05-06,16:38,Pizza Express,Pizza,Maracanaú,37.06,25.0,1.0,Pix,Entregue
2458,2026-05-20,15:07,Cantinho da Massa,Massas,Caucaia,153.94,40.0,5.0,Cartão de débito,Entregue
2459,2026-02-14,11:53,Tempero Cearense,Saudável,Fortaleza,53.17,69.0,2.0,Cartão de débito,Entregue
2460,2026-02-16,21:26,Sabor Nordestino,Brasileira,Fortaleza,179.5,32.0,2.0,Dinheiro,Entregue
2461,2026-01-20,10:27,Sabor Nordestino,Brasileira,Fortaleza,92.09,63.0,1.0,Cartão de débito,Entregue
2462,2026-01-21,16:59,Sushi Fortaleza,Sushi,Maracanaú,161.94,17.0,3.0,Cartão de crédito,Entregue
2463,2026-03-16,19:12,Sushi Fortaleza,Sushi,Eusébio,86.12,44.0,2.0,Pix,Entregue
2464,2026-04-07,19:14,Pizza Express,Pizza,Maracanaú,45.59,32.0,4.0,Dinheiro,Cancelado
2465,2026-05-23,10:34,Sushi Fortaleza,Sushi,Fortaleza,138.63,63.0,3.0,Pix,Entregue
2466,2026-03-31,19:46,Churrasco & Cia,Churrasco,Fortaleza,131.82,29.0,5.0,Cartão de débito,Entregue
2467,2026-06-29,12:48,Açaí Tropical,Açaí,Eusébio,106.55,20.0,2.0,Cartão de crédito,Entregue
2468,2026-02-26,15:41,Sabor Nordestino,Brasileira,Caucaia,175.99,51.0,4.0,Cartão de crédito,Entregue
2469,2026-04-21,21:26,Açaí Tropical,Açaí,Maracanaú,123.34,67.0,2.0,Dinheiro,Entregue
2470,2026-05-22,20:19,Churrasco & Cia,Churrasco,Eusébio,114.1,31.0,5.0,Pix,Entregue
2471,2026-01-01,18:54,Tempero Cearense,Saudável,Caucaia,150.57,41.0,4.0,Pix,Entregue
2472,2026-01-06,12:02,Sabor Nordestino,Brasileira,Fortaleza,110.41,68.0,2.0,Cartão de crédito,Entregue
2473,2026-01-20,15:49,Cantinho da Massa,Massas,Eusébio,119.15,32.0,3.0,Cartão de crédito,Entregue
2474,2026-02-14,12:22,Sushi Fortaleza,Sushi,Eusébio,53.01,15.0,2.0,Cartão de débito,Entregue
2475,2026-01-11,12:51,Churrasco & Cia,Churrasco,Caucaia,75.05,18.0,1.0,Cartão de débito,Cancelado
2476,2026-03-14,15:50,Sabor Nordestino,Brasileira,Eusébio,156.85,52.0,5.0,Pix,Entregue
2477,2026-02-23,19:12,Sushi Fortaleza,Sushi,Eusébio,160.02,33.0,2.0,Dinheiro,Entregue
2478,2026-06-01,16:08,Sabor Nordestino,Brasileira,Fortaleza,75.49,62.0,5.0,Cartão de débito,Entregue
2479,2026-03-10,22:17,Pizza Express,Pizza,Eusébio,160.75,18.0,4.0,Pix,Entregue
2480,2026-04-11,15:58,Burger House,Hambúrguer,Fortaleza,38.86,30.0,4.0,Dinheiro,Entregue
2481,2026-05-04,17:19,Churrasco & Cia,Churrasco,Caucaia,45.61,15.0,4.0,Cartão de débito,Entregue
2482,2026-03-10,20:05,Sushi Fortaleza,Sushi,Maracanaú,74.7,65.0,1.0,Cartão de débito,Entregue
2483,2026-04-25,11:44,Sushi Fortaleza,Sushi,Fortaleza,97.06,29.0,4.0,Cartão de débito,Entregue
2484,2026-03-12,17:20,Burger House,Hambúrguer,Maracanaú,60.3,21.0,2.0,Cartão de crédito,Entregue
2485,2026-04-19,11:28,Sushi Fortaleza,Sushi,Fortaleza,20.72,52.0,2.0,Pix,Entregue
2486,2026-02-05,14:03,Sushi Fortaleza,Sushi,Eusébio,132.82,19.0,3.0,Cartão de débito,Entregue
2487,2026-04-01,10:20,Pizza Express,Pizza,Caucaia,53.58,64.0,2.0,Cartão de crédito,Entregue
2488,2026-01-27,14:15,Sabor Nordestino,Brasileira,Maracanaú,97.62,52.0,4.0,Cartão de débito,Entregue
2489,2026-06-04,12:23,Cantinho da Massa,Massas,Eusébio,44.53,20.0,5.0,Cartão de débito,Entregue
2490,2026-03-07,20:51,Churrasco & Cia,Churrasco,Fortaleza,114.51,62.0,1.0,Pix,Entregue
2491,2026-05-04,17:02,Tempero Cearense,Saudável,Maracanaú,121.45,68.0,5.0,Cartão de débito,Cancelado
2492,2026-03-02,22:10,Tempero Cearense,Saudável,Caucaia,35.24,70.0,5.0,Cartão de crédito,Entregue
2493,2026-04-30,21:34,Cantinho da Massa,Massas,Maracanaú,63.99,48.0,3.0,Pix,Entregue
2494,2026-05-16,13:53,Burger House,Hambúrguer,Caucaia,131.92,60.0,4.0,Cartão de débito,Entregue
2495,2026-02-14,10:47,Cantinho da Massa,Massas,Maracanaú,97.16,57.0,5.0,Cartão de débito,Entregue
2496,2026-02-25,23:49,Churrasco & Cia,Churrasco,Caucaia,32.82,52.0,4.0,Cartão de débito,Entregue
2497,2026-02-14,12:55,Churrasco & Cia,Churrasco,Fortaleza,140.8,49.0,2.0,Pix,Entregue
2498,2026-06-19,20:25,Burger House,Hambúrguer,Caucaia,91.56,50.0,4.0,Cartão de débito,Entregue
2499,2026-03-06,12:41,Sabor Nordestino,Brasileira,Fortaleza,156.17,25.0,2.0,Cartão de débito,Entregue
2500,2026-01-23,14:36,Burger House,Hambúrguer,Fortaleza,146.09,53.0,4.0,Dinheiro,Entregue
2501,2026-06-27,17:02,Burger House,Hambúrguer,Maracanaú,83.76,31.0,3.0,Cartão de crédito,Cancelado
2502,2026-04-03,16:12,Burger House,Hambúrguer,Fortaleza,96.35,33.0,1.0,Cartão de crédito,Entregue
2503,2026-06-07,11:03,Pizza Express,Pizza,Eusébio,59.3,63.0,2.0,Cartão de débito,Entregue
2504,2026-03-18,23:29,Pizza Express,Pizza,Fortaleza,171.94,29.0,4.0,Cartão de crédito,Entregue
2505,2026-04-18,10:59,Burger House,Hambúrguer,Maracanaú,97.74,17.0,3.0,Dinheiro,Entregue
2506,2026-01-29,20:47,Tempero Cearense,Saudável,Fortaleza,95.84,42.0,2.0,Dinheiro,Entregue
2507,2026-05-15,21:22,Sabor Nordestino,Brasileira,Fortaleza,111.59,29.0,4.0,Cartão de débito,Entregue
2508,2026-04-19,11:28,Tempero Cearense,Saudável,Eusébio,157.18,58.0,1.0,Cartão de débito,Cancelado
2509,2026-02-20,22:26,Pizza Express,Pizza,Fortaleza,122.87,65.0,5.0,Pix,Entregue
2510,2026-01-24,16:19,Burger House,Hambúrguer,Eusébio,134.47,39.0,3.0,Pix,Entregue
2511,2026-03-15,11:58,Sushi Fortaleza,Sushi,Maracanaú,48.59,45.0,4.0,Pix,Entregue
2512,2026-04-18,22:02,Tempero Cearense,Saudável,Eusébio,146.41,53.0,3.0,Cartão de débito,Entregue
2513,2026-01-12,23:17,Tempero Cearense,Saudável,Fortaleza,95.74,69.0,3.0,Cartão de crédito,Entregue
2514,2026-04-23,10:05,Açaí Tropical,Açaí,Eusébio,47.59,59.0,2.0,Cartão de crédito,Entregue
2515,2026-03-15,18:14,Açaí Tropical,Açaí,Caucaia,62.66,32.0,1.0,Dinheiro,Entregue
2516,2026-03-10,15:27,Churrasco & Cia,Churrasco,Eusébio,100.16,39.0,5.0,Pix,Entregue
2517,2026-01-03,12:22,Cantinho da Massa,Massas,Caucaia,139.26,39.0,2.0,Dinheiro,Entregue
2518,2026-01-11,14:44,Açaí Tropical,Açaí,Eusébio,51.66,42.0,3.0,Cartão de crédito,Entregue
2519,2026-01-01,19:21,Sushi Fortaleza,Sushi,Caucaia,120.13,35.0,4.0,Pix,Entregue
2520,2026-04-11,21:17,Sushi Fortaleza,Sushi,Caucaia,144.84,53.0,1.0,Cartão de crédito,Entregue
2521,2026-02-26,17:34,Pizza Express,Pizza,Caucaia,127.51,18.0,3.0,Dinheiro,Entregue
2522,2026-06-12,16:47,Pizza Express,Pizza,Caucaia,55.54,47.0,5.0,Pix,Entregue
2523,2026-04-28,10:25,Tempero Cearense,Saudável,Fortaleza,106.76,43.0,3.0,Dinheiro,Entregue
2524,2026-04-17,23:29,Burger House,Hambúrguer,Maracanaú,140.8,40.0,5.0,Cartão de crédito,Entregue
2525,2026-03-18,21:05,Churrasco & Cia,Churrasco,Fortaleza,170.14,24.0,4.0,Dinheiro,Entregue
2526,2026-02-12,19:53,Pizza Express,Pizza,Fortaleza,144.33,34.0,3.0,Cartão de crédito,Entregue
2527,2026-06-16,23:53,Tempero Cearense,Saudável,Fortaleza,66.41,30.0,3.0,Dinheiro,Entregue
2528,2026-04-20,10:21,Sabor Nordestino,Brasileira,Eusébio,132.94,43.0,3.0,Dinheiro,Entregue
2529,2026-03-04,13:01,Tempero Cearense,Saudável,Maracanaú,123.14,57.0,2.0,Cartão de crédito,Entregue
2530,2026-05-01,21:50,Pizza Express,Pizza,Eusébio,49.29,26.0,4.0,Dinheiro,Entregue
2531,2026-05-02,19:41,Cantinho da Massa,Massas,Fortaleza,118.29,64.0,5.0,Dinheiro,Entregue
2532,2026-05-10,16:21,Sushi Fortaleza,Sushi,Caucaia,128.2,66.0,1.0,Dinheiro,Entregue
2533,2026-02-22,19:26,Sushi Fortaleza,Sushi,Caucaia,128.76,25.0,5.0,Dinheiro,Cancelado
2534,2026-01-07,21:54,Churrasco & Cia,Churrasco,Caucaia,155.71,69.0,3.0,Cartão de débito,Entregue
2535,2026-01-31,21:29,Sabor Nordestino,Brasileira,Caucaia,123.67,50.0,4.0,Cartão de crédito,Entregue
2536,2026-04-13,20:46,Açaí Tropical,Açaí,Fortaleza,85.14,28.0,2.0,Cartão de crédito,Entregue
2537,2026-04-13,22:10,Sabor Nordestino,Brasileira,Maracanaú,50.67,66.0,5.0,Cartão de débito,Entregue
2538,2026-05-11,23:39,Pizza Express,Pizza,Eusébio,98.49,50.0,2.0,Dinheiro,Entregue
2539,2026-02-22,22:51,Sushi Fortaleza,Sushi,Maracanaú,34.47,62.0,1.0,Dinheiro,Entregue
2540,2026-03-20,19:16,Burger House,Hambúrguer,Maracanaú,113.97,25.0,1.0,Cartão de débito,Entregue
2541,2026-06-01,18:43,Sushi Fortaleza,Sushi,Fortaleza,127.93,30.0,3.0,Pix,Entregue
2542,2026-06-13,19:44,Sabor Nordestino,Brasileira,Fortaleza,65.16,64.0,5.0,Dinheiro,Entregue
2543,2026-04-08,19:11,Pizza Express,Pizza,Caucaia,151.12,43.0,2.0,Cartão de crédito,Entregue
2544,2026-06-05,18:10,Cantinho da Massa,Massas,Eusébio,109.83,47.0,3.0,Cartão de débito,Entregue
2545,2026-06-28,12:50,Pizza Express,Pizza,Maracanaú,135.95,22.0,4.0,Dinheiro,Entregue
2546,2026-01-02,16:40,Tempero Cearense,Saudável,Caucaia,126.13,58.0,1.0,Pix,Entregue
2547,2026-05-16,19:55,Sabor Nordestino,Brasileira,Fortaleza,80.74,69.0,3.0,Cartão de débito,Entregue
2548,2026-06-17,18:05,Churrasco & Cia,Churrasco,Fortaleza,51.95,43.0,1.0,Cartão de crédito,Entregue
2549,2026-06-03,12:26,Cantinho da Massa,Massas,Fortaleza,91.4,18.0,2.0,Cartão de crédito,Entregue
2550,2026-05-19,10:33,Pizza Express,Pizza,Maracanaú,45.49,24.0,5.0,Cartão de débito,Entregue
2551,2026-04-17,18:11,Cantinho da Massa,Massas,Caucaia,154.79,35.0,1.0,Cartão de crédito,Entregue
2552,2026-05-13,18:42,Churrasco & Cia,Churrasco,Eusébio,122.65,44.0,3.0,Cartão de crédito,Entregue
2553,2026-05-19,10:27,Pizza Express,Pizza,Maracanaú,157.37,25.0,4.0,Dinheiro,Entregue
2554,2026-01-04,18:02,Burger House,Hambúrguer,Fortaleza,58.42,22.0,4.0,Cartão de crédito,Entregue
2555,2026-02-14,16:12,Cantinho da Massa,Massas,Caucaia,63.09,35.0,5.0,Dinheiro,Entregue
2556,2026-02-17,20:16,Churrasco & Cia,Churrasco,Maracanaú,164.0,20.0,2.0,Cartão de crédito,Entregue
2557,2026-03-17,22:42,Burger House,Hambúrguer,Caucaia,45.97,38.0,2.0,Dinheiro,Entregue
2558,2026-05-30,11:59,Burger House,Hambúrguer,Eusébio,93.36,30.0,1.0,Cartão de débito,Entregue
2559,2026-03-10,19:28,Tempero Cearense,Saudável,Fortaleza,59.99,39.0,4.0,Cartão de crédito,Entregue
2560,2026-03-17,13:24,Churrasco & Cia,Churrasco,Eusébio,155.11,59.0,3.0,Cartão de crédito,Entregue
2561,2026-02-26,21:48,Tempero Cearense,Saudável,Caucaia,100.2,20.0,5.0,Dinheiro,Entregue
2562,2026-03-13,20:01,Sushi Fortaleza,Sushi,Maracanaú,152.33,32.0,5.0,Cartão de débito,Entregue
2563,2026-05-26,17:31,Sushi Fortaleza,Sushi,Caucaia,64.23,60.0,4.0,Dinheiro,Entregue
2564,2026-02-20,12:14,Tempero Cearense,Saudável,Fortaleza,80.99,66.0,4.0,Dinheiro,Entregue
2565,2026-01-19,12:23,Cantinho da Massa,Massas,Maracanaú,174.85,69.0,2.0,Cartão de débito,Entregue
2566,2026-03-07,12:38,Tempero Cearense,Saudável,Eusébio,46.53,41.0,5.0,Cartão de débito,Entregue
2567,2026-04-17,16:04,Açaí Tropical,Açaí,Maracanaú,48.31,37.0,4.0,Cartão de débito,Entregue
2568,2026-06-04,22:46,Sushi Fortaleza,Sushi,Eusébio,71.3,50.0,4.0,Dinheiro,Entregue
2569,2026-04-29,21:31,Açaí Tropical,Açaí,Eusébio,79.55,64.0,4.0,Cartão de crédito,Entregue
2570,2026-03-05,14:33,Burger House,Hambúrguer,Fortaleza,103.72,70.0,3.0,Cartão de débito,Entregue
2571,2026-02-21,19:33,Sushi Fortaleza,Sushi,Fortaleza,44.76,23.0,4.0,Cartão de crédito,Entregue
2572,2026-01-18,14:19,Sabor Nordestino,Brasileira,Maracanaú,168.79,24.0,5.0,Cartão de crédito,Cancelado
2573,2026-03-20,21:41,Sushi Fortaleza,Sushi,Fortaleza,159.31,61.0,5.0,Cartão de crédito,Entregue
2574,2026-01-31,10:13,Açaí Tropical,Açaí,Caucaia,44.37,55.0,5.0,Dinheiro,Entregue
2575,2026-06-01,19:34,Tempero Cearense,Saudável,Caucaia,153.25,39.0,3.0,Cartão de débito,Entregue
2576,2026-06-20,21:08,Cantinho da Massa,Massas,Fortaleza,72.72,60.0,2.0,Cartão de crédito,Entregue
2577,2026-03-01,15:53,Sushi Fortaleza,Sushi,Fortaleza,111.24,46.0,4.0,Dinheiro,Entregue
2578,2026-01-27,19:16,Tempero Cearense,Saudável,Eusébio,166.46,51.0,5.0,Cartão de crédito,Entregue
2579,2026-04-05,16:34,Burger House,Hambúrguer,Fortaleza,33.63,57.0,3.0,Cartão de débito,Entregue
2580,2026-01-01,17:39,Tempero Cearense,Saudável,Maracanaú,36.08,48.0,4.0,Pix,Cancelado
2581,2026-02-09,22:48,Cantinho da Massa,Massas,Fortaleza,69.54,65.0,3.0,Dinheiro,Entregue
2582,2026-02-11,15:14,Pizza Express,Pizza,Eusébio,97.15,54.0,3.0,Dinheiro,Entregue
2583,2026-01-14,17:31,Açaí Tropical,Açaí,Eusébio,122.78,19.0,4.0,Pix,Entregue
2584,2026-04-18,11:48,Burger House,Hambúrguer,Fortaleza,43.46,36.0,5.0,Cartão de crédito,Entregue
2585,2026-05-13,17:12,Sushi Fortaleza,Sushi,Maracanaú,26.45,34.0,2.0,Pix,Entregue
2586,2026-03-21,14:54,Açaí Tropical,Açaí,Caucaia,107.99,15.0,3.0,Dinheiro,Entregue
2587,2026-04-24,21:34,Tempero Cearense,Saudável,Eusébio,143.91,35.0,1.0,Cartão de crédito,Entregue
2588,2026-05-01,16:20,Pizza Express,Pizza,Fortaleza,145.83,55.0,1.0,Pix,Entregue
2589,2026-06-27,13:42,Burger House,Hambúrguer,Caucaia,32.55,37.0,4.0,Cartão de débito,Cancelado
2590,2026-01-10,19:52,Pizza Express,Pizza,Caucaia,101.42,37.0,3.0,Cartão de crédito,Entregue
2591,2026-01-25,15:57,Açaí Tropical,Açaí,Caucaia,63.4,66.0,5.0,Dinheiro,Entregue
2592,2026-03-05,19:42,Pizza Express,Pizza,Maracanaú,27.5,46.0,4.0,Cartão de crédito,Entregue
2593,2026-01-03,19:15,Sabor Nordestino,Brasileira,Caucaia,71.03,34.0,1.0,Pix,Cancelado
2594,2026-03-05,19:59,Burger House,Hambúrguer,Eusébio,33.03,49.0,1.0,Cartão de débito,Entregue
2595,2026-04-11,22:10,Sabor Nordestino,Brasileira,Eusébio,102.2,67.0,5.0,Dinheiro,Entregue
2596,2026-03-13,20:44,Sabor Nordestino,Brasileira,Maracanaú,105.47,15.0,2.0,Dinheiro,Entregue
2597,2026-06-05,21:21,Pizza Express,Pizza,Maracanaú,65.2,42.0,5.0,Cartão de débito,Entregue
2598,2026-03-02,15:46,Tempero Cearense,Saudável,Eusébio,52.01,27.0,5.0,Dinheiro,Entregue
2599,2026-01-06,18:58,Sabor Nordestino,Brasileira,Maracanaú,97.98,47.0,5.0,Dinheiro,Cancelado
2600,2026-01-11,19:10,Sabor Nordestino,Brasileira,Fortaleza,115.92,54.0,1.0,Pix,Entregue
2601,2026-01-21,11:12,Burger House,Hambúrguer,Maracanaú,80.57,21.0,3.0,Pix,Entregue
2602,2026-05-24,10:21,Burger House,Hambúrguer,Maracanaú,58.56,57.0,1.0,Cartão de crédito,Entregue
2603,2026-04-14,10:18,Açaí Tropical,Açaí,Eusébio,43.48,35.0,2.0,Dinheiro,Entregue
2604,2026-05-02,17:17,Churrasco & Cia,Churrasco,Caucaia,67.4,61.0,1.0,Cartão de débito,Entregue
2605,2026-02-20,11:28,Pizza Express,Pizza,Caucaia,82.46,19.0,5.0,Pix,Entregue
2606,2026-05-28,14:26,Açaí Tropical,Açaí,Maracanaú,179.65,23.0,4.0,Cartão de débito,Entregue
2607,2026-06-29,22:36,Tempero Cearense,Saudável,Fortaleza,78.13,15.0,2.0,Dinheiro,Entregue
2608,2026-05-17,14:01,Burger House,Hambúrguer,Caucaia,97.79,50.0,4.0,Cartão de crédito,Entregue
2609,2026-04-10,18:25,Sabor Nordestino,Brasileira,Caucaia,168.5,18.0,4.0,Cartão de débito,Entregue
2610,2026-04-12,13:27,Sabor Nordestino,Brasileira,Caucaia,27.04,61.0,5.0,Cartão de crédito,Entregue
2611,2026-04-20,14:53,Sabor Nordestino,Brasileira,Fortaleza,21.75,28.0,5.0,Cartão de crédito,Entregue
2612,2026-02-12,10:51,Sushi Fortaleza,Sushi,Fortaleza,42.91,23.0,1.0,Pix,Entregue
2613,2026-06-26,13:49,Açaí Tropical,Açaí,Caucaia,110.95,59.0,5.0,Pix,Entregue
2614,2026-01-29,19:41,Burger House,Hambúrguer,Maracanaú,26.67,54.0,5.0,Dinheiro,Entregue
2615,2026-04-29,15:58,Açaí Tropical,Açaí,Caucaia,125.85,31.0,3.0,Cartão de débito,Entregue
2616,2026-03-15,21:35,Cantinho da Massa,Massas,Caucaia,168.12,29.0,5.0,Cartão de crédito,Entregue
2617,2026-01-05,20:35,Pizza Express,Pizza,Maracanaú,75.66,37.0,5.0,Cartão de débito,Entregue
2618,2026-03-14,22:21,Tempero Cearense,Saudável,Maracanaú,45.1,25.0,5.0,Pix,Entregue
2619,2026-05-07,19:31,Sabor Nordestino,Brasileira,Caucaia,131.91,39.0,1.0,Cartão de débito,Cancelado
2620,2026-04-15,11:51,Tempero Cearense,Saudável,Eusébio,69.54,42.0,1.0,Dinheiro,Entregue
2621,2026-04-25,23:40,Burger House,Hambúrguer,Maracanaú,164.29,40.0,1.0,Cartão de débito,Entregue
2622,2026-01-17,15:32,Churrasco & Cia,Churrasco,Fortaleza,31.36,27.0,1.0,Cartão de crédito,Entregue
2623,2026-06-23,21:40,Pizza Express,Pizza,Maracanaú,99.53,21.0,3.0,Dinheiro,Entregue
2624,2026-05-15,17:36,Sabor Nordestino,Brasileira,Caucaia,40.63,31.0,3.0,Cartão de crédito,Entregue
2625,2026-06-01,15:19,Açaí Tropical,Açaí,Caucaia,29.06,39.0,3.0,Pix,Entregue
2626,2026-06-24,22:20,Açaí Tropical,Açaí,Fortaleza,71.09,44.0,1.0,Cartão de crédito,Entregue
2627,2026-05-15,20:36,Tempero Cearense,Saudável,Maracanaú,174.31,34.0,4.0,Cartão de débito,Entregue
2628,2026-04-10,11:35,Sushi Fortaleza,Sushi,Eusébio,160.98,60.0,5.0,Dinheiro,Entregue
2629,2026-06-21,18:29,Tempero Cearense,Saudável,Fortaleza,79.88,44.0,1.0,Cartão de débito,Cancelado
2630,2026-06-27,17:54,Açaí Tropical,Açaí,Fortaleza,106.73,30.0,1.0,Cartão de crédito,Entregue
2631,2026-02-11,10:38,Churrasco & Cia,Churrasco,Maracanaú,98.22,28.0,2.0,Cartão de débito,Entregue
2632,2026-06-04,21:30,Sushi Fortaleza,Sushi,Eusébio,53.65,70.0,4.0,Pix,Entregue
2633,2026-02-17,23:35,Burger House,Hambúrguer,Caucaia,58.41,25.0,4.0,Dinheiro,Entregue
2634,2026-06-01,20:11,Cantinho da Massa,Massas,Eusébio,90.29,30.0,5.0,Cartão de débito,Entregue
2635,2026-05-17,23:21,Burger House,Hambúrguer,Fortaleza,41.87,58.0,2.0,Cartão de crédito,Entregue
2636,2026-03-06,21:00,Pizza Express,Pizza,Maracanaú,118.7,29.0,2.0,Pix,Entregue
2637,2026-02-24,14:31,Pizza Express,Pizza,Eusébio,162.31,15.0,4.0,Pix,Entregue
2638,2026-01-22,15:53,Cantinho da Massa,Massas,Caucaia,40.29,39.0,1.0,Dinheiro,Entregue
2639,2026-05-26,21:38,Pizza Express,Pizza,Eusébio,108.18,29.0,1.0,Cartão de crédito,Entregue
2640,2026-04-11,22:18,Sushi Fortaleza,Sushi,Eusébio,127.75,26.0,4.0,Cartão de débito,Entregue
2641,2026-05-07,17:29,Açaí Tropical,Açaí,Eusébio,52.6,19.0,4.0,Cartão de crédito,Cancelado
2642,2026-04-13,14:46,Açaí Tropical,Açaí,Fortaleza,168.08,43.0,1.0,Cartão de débito,Entregue
2643,2026-01-14,13:24,Sabor Nordestino,Brasileira,Caucaia,118.3,25.0,5.0,Pix,Entregue
2644,2026-03-15,11:46,Sabor Nordestino,Brasileira,Maracanaú,146.57,34.0,1.0,Cartão de débito,Entregue
2645,2026-03-11,10:43,Tempero Cearense,Saudável,Maracanaú,145.04,38.0,5.0,Cartão de débito,Entregue
2646,2026-04-18,12:23,Sabor Nordestino,Brasileira,Maracanaú,152.87,15.0,1.0,Cartão de débito,Entregue
2647,2026-02-18,22:32,Churrasco & Cia,Churrasco,Maracanaú,161.29,65.0,3.0,Dinheiro,Entregue
2648,2026-03-14,19:28,Cantinho da Massa,Massas,Caucaia,115.2,56.0,5.0,Cartão de débito,Entregue
2649,2026-02-25,19:44,Açaí Tropical,Açaí,Caucaia,154.74,53.0,1.0,Pix,Entregue
2650,2026-06-30,18:27,Sabor Nordestino,Brasileira,Caucaia,150.22,15.0,3.0,Cartão de débito,Entregue
2651,2026-04-17,22:55,Tempero Cearense,Saudável,Caucaia,54.64,23.0,2.0,Pix,Entregue
2652,2026-01-26,12:06,Burger House,Hambúrguer,Fortaleza,125.69,21.0,3.0,Pix,Entregue
2653,2026-03-28,13:16,Sabor Nordestino,Brasileira,Fortaleza,131.97,26.0,4.0,Dinheiro,Entregue
2654,2026-02-11,12:58,Sushi Fortaleza,Sushi,Caucaia,170.25,34.0,2.0,Cartão de débito,Entregue
2655,2026-04-29,21:32,Açaí Tropical,Açaí,Fortaleza,155.56,64.0,5.0,Cartão de débito,Entregue
2656,2026-02-02,13:28,Açaí Tropical,Açaí,Fortaleza,72.77,49.0,3.0,Cartão de crédito,Entregue
2657,2026-01-13,16:44,Pizza Express,Pizza,Eusébio,131.67,31.0,5.0,Pix,Entregue
2658,2026-04-30,21:36,Cantinho da Massa,Massas,Maracanaú,23.92,58.0,3.0,Dinheiro,Entregue
2659,2026-06-09,14:36,Tempero Cearense,Saudável,Eusébio,161.38,49.0,2.0,Cartão de crédito,Entregue
2660,2026-04-24,12:12,Tempero Cearense,Saudável,Fortaleza,28.11,49.0,1.0,Cartão de débito,Entregue
2661,2026-04-09,16:08,Sabor Nordestino,Brasileira,Fortaleza,86.99,37.0,3.0,Dinheiro,Entregue
2662,2026-04-15,14:21,Açaí Tropical,Açaí,Maracanaú,71.6,63.0,3.0,Dinheiro,Entregue
2663,2026-02-14,14:30,Tempero Cearense,Saudável,Caucaia,20.92,18.0,4.0,Dinheiro,Entregue
2664,2026-04-17,22:33,Burger House,Hambúrguer,Caucaia,129.33,37.0,1.0,Dinheiro,Entregue
2665,2026-03-07,15:06,Burger House,Hambúrguer,Eusébio,162.68,70.0,3.0,Pix,Entregue
2666,2026-05-12,19:39,Açaí Tropical,Açaí,Caucaia,20.79,66.0,2.0,Cartão de débito,Entregue
2667,2026-05-17,16:01,Sushi Fortaleza,Sushi,Caucaia,151.29,70.0,1.0,Cartão de crédito,Entregue
2668,2026-03-04,16:12,Sabor Nordestino,Brasileira,Caucaia,149.58,32.0,2.0,Cartão de débito,Entregue
2669,2026-04-16,10:11,Sabor Nordestino,Brasileira,Caucaia,137.01,49.0,5.0,Cartão de débito,Entregue
2670,2026-06-05,22:55,Cantinho da Massa,Massas,Fortaleza,54.01,57.0,5.0,Cartão de crédito,Entregue
2671,2026-04-21,20:04,Açaí Tropical,Açaí,Maracanaú,158.88,67.0,5.0,Dinheiro,Entregue
2672,2026-03-11,15:09,Cantinho da Massa,Massas,Fortaleza,53.56,39.0,5.0,Pix,Entregue
2673,2026-03-18,15:58,Sabor Nordestino,Brasileira,Maracanaú,52.74,63.0,4.0,Dinheiro,Entregue
2674,2026-05-11,10:36,Churrasco & Cia,Churrasco,Maracanaú,122.44,29.0,5.0,Pix,Entregue
2675,2026-03-28,19:53,Sabor Nordestino,Brasileira,Eusébio,125.26,42.0,1.0,Cartão de débito,Entregue
2676,2026-03-06,14:09,Sabor Nordestino,Brasileira,Eusébio,175.11,37.0,5.0,Cartão de débito,Entregue
2677,2026-03-13,19:53,Sabor Nordestino,Brasileira,Maracanaú,50.59,34.0,2.0,Cartão de crédito,Entregue
2678,2026-05-25,21:28,Açaí Tropical,Açaí,Maracanaú,65.71,42.0,4.0,Pix,Entregue
2679,2026-01-30,20:19,Pizza Express,Pizza,Maracanaú,138.05,58.0,5.0,Cartão de débito,Entregue
2680,2026-05-09,18:48,Burger House,Hambúrguer,Caucaia,145.87,48.0,4.0,Pix,Entregue
2681,2026-04-18,12:15,Sushi Fortaleza,Sushi,Eusébio,175.37,42.0,1.0,Pix,Entregue
2682,2026-04-07,21:39,Cantinho da Massa,Massas,Eusébio,93.48,68.0,4.0,Pix,Entregue
2683,2026-02-23,11:54,Açaí Tropical,Açaí,Eusébio,131.97,39.0,4.0,Cartão de débito,Entregue
2684,2026-02-24,20:41,Pizza Express,Pizza,Caucaia,34.76,66.0,5.0,Cartão de crédito,Entregue
2685,2026-05-09,12:18,Burger House,Hambúrguer,Maracanaú,151.73,67.0,3.0,Pix,Entregue
2686,2026-05-21,19:53,Sabor Nordestino,Brasileira,Maracanaú,168.46,30.0,2.0,Dinheiro,Entregue
2687,2026-02-26,20:30,Pizza Express,Pizza,Maracanaú,119.95,52.0,1.0,Cartão de débito,Entregue
2688,2026-02-28,17:43,Sabor Nordestino,Brasileira,Fortaleza,133.35,65.0,4.0,Pix,Entregue
2689,2026-05-19,20:40,Açaí Tropical,Açaí,Fortaleza,127.38,50.0,3.0,Dinheiro,Cancelado
2690,2026-05-29,15:45,Cantinho da Massa,Massas,Fortaleza,120.34,43.0,4.0,Dinheiro,Entregue
2691,2026-02-21,19:33,Pizza Express,Pizza,Fortaleza,154.88,62.0,2.0,Dinheiro,Entregue
2692,2026-04-01,19:04,Churrasco & Cia,Churrasco,Maracanaú,116.4,50.0,5.0,Pix,Entregue
2693,2026-06-05,22:45,Tempero Cearense,Saudável,Eusébio,84.8,50.0,2.0,Pix,Entregue
2694,2026-04-24,16:13,Sabor Nordestino,Brasileira,Eusébio,173.52,58.0,4.0,Dinheiro,Entregue
2695,2026-03-02,19:25,Pizza Express,Pizza,Eusébio,38.32,55.0,5.0,Cartão de crédito,Entregue
2696,2026-03-27,21:05,Pizza Express,Pizza,Eusébio,168.54,56.0,5.0,Dinheiro,Entregue
2697,2026-01-26,18:49,Burger House,Hambúrguer,Fortaleza,123.82,46.0,1.0,Dinheiro,Entregue
2698,2026-06-02,10:55,Pizza Express,Pizza,Fortaleza,92.75,23.0,2.0,Dinheiro,Entregue
2699,2026-05-31,18:09,Tempero Cearense,Saudável,Eusébio,55.82,60.0,5.0,Dinheiro,Entregue
2700,2026-06-05,17:58,Sabor Nordestino,Brasileira,Eusébio,134.22,17.0,4.0,Dinheiro,Entregue
2701,2026-05-11,19:26,Sushi Fortaleza,Sushi,Eusébio,74.13,59.0,4.0,Cartão de crédito,Entregue
2702,2026-04-24,13:47,Pizza Express,Pizza,Eusébio,154.38,57.0,2.0,Cartão de crédito,Entregue
2703,2026-03-29,20:02,Churrasco & Cia,Churrasco,Maracanaú,128.18,17.0,3.0,Cartão de débito,Entregue
2704,2026-05-15,17:39,Sushi Fortaleza,Sushi,Caucaia,133.75,32.0,3.0,Cartão de crédito,Entregue
2705,2026-05-11,18:13,Pizza Express,Pizza,Fortaleza,69.82,34.0,4.0,Cartão de crédito,Entregue
2706,2026-06-29,11:48,Burger House,Hambúrguer,Eusébio,176.44,65.0,3.0,Cartão de crédito,Entregue
2707,2026-05-18,17:07,Churrasco & Cia,Churrasco,Maracanaú,151.06,64.0,5.0,Cartão de crédito,Entregue
2708,2026-05-30,20:28,Açaí Tropical,Açaí,Maracanaú,106.04,70.0,2.0,Cartão de débito,Entregue
2709,2026-03-19,22:49,Cantinho da Massa,Massas,Caucaia,88.22,33.0,3.0,Dinheiro,Cancelado
2710,2026-05-28,22:18,Sabor Nordestino,Brasileira,Eusébio,151.1,42.0,4.0,Pix,Entregue
2711,2026-01-17,16:13,Burger House,Hambúrguer,Caucaia,96.76,63.0,4.0,Cartão de débito,Entregue
2712,2026-04-01,19:31,Churrasco & Cia,Churrasco,Maracanaú,133.03,25.0,5.0,Cartão de débito,Entregue
2713,2026-03-01,11:32,Tempero Cearense,Saudável,Eusébio,133.71,23.0,5.0,Cartão de crédito,Entregue
2714,2026-04-05,21:42,Cantinho da Massa,Massas,Eusébio,179.35,29.0,2.0,Cartão de débito,Entregue
2715,2026-04-07,23:47,Churrasco & Cia,Churrasco,Fortaleza,108.0,55.0,3.0,Cartão de débito,Entregue
2716,2026-04-10,10:29,Sushi Fortaleza,Sushi,Caucaia,66.66,39.0,4.0,Pix,Entregue
2717,2026-02-01,15:47,Churrasco & Cia,Churrasco,Caucaia,124.05,55.0,4.0,Pix,Entregue
2718,2026-06-06,11:27,Pizza Express,Pizza,Maracanaú,20.47,15.0,2.0,Cartão de débito,Entregue
2719,2026-06-20,11:25,Pizza Express,Pizza,Caucaia,162.6,21.0,2.0,Pix,Entregue
2720,2026-06-20,17:24,Sabor Nordestino,Brasileira,Caucaia,150.77,28.0,4.0,Dinheiro,Entregue
2721,2026-02-02,19:51,Burger House,Hambúrguer,Maracanaú,66.18,55.0,2.0,Cartão de débito,Entregue
2722,2026-01-08,22:09,Tempero Cearense,Saudável,Caucaia,175.08,62.0,1.0,Dinheiro,Entregue
2723,2026-02-17,11:35,Sushi Fortaleza,Sushi,Maracanaú,80.34,44.0,1.0,Dinheiro,Cancelado
2724,2026-04-16,16:04,Sabor Nordestino,Brasileira,Eusébio,179.58,62.0,4.0,Cartão de débito,Entregue
2725,2026-01-09,12:50,Burger House,Hambúrguer,Eusébio,128.81,29.0,3.0,Cartão de crédito,Entregue
2726,2026-02-23,21:28,Tempero Cearense,Saudável,Eusébio,162.58,46.0,3.0,Cartão de crédito,Entregue
2727,2026-04-26,19:04,Churrasco & Cia,Churrasco,Eusébio,121.71,32.0,4.0,Cartão de crédito,Entregue
2728,2026-01-07,19:10,Sushi Fortaleza,Sushi,Eusébio,144.3,37.0,1.0,Dinheiro,Entregue
2729,2026-04-12,15:27,Cantinho da Massa,Massas,Eusébio,158.97,39.0,1.0,Cartão de crédito,Entregue
2730,2026-03-05,17:48,Burger House,Hambúrguer,Maracanaú,54.91,51.0,5.0,Pix,Entregue
2731,2026-06-14,16:57,Churrasco & Cia,Churrasco,Caucaia,113.22,25.0,2.0,Dinheiro,Entregue
2732,2026-04-07,23:56,Cantinho da Massa,Massas,Fortaleza,67.78,17.0,1.0,Cartão de débito,Entregue
2733,2026-05-21,15:00,Burger House,Hambúrguer,Caucaia,74.92,61.0,2.0,Pix,Entregue
2734,2026-06-24,14:56,Tempero Cearense,Saudável,Maracanaú,42.51,49.0,5.0,Cartão de débito,Entregue
2735,2026-03-18,17:48,Sushi Fortaleza,Sushi,Eusébio,30.58,38.0,3.0,Dinheiro,Entregue
2736,2026-06-28,11:23,Açaí Tropical,Açaí,Caucaia,112.84,27.0,2.0,Pix,Entregue
2737,2026-03-08,21:50,Açaí Tropical,Açaí,Maracanaú,114.34,35.0,2.0,Cartão de crédito,Entregue
2738,2026-06-26,10:18,Sabor Nordestino,Brasileira,Caucaia,65.67,43.0,4.0,Dinheiro,Entregue
2739,2026-05-12,13:03,Churrasco & Cia,Churrasco,Fortaleza,29.56,61.0,5.0,Dinheiro,Cancelado
2740,2026-01-22,14:13,Pizza Express,Pizza,Caucaia,34.74,19.0,3.0,Cartão de débito,Entregue
2741,2026-05-17,16:10,Pizza Express,Pizza,Fortaleza,97.74,50.0,1.0,Dinheiro,Entregue
2742,2026-06-07,20:25,Churrasco & Cia,Churrasco,Maracanaú,68.19,36.0,4.0,Cartão de crédito,Entregue
2743,2026-05-21,20:53,Sabor Nordestino,Brasileira,Eusébio,158.2,67.0,5.0,Cartão de débito,Entregue
2744,2026-01-19,15:16,Burger House,Hambúrguer,Eusébio,21.96,17.0,1.0,Cartão de débito,Entregue
2745,2026-02-17,18:27,Churrasco & Cia,Churrasco,Caucaia,165.59,16.0,3.0,Cartão de débito,Entregue
2746,2026-01-25,11:18,Burger House,Hambúrguer,Fortaleza,84.59,45.0,1.0,Cartão de crédito,Entregue
2747,2026-03-07,15:47,Burger House,Hambúrguer,Fortaleza,35.27,70.0,4.0,Dinheiro,Entregue
2748,2026-02-22,23:47,Burger House,Hambúrguer,Eusébio,41.71,23.0,3.0,Cartão de crédito,Entregue
2749,2026-03-23,13:55,Burger House,Hambúrguer,Eusébio,126.37,18.0,3.0,Dinheiro,Entregue
2750,2026-01-08,11:42,Sabor Nordestino,Brasileira,Fortaleza,38.22,28.0,3.0,Pix,Entregue
2751,2026-05-28,11:12,Sushi Fortaleza,Sushi,Eusébio,78.18,48.0,4.0,Cartão de crédito,Entregue
2752,2026-02-10,13:46,Cantinho da Massa,Massas,Caucaia,153.18,41.0,3.0,Pix,Entregue
2753,2026-03-19,12:32,Tempero Cearense,Saudável,Caucaia,143.6,34.0,5.0,Dinheiro,Entregue
2754,2026-01-02,12:16,Tempero Cearense,Saudável,Maracanaú,50.93,26.0,1.0,Pix,Entregue
2755,2026-04-27,20:42,Açaí Tropical,Açaí,Eusébio,64.28,51.0,5.0,Pix,Entregue
2756,2026-05-01,23:14,Churrasco & Cia,Churrasco,Maracanaú,153.57,20.0,3.0,Cartão de débito,Cancelado
2757,2026-04-14,15:52,Churrasco & Cia,Churrasco,Fortaleza,62.8,63.0,4.0,Cartão de débito,Entregue
2758,2026-03-05,23:40,Sabor Nordestino,Brasileira,Maracanaú,86.64,21.0,3.0,Dinheiro,Entregue
2759,2026-04-05,13:15,Tempero Cearense,Saudável,Caucaia,45.48,43.0,3.0,Dinheiro,Entregue
2760,2026-03-23,20:14,Churrasco & Cia,Churrasco,Eusébio,109.79,59.0,4.0,Cartão de débito,Entregue
2761,2026-05-28,18:56,Churrasco & Cia,Churrasco,Eusébio,44.66,27.0,4.0,Dinheiro,Entregue
2762,2026-02-08,14:06,Churrasco & Cia,Churrasco,Maracanaú,33.09,56.0,4.0,Dinheiro,Cancelado
2763,2026-06-10,18:59,Sushi Fortaleza,Sushi,Caucaia,63.43,57.0,3.0,Dinheiro,Entregue
2764,2026-05-09,21:27,Sushi Fortaleza,Sushi,Fortaleza,86.07,21.0,4.0,Cartão de débito,Entregue
2765,2026-05-01,19:40,Sushi Fortaleza,Sushi,Fortaleza,86.44,37.0,2.0,Cartão de crédito,Entregue
2766,2026-05-12,20:12,Açaí Tropical,Açaí,Fortaleza,24.68,16.0,4.0,Cartão de débito,Entregue
2767,2026-04-08,10:30,Burger House,Hambúrguer,Fortaleza,170.88,32.0,5.0,Dinheiro,Entregue
2768,2026-05-22,21:01,Burger House,Hambúrguer,Maracanaú,137.11,51.0,2.0,Cartão de crédito,Entregue
2769,2026-02-01,14:25,Sushi Fortaleza,Sushi,Caucaia,145.28,43.0,4.0,Cartão de débito,Entregue
2770,2026-03-13,23:09,Burger House,Hambúrguer,Maracanaú,154.79,33.0,3.0,Dinheiro,Entregue
2771,2026-02-18,19:06,Açaí Tropical,Açaí,Eusébio,139.69,52.0,5.0,Pix,Entregue
2772,2026-04-12,23:36,Cantinho da Massa,Massas,Fortaleza,178.96,22.0,2.0,Dinheiro,Entregue
2773,2026-04-09,21:18,Açaí Tropical,Açaí,Fortaleza,119.27,43.0,1.0,Dinheiro,Entregue
2774,2026-05-21,13:13,Churrasco & Cia,Churrasco,Eusébio,116.01,17.0,1.0,Dinheiro,Entregue
2775,2026-03-31,22:49,Sabor Nordestino,Brasileira,Fortaleza,84.22,60.0,2.0,Pix,Entregue
2776,2026-01-09,22:48,Pizza Express,Pizza,Eusébio,56.23,32.0,3.0,Cartão de débito,Entregue
2777,2026-06-20,16:53,Açaí Tropical,Açaí,Eusébio,173.12,32.0,5.0,Cartão de crédito,Entregue
2778,2026-05-25,18:51,Cantinho da Massa,Massas,Fortaleza,136.54,19.0,4.0,Dinheiro,Entregue
2779,2026-01-10,11:16,Pizza Express,Pizza,Fortaleza,84.07,33.0,5.0,Cartão de crédito,Entregue
2780,2026-01-13,23:19,Burger House,Hambúrguer,Fortaleza,44.08,50.0,4.0,Dinheiro,Entregue
2781,2026-04-14,18:02,Pizza Express,Pizza,Fortaleza,59.43,24.0,1.0,Cartão de débito,Entregue
2782,2026-03-26,14:35,Cantinho da Massa,Massas,Eusébio,179.43,28.0,3.0,Cartão de débito,Entregue
2783,2026-01-16,21:30,Pizza Express,Pizza,Maracanaú,153.97,52.0,1.0,Cartão de débito,Entregue
2784,2026-04-08,10:05,Churrasco & Cia,Churrasco,Maracanaú,35.82,59.0,1.0,Dinheiro,Entregue
2785,2026-02-04,22:45,Pizza Express,Pizza,Caucaia,168.2,67.0,1.0,Cartão de débito,Entregue
2786,2026-04-29,20:55,Sabor Nordestino,Brasileira,Eusébio,175.3,48.0,5.0,Cartão de crédito,Entregue
2787,2026-01-31,12:53,Açaí Tropical,Açaí,Caucaia,70.74,46.0,1.0,Cartão de débito,Cancelado
2788,2026-05-02,23:32,Churrasco & Cia,Churrasco,Maracanaú,80.89,70.0,4.0,Cartão de débito,Entregue
2789,2026-03-03,18:50,Pizza Express,Pizza,Fortaleza,166.88,46.0,3.0,Cartão de crédito,Entregue
2790,2026-04-08,11:50,Cantinho da Massa,Massas,Eusébio,59.92,24.0,1.0,Pix,Entregue
2791,2026-01-13,11:45,Sushi Fortaleza,Sushi,Fortaleza,167.21,28.0,3.0,Cartão de crédito,Entregue
2792,2026-06-19,16:42,Burger House,Hambúrguer,Maracanaú,30.63,50.0,3.0,Pix,Entregue
2793,2026-03-24,12:48,Açaí Tropical,Açaí,Caucaia,162.95,15.0,2.0,Pix,Entregue
2794,2026-01-17,21:29,Cantinho da Massa,Massas,Caucaia,88.15,53.0,3.0,Cartão de débito,Cancelado
2795,2026-01-08,15:06,Churrasco & Cia,Churrasco,Maracanaú,92.23,57.0,4.0,Cartão de débito,Entregue
2796,2026-05-10,14:56,Burger House,Hambúrguer,Eusébio,91.72,61.0,1.0,Dinheiro,Entregue
2797,2026-04-14,12:48,Churrasco & Cia,Churrasco,Maracanaú,78.71,31.0,4.0,Cartão de crédito,Entregue
2798,2026-06-19,10:05,Cantinho da Massa,Massas,Caucaia,37.8,29.0,1.0,Dinheiro,Entregue
2799,2026-04-18,23:11,Cantinho da Massa,Massas,Fortaleza,145.99,47.0,4.0,Cartão de crédito,Entregue
2800,2026-01-01,20:52,Tempero Cearense,Saudável,Maracanaú,106.64,18.0,3.0,Cartão de crédito,Entregue
2801,2026-05-18,12:00,Açaí Tropical,Açaí,Maracanaú,46.96,47.0,1.0,Cartão de crédito,Entregue
2802,2026-06-18,12:08,Sushi Fortaleza,Sushi,Eusébio,108.35,26.0,2.0,Cartão de débito,Entregue
2803,2026-05-18,14:30,Churrasco & Cia,Churrasco,Eusébio,104.16,37.0,5.0,Pix,Entregue
2804,2026-03-11,11:02,Cantinho da Massa,Massas,Maracanaú,116.85,22.0,2.0,Pix,Entregue
2805,2026-01-27,21:07,Sushi Fortaleza,Sushi,Caucaia,126.72,67.0,3.0,Cartão de débito,Entregue
2806,2026-04-24,12:10,Burger House,Hambúrguer,Fortaleza,146.65,42.0,3.0,Cartão de crédito,Entregue
2807,2026-06-20,15:31,Sabor Nordestino,Brasileira,Maracanaú,103.87,16.0,2.0,Cartão de crédito,Entregue
2808,2026-01-07,14:06,Cantinho da Massa,Massas,Caucaia,58.81,19.0,5.0,Pix,Entregue
2809,2026-02-02,22:48,Pizza Express,Pizza,Caucaia,66.07,50.0,4.0,Dinheiro,Entregue
2810,2026-06-10,12:35,Sabor Nordestino,Brasileira,Eusébio,33.6,47.0,5.0,Cartão de débito,Entregue
2811,2026-02-26,22:22,Açaí Tropical,Açaí,Fortaleza,127.79,29.0,4.0,Cartão de crédito,Entregue
2812,2026-01-25,13:52,Açaí Tropical,Açaí,Caucaia,168.99,30.0,4.0,Cartão de crédito,Entregue
2813,2026-03-26,18:20,Churrasco & Cia,Churrasco,Maracanaú,145.48,52.0,5.0,Pix,Entregue
2814,2026-01-06,18:48,Cantinho da Massa,Massas,Eusébio,112.15,62.0,1.0,Dinheiro,Entregue
2815,2026-04-21,19:40,Sabor Nordestino,Brasileira,Caucaia,77.49,24.0,5.0,Dinheiro,Entregue
2816,2026-01-18,21:03,Tempero Cearense,Saudável,Caucaia,87.26,30.0,2.0,Dinheiro,Entregue
2817,2026-04-06,17:57,Sabor Nordestino,Brasileira,Fortaleza,83.85,24.0,4.0,Dinheiro,Entregue
2818,2026-02-27,16:42,Pizza Express,Pizza,Caucaia,114.04,50.0,1.0,Cartão de débito,Entregue
2819,2026-06-12,10:32,Cantinho da Massa,Massas,Eusébio,96.63,40.0,5.0,Cartão de débito,Entregue
2820,2026-04-12,14:17,Cantinho da Massa,Massas,Maracanaú,143.82,46.0,2.0,Pix,Entregue
2821,2026-01-03,18:18,Burger House,Hambúrguer,Eusébio,139.03,31.0,2.0,Cartão de débito,Entregue
2822,2026-01-02,22:02,Cantinho da Massa,Massas,Fortaleza,92.7,23.0,3.0,Cartão de crédito,Entregue
2823,2026-03-29,13:55,Tempero Cearense,Saudável,Fortaleza,72.42,36.0,3.0,Dinheiro,Entregue
2824,2026-05-30,10:24,Burger House,Hambúrguer,Maracanaú,110.1,39.0,1.0,Cartão de débito,Entregue
2825,2026-04-05,17:03,Sushi Fortaleza,Sushi,Eusébio,55.46,24.0,5.0,Pix,Entregue
2826,2026-03-16,15:11,Sushi Fortaleza,Sushi,Fortaleza,71.55,49.0,2.0,Dinheiro,Entregue
2827,2026-03-13,10:58,Burger House,Hambúrguer,Maracanaú,82.77,59.0,5.0,Cartão de crédito,Entregue
2828,2026-01-26,17:18,Burger House,Hambúrguer,Eusébio,152.68,16.0,3.0,Cartão de crédito,Entregue
2829,2026-05-19,22:11,Pizza Express,Pizza,Caucaia,129.52,52.0,2.0,Dinheiro,Entregue
2830,2026-02-23,17:54,Sabor Nordestino,Brasileira,Maracanaú,55.41,23.0,3.0,Cartão de crédito,Cancelado
2831,2026-02-01,23:14,Burger House,Hambúrguer,Fortaleza,68.33,64.0,3.0,Cartão de crédito,Entregue
2832,2026-01-12,16:06,Sabor Nordestino,Brasileira,Fortaleza,112.23,56.0,2.0,Cartão de débito,Entregue
2833,2026-02-27,17:38,Açaí Tropical,Açaí,Fortaleza,116.59,15.0,1.0,Cartão de crédito,Entregue
2834,2026-05-29,20:21,Tempero Cearense,Saudável,Fortaleza,80.29,26.0,3.0,Dinheiro,Entregue
2835,2026-06-23,14:44,Açaí Tropical,Açaí,Fortaleza,102.26,38.0,3.0,Pix,Entregue
2836,2026-04-26,19:39,Burger House,Hambúrguer,Eusébio,20.08,65.0,3.0,Cartão de débito,Entregue
2837,2026-03-01,11:24,Açaí Tropical,Açaí,Maracanaú,166.57,49.0,1.0,Pix,Entregue
2838,2026-03-16,17:46,Cantinho da Massa,Massas,Eusébio,91.03,65.0,1.0,Pix,Entregue
2839,2026-04-01,13:43,Pizza Express,Pizza,Fortaleza,127.21,46.0,4.0,Dinheiro,Entregue
2840,2026-03-29,10:22,Burger House,Hambúrguer,Maracanaú,123.7,63.0,4.0,Cartão de crédito,Entregue
2841,2026-05-28,12:35,Pizza Express,Pizza,Caucaia,96.29,18.0,4.0,Cartão de crédito,Entregue
2842,2026-06-09,10:09,Burger House,Hambúrguer,Eusébio,31.08,22.0,4.0,Dinheiro,Entregue
2843,2026-06-24,17:01,Tempero Cearense,Saudável,Maracanaú,121.22,28.0,3.0,Cartão de débito,Entregue
2844,2026-02-20,20:31,Pizza Express,Pizza,Caucaia,113.72,19.0,2.0,Dinheiro,Entregue
2845,2026-05-13,21:18,Churrasco & Cia,Churrasco,Maracanaú,55.31,46.0,1.0,Cartão de crédito,Entregue
2846,2026-02-08,19:19,Sushi Fortaleza,Sushi,Fortaleza,26.41,62.0,2.0,Dinheiro,Entregue
2847,2026-03-04,19:48,Burger House,Hambúrguer,Eusébio,132.49,19.0,2.0,Cartão de débito,Entregue
2848,2026-03-30,19:42,Tempero Cearense,Saudável,Maracanaú,118.02,23.0,4.0,Pix,Entregue
2849,2026-06-18,18:12,Açaí Tropical,Açaí,Maracanaú,74.8,19.0,3.0,Cartão de débito,Entregue
2850,2026-02-05,10:06,Pizza Express,Pizza,Caucaia,126.77,16.0,4.0,Pix,Entregue
2851,2026-04-20,16:18,Burger House,Hambúrguer,Maracanaú,91.22,65.0,2.0,Pix,Entregue
2852,2026-02-06,17:11,Cantinho da Massa,Massas,Caucaia,170.89,29.0,2.0,Dinheiro,Cancelado
2853,2026-04-04,20:25,Churrasco & Cia,Churrasco,Maracanaú,118.18,41.0,3.0,Dinheiro,Entregue
2854,2026-05-31,16:10,Burger House,Hambúrguer,Caucaia,150.26,51.0,3.0,Pix,Entregue
2855,2026-01-06,14:26,Burger House,Hambúrguer,Caucaia,20.93,41.0,5.0,Cartão de débito,Cancelado
2856,2026-04-18,15:24,Churrasco & Cia,Churrasco,Fortaleza,42.88,58.0,1.0,Dinheiro,Entregue
2857,2026-04-25,16:45,Açaí Tropical,Açaí,Eusébio,115.56,29.0,3.0,Cartão de crédito,Entregue
2858,2026-05-30,22:13,Cantinho da Massa,Massas,Caucaia,158.64,19.0,2.0,Cartão de crédito,Entregue
2859,2026-06-18,15:57,Sabor Nordestino,Brasileira,Eusébio,43.58,27.0,3.0,Dinheiro,Entregue
2860,2026-06-26,23:44,Sabor Nordestino,Brasileira,Caucaia,165.71,46.0,5.0,Dinheiro,Entregue
2861,2026-02-05,15:07,Cantinho da Massa,Massas,Fortaleza,93.43,28.0,2.0,Cartão de débito,Entregue
2862,2026-04-26,18:43,Burger House,Hambúrguer,Eusébio,50.89,56.0,2.0,Cartão de crédito,Entregue
2863,2026-06-28,21:17,Churrasco & Cia,Churrasco,Fortaleza,134.84,40.0,4.0,Dinheiro,Entregue
2864,2026-04-24,10:25,Sushi Fortaleza,Sushi,Maracanaú,120.82,57.0,2.0,Dinheiro,Entregue
2865,2026-01-29,11:08,Burger House,Hambúrguer,Fortaleza,151.47,68.0,1.0,Pix,Entregue
2866,2026-03-10,12:24,Cantinho da Massa,Massas,Eusébio,52.73,63.0,2.0,Dinheiro,Entregue
2867,2026-06-22,19:24,Sabor Nordestino,Brasileira,Eusébio,170.16,59.0,5.0,Dinheiro,Entregue
2868,2026-06-13,11:44,Sushi Fortaleza,Sushi,Maracanaú,21.4,36.0,3.0,Pix,Entregue
2869,2026-06-03,12:01,Churrasco & Cia,Churrasco,Maracanaú,64.79,60.0,1.0,Cartão de crédito,Entregue
2870,2026-02-07,14:39,Churrasco & Cia,Churrasco,Fortaleza,165.3,28.0,3.0,Cartão de crédito,Entregue
2871,2026-01-01,11:06,Churrasco & Cia,Churrasco,Caucaia,82.64,45.0,3.0,Cartão de crédito,Entregue
2872,2026-01-13,13:33,Sabor Nordestino,Brasileira,Caucaia,60.84,19.0,1.0,Pix,Entregue
2873,2026-03-03,11:22,Tempero Cearense,Saudável,Maracanaú,162.98,36.0,1.0,Cartão de débito,Entregue
2874,2026-02-18,18:40,Pizza Express,Pizza,Caucaia,102.41,28.0,4.0,Pix,Entregue
2875,2026-04-01,18:03,Sushi Fortaleza,Sushi,Fortaleza,119.91,15.0,1.0,Dinheiro,Entregue
2876,2026-03-23,16:18,Açaí Tropical,Açaí,Fortaleza,97.93,67.0,4.0,Pix,Entregue
2877,2026-06-05,10:09,Açaí Tropical,Açaí,Fortaleza,84.77,53.0,5.0,Cartão de débito,Entregue
2878,2026-01-27,16:05,Pizza Express,Pizza,Caucaia,102.55,39.0,4.0,Dinheiro,Entregue
2879,2026-05-26,19:30,Tempero Cearense,Saudável,Maracanaú,77.0,62.0,5.0,Cartão de débito,Entregue
2880,2026-02-10,16:04,Açaí Tropical,Açaí,Fortaleza,135.11,70.0,1.0,Pix,Cancelado
2881,2026-05-18,13:23,Sushi Fortaleza,Sushi,Caucaia,77.05,49.0,1.0,Pix,Entregue
2882,2026-04-23,21:09,Churrasco & Cia,Churrasco,Eusébio,78.36,30.0,2.0,Cartão de débito,Entregue
2883,2026-04-10,16:42,Burger House,Hambúrguer,Fortaleza,94.9,64.0,4.0,Pix,Entregue
2884,2026-01-18,20:21,Cantinho da Massa,Massas,Maracanaú,88.44,46.0,5.0,Cartão de débito,Entregue
2885,2026-02-21,10:09,Churrasco & Cia,Churrasco,Eusébio,45.21,67.0,4.0,Cartão de débito,Entregue
2886,2026-04-09,16:37,Sushi Fortaleza,Sushi,Caucaia,70.66,55.0,3.0,Cartão de crédito,Entregue
2887,2026-02-02,23:33,Churrasco & Cia,Churrasco,Caucaia,88.24,30.0,1.0,Dinheiro,Entregue
2888,2026-01-02,18:58,Açaí Tropical,Açaí,Eusébio,161.76,68.0,1.0,Dinheiro,Entregue
2889,2026-02-27,18:55,Burger House,Hambúrguer,Maracanaú,146.94,45.0,4.0,Cartão de crédito,Entregue
2890,2026-05-09,14:08,Churrasco & Cia,Churrasco,Eusébio,130.93,45.0,5.0,Dinheiro,Entregue
2891,2026-06-04,10:00,Açaí Tropical,Açaí,Fortaleza,43.43,18.0,2.0,Pix,Entregue
2892,2026-03-17,20:18,Açaí Tropical,Açaí,Eusébio,162.15,18.0,3.0,Dinheiro,Entregue
2893,2026-06-27,20:28,Açaí Tropical,Açaí,Fortaleza,141.18,68.0,4.0,Cartão de crédito,Entregue
2894,2026-05-30,20:30,Pizza Express,Pizza,Maracanaú,78.36,54.0,4.0,Pix,Entregue
2895,2026-04-14,22:29,Tempero Cearense,Saudável,Caucaia,26.51,54.0,4.0,Cartão de débito,Entregue
2896,2026-03-10,10:01,Churrasco & Cia,Churrasco,Eusébio,45.84,67.0,3.0,Cartão de débito,Cancelado
2897,2026-04-08,20:45,Churrasco & Cia,Churrasco,Eusébio,144.85,54.0,2.0,Cartão de débito,Entregue
2898,2026-01-23,19:04,Cantinho da Massa,Massas,Eusébio,177.45,60.0,1.0,Dinheiro,Entregue
2899,2026-06-27,14:30,Sushi Fortaleza,Sushi,Maracanaú,28.01,22.0,3.0,Dinheiro,Entregue
2900,2026-05-31,11:05,Churrasco & Cia,Churrasco,Fortaleza,139.24,21.0,1.0,Cartão de crédito,Entregue
2901,2026-02-08,16:00,Sabor Nordestino,Brasileira,Fortaleza,41.53,37.0,5.0,Cartão de débito,Entregue
2902,2026-04-30,15:38,Açaí Tropical,Açaí,Eusébio,55.31,33.0,5.0,Cartão de débito,Entregue
2903,2026-01-23,19:11,Pizza Express,Pizza,Caucaia,111.27,45.0,5.0,Cartão de crédito,Entregue
2904,2026-04-09,13:57,Tempero Cearense,Saudável,Maracanaú,156.49,58.0,2.0,Cartão de débito,Entregue
2905,2026-02-23,11:31,Burger House,Hambúrguer,Maracanaú,87.73,24.0,5.0,Cartão de débito,Entregue
2906,2026-05-18,15:16,Burger House,Hambúrguer,Maracanaú,127.17,33.0,1.0,Cartão de crédito,Entregue
2907,2026-06-26,21:43,Burger House,Hambúrguer,Fortaleza,107.38,57.0,1.0,Cartão de crédito,Entregue
2908,2026-04-07,22:01,Churrasco & Cia,Churrasco,Fortaleza,114.28,50.0,3.0,Pix,Entregue
2909,2026-02-06,17:56,Pizza Express,Pizza,Maracanaú,172.7,27.0,1.0,Cartão de débito,Cancelado
2910,2026-03-23,16:54,Sushi Fortaleza,Sushi,Maracanaú,115.72,63.0,2.0,Cartão de crédito,Entregue
2911,2026-01-15,10:46,Sabor Nordestino,Brasileira,Fortaleza,104.21,53.0,5.0,Cartão de débito,Entregue
2912,2026-04-24,18:07,Sabor Nordestino,Brasileira,Caucaia,156.58,49.0,1.0,Cartão de débito,Entregue
2913,2026-03-01,15:44,Cantinho da Massa,Massas,Fortaleza,73.62,53.0,2.0,Cartão de crédito,Entregue
2914,2026-02-28,10:59,Cantinho da Massa,Massas,Eusébio,121.34,41.0,4.0,Cartão de crédito,Entregue
2915,2026-04-17,16:10,Sabor Nordestino,Brasileira,Fortaleza,42.45,23.0,4.0,Cartão de crédito,Entregue
2916,2026-05-27,14:49,Açaí Tropical,Açaí,Caucaia,143.06,69.0,1.0,Pix,Entregue
2917,2026-02-26,11:53,Pizza Express,Pizza,Fortaleza,176.72,58.0,5.0,Cartão de débito,Entregue
2918,2026-03-04,10:55,Tempero Cearense,Saudável,Maracanaú,168.78,53.0,4.0,Pix,Cancelado
2919,2026-01-25,18:37,Pizza Express,Pizza,Caucaia,42.39,42.0,5.0,Cartão de débito,Entregue
2920,2026-04-15,21:55,Churrasco & Cia,Churrasco,Fortaleza,141.19,21.0,4.0,Dinheiro,Entregue
2921,2026-06-26,23:06,Açaí Tropical,Açaí,Maracanaú,83.7,23.0,5.0,Cartão de débito,Entregue
2922,2026-03-02,16:34,Churrasco & Cia,Churrasco,Fortaleza,34.05,56.0,4.0,Cartão de débito,Entregue
2923,2026-04-13,12:37,Burger House,Hambúrguer,Eusébio,88.02,42.0,4.0,Cartão de crédito,Entregue
2924,2026-06-26,13:28,Tempero Cearense,Saudável,Fortaleza,171.94,67.0,3.0,Cartão de débito,Entregue
2925,2026-06-14,19:43,Sabor Nordestino,Brasileira,Maracanaú,66.63,52.0,2.0,Pix,Entregue
2926,2026-01-28,12:20,Churrasco & Cia,Churrasco,Maracanaú,96.84,24.0,4.0,Pix,Cancelado
2927,2026-05-07,16:18,Sabor Nordestino,Brasileira,Eusébio,165.94,38.0,5.0,Cartão de crédito,Entregue
2928,2026-01-19,21:59,Cantinho da Massa,Massas,Fortaleza,143.71,21.0,4.0,Pix,Entregue
2929,2026-05-30,13:36,Pizza Express,Pizza,Eusébio,114.44,70.0,3.0,Dinheiro,Entregue
2930,2026-01-24,18:34,Açaí Tropical,Açaí,Fortaleza,123.73,68.0,3.0,Dinheiro,Entregue
2931,2026-06-16,15:49,Sabor Nordestino,Brasileira,Fortaleza,134.94,26.0,3.0,Pix,Entregue
2932,2026-06-13,12:33,Açaí Tropical,Açaí,Maracanaú,75.93,44.0,1.0,Cartão de débito,Entregue
2933,2026-02-06,19:12,Sabor Nordestino,Brasileira,Fortaleza,36.27,24.0,3.0,Cartão de crédito,Entregue
2934,2026-05-10,16:53,Sabor Nordestino,Brasileira,Maracanaú,64.04,51.0,1.0,Dinheiro,Entregue
2935,2026-06-03,15:09,Burger House,Hambúrguer,Eusébio,56.33,27.0,4.0,Cartão de débito,Entregue
2936,2026-06-12,18:01,Tempero Cearense,Saudável,Eusébio,161.83,15.0,4.0,Cartão de débito,Entregue
2937,2026-02-04,22:16,Burger House,Hambúrguer,Maracanaú,124.19,42.0,2.0,Pix,Entregue
2938,2026-05-27,17:23,Sushi Fortaleza,Sushi,Maracanaú,171.23,62.0,3.0,Cartão de crédito,Entregue
2939,2026-03-25,17:56,Pizza Express,Pizza,Caucaia,68.81,57.0,5.0,Pix,Entregue
2940,2026-06-23,22:58,Açaí Tropical,Açaí,Caucaia,27.95,39.0,5.0,Dinheiro,Entregue
2941,2026-04-03,20:19,Cantinho da Massa,Massas,Caucaia,55.02,36.0,1.0,Pix,Entregue
2942,2026-04-20,18:34,Tempero Cearense,Saudável,Caucaia,168.4,47.0,2.0,Pix,Entregue
2943,2026-03-17,18:47,Sushi Fortaleza,Sushi,Caucaia,124.79,42.0,2.0,Dinheiro,Entregue
2944,2026-02-25,16:25,Cantinho da Massa,Massas,Caucaia,58.45,16.0,4.0,Dinheiro,Entregue
2945,2026-05-01,10:59,Cantinho da Massa,Massas,Eusébio,45.45,56.0,4.0,Cartão de débito,Entregue
2946,2026-06-16,14:19,Sushi Fortaleza,Sushi,Maracanaú,179.49,59.0,3.0,Cartão de crédito,Entregue
2947,2026-03-20,15:51,Sabor Nordestino,Brasileira,Caucaia,179.12,17.0,5.0,Cartão de débito,Entregue
2948,2026-04-13,17:10,Sabor Nordestino,Brasileira,Fortaleza,93.26,32.0,2.0,Cartão de débito,Entregue
2949,2026-06-28,17:28,Sushi Fortaleza,Sushi,Maracanaú,165.12,69.0,5.0,Pix,Entregue
2950,2026-03-30,20:40,Sabor Nordestino,Brasileira,Eusébio,109.96,16.0,1.0,Dinheiro,Entregue
2951,2026-05-24,15:07,Churrasco & Cia,Churrasco,Fortaleza,128.25,59.0,1.0,Pix,Cancelado
2952,2026-01-06,20:11,Pizza Express,Pizza,Caucaia,53.55,29.0,1.0,Cartão de débito,Entregue
2953,2026-06-02,14:49,Sushi Fortaleza,Sushi,Eusébio,140.1,54.0,3.0,Cartão de débito,Entregue
2954,2026-01-26,11:09,Sushi Fortaleza,Sushi,Caucaia,112.18,32.0,2.0,Dinheiro,Entregue
2955,2026-04-28,23:16,Burger House,Hambúrguer,Maracanaú,154.48,39.0,2.0,Pix,Entregue
2956,2026-01-14,18:23,Açaí Tropical,Açaí,Eusébio,104.56,50.0,3.0,Pix,Entregue
2957,2026-01-21,14:40,Tempero Cearense,Saudável,Fortaleza,147.71,67.0,1.0,Cartão de débito,Entregue
2958,2026-01-21,17:42,Cantinho da Massa,Massas,Caucaia,152.61,35.0,2.0,Dinheiro,Entregue
2959,2026-04-17,12:30,Burger House,Hambúrguer,Fortaleza,86.52,27.0,2.0,Dinheiro,Entregue
2960,2026-01-25,23:08,Pizza Express,Pizza,Caucaia,152.87,38.0,4.0,Cartão de débito,Entregue
2961,2026-03-07,11:11,Tempero Cearense,Saudável,Fortaleza,102.19,48.0,1.0,Dinheiro,Entregue
2962,2026-01-04,19:39,Sabor Nordestino,Brasileira,Maracanaú,111.36,20.0,5.0,Dinheiro,Entregue
2963,2026-03-02,19:38,Churrasco & Cia,Churrasco,Fortaleza,89.73,46.0,1.0,Pix,Entregue
2964,2026-03-26,21:39,Burger House,Hambúrguer,Eusébio,166.3,60.0,4.0,Dinheiro,Entregue
2965,2026-01-26,12:48,Sushi Fortaleza,Sushi,Caucaia,145.06,67.0,5.0,Cartão de crédito,Entregue
2966,2026-03-30,23:59,Pizza Express,Pizza,Caucaia,124.03,18.0,2.0,Pix,Entregue
2967,2026-03-04,16:19,Churrasco & Cia,Churrasco,Fortaleza,157.44,24.0,5.0,Cartão de débito,Entregue
2968,2026-03-02,11:15,Cantinho da Massa,Massas,Eusébio,95.42,64.0,3.0,Dinheiro,Entregue
2969,2026-02-17,19:39,Pizza Express,Pizza,Fortaleza,134.93,33.0,5.0,Cartão de crédito,Entregue
2970,2026-06-10,14:12,Pizza Express,Pizza,Eusébio,123.5,30.0,4.0,Pix,Entregue
2971,2026-01-22,10:43,Burger House,Hambúrguer,Maracanaú,97.38,58.0,1.0,Pix,Entregue
2972,2026-02-07,20:37,Pizza Express,Pizza,Maracanaú,116.79,39.0,3.0,Cartão de crédito,Entregue
2973,2026-02-24,23:10,Pizza Express,Pizza,Maracanaú,42.6,54.0,1.0,Cartão de crédito,Entregue
2974,2026-05-06,13:52,Burger House,Hambúrguer,Eusébio,35.67,50.0,2.0,Dinheiro,Entregue
2975,2026-01-20,22:20,Açaí Tropical,Açaí,Eusébio,128.7,42.0,4.0,Cartão de crédito,Entregue
2976,2026-04-02,12:36,Açaí Tropical,Açaí,Maracanaú,20.16,56.0,3.0,Pix,Entregue
2977,2026-06-08,23:46,Pizza Express,Pizza,Caucaia,158.14,18.0,3.0,Pix,Entregue
2978,2026-01-03,22:11,Sabor Nordestino,Brasileira,Eusébio,144.18,39.0,5.0,Cartão de débito,Entregue
2979,2026-05-23,19:02,Sushi Fortaleza,Sushi,Caucaia,122.07,18.0,2.0,Pix,Entregue
2980,2026-04-26,22:25,Sabor Nordestino,Brasileira,Eusébio,123.77,18.0,3.0,Cartão de crédito,Entregue
2981,2026-02-22,14:26,Açaí Tropical,Açaí,Caucaia,67.62,19.0,5.0,Cartão de débito,Entregue
2982,2026-04-19,18:32,Pizza Express,Pizza,Fortaleza,32.08,30.0,5.0,Cartão de débito,Entregue
2983,2026-01-19,10:55,Churrasco & Cia,Churrasco,Fortaleza,58.99,32.0,4.0,Cartão de crédito,Entregue
2984,2026-03-21,12:09,Sabor Nordestino,Brasileira,Fortaleza,57.6,57.0,5.0,Cartão de débito,Entregue
2985,2026-03-02,12:02,Sushi Fortaleza,Sushi,Fortaleza,161.04,58.0,4.0,Cartão de crédito,Entregue
2986,2026-06-13,16:14,Tempero Cearense,Saudável,Fortaleza,58.01,51.0,1.0,Dinheiro,Cancelado
2987,2026-04-08,19:00,Açaí Tropical,Açaí,Caucaia,123.68,42.0,4.0,Cartão de débito,Entregue
2988,2026-01-06,15:08,Pizza Express,Pizza,Caucaia,131.8,21.0,1.0,Dinheiro,Entregue
2989,2026-04-27,11:27,Sushi Fortaleza,Sushi,Caucaia,109.7,70.0,1.0,Pix,Entregue
2990,2026-02-25,17:00,Churrasco & Cia,Churrasco,Fortaleza,142.36,64.0,5.0,Cartão de crédito,Entregue
2991,2026-06-14,14:23,Cantinho da Massa,Massas,Caucaia,87.25,45.0,2.0,Dinheiro,Entregue
2992,2026-04-10,23:07,Burger House,Hambúrguer,Maracanaú,88.45,20.0,2.0,Dinheiro,Entregue
2993,2026-06-25,22:07,Tempero Cearense,Saudável,Eusébio,155.43,30.0,5.0,Pix,Entregue
2994,2026-02-04,21:25,Tempero Cearense,Saudável,Maracanaú,107.02,16.0,3.0,Pix,Entregue
2995,2026-04-28,11:12,Açaí Tropical,Açaí,Caucaia,151.71,17.0,2.0,Cartão de débito,Entregue
2996,2026-06-17,21:48,Cantinho da Massa,Massas,Maracanaú,173.83,34.0,3.0,Dinheiro,Entregue
2997,2026-02-15,17:27,Sushi Fortaleza,Sushi,Eusébio,20.14,58.0,1.0,Cartão de crédito,Entregue
2998,2026-04-17,22:06,Cantinho da Massa,Massas,Eusébio,120.19,21.0,3.0,Cartão de débito,Entregue
2999,2026-02-28,11:38,Tempero Cearense,Saudável,Maracanaú,53.15,41.0,3.0,Dinheiro,Entregue
3000,2026-03-06,16:20,Tempero Cearense,Saudável,Maracanaú,114.9,45.0,1.0,Cartão de débito,Entregue
3001,2026-05-24,22:14,Sabor Nordestino,Brasileira,Fortaleza,64.53,29.0,4.0,Cartão de débito,Entregue
3002,2026-02-28,21:53,Pizza Express,Pizza,Caucaia,112.26,26.0,2.0,Cartão de crédito,Entregue
3003,2026-02-12,17:59,Sabor Nordestino,Brasileira,Maracanaú,72.77,29.0,3.0,Cartão de crédito,Entregue
3004,2026-03-09,10:24,Burger House,Hambúrguer,Fortaleza,33.11,43.0,2.0,Cartão de débito,Entregue
3005,2026-03-13,17:07,Sushi Fortaleza,Sushi,Fortaleza,34.0,22.0,4.0,Dinheiro,Entregue
3006,2026-05-03,15:43,Açaí Tropical,Açaí,Caucaia,153.22,45.0,3.0,Dinheiro,Entregue
3007,2026-01-15,15:10,Burger House,Hambúrguer,Fortaleza,98.45,22.0,3.0,Dinheiro,Entregue
3008,2026-04-17,15:33,Pizza Express,Pizza,Fortaleza,179.18,15.0,4.0,Cartão de crédito,Entregue
3009,2026-06-11,22:43,Churrasco & Cia,Churrasco,Maracanaú,157.85,21.0,4.0,Cartão de débito,Entregue
3010,2026-02-13,19:29,Churrasco & Cia,Churrasco,Caucaia,91.78,26.0,4.0,Cartão de crédito,Entregue
3011,2026-03-20,19:26,Sushi Fortaleza,Sushi,Maracanaú,166.22,47.0,1.0,Cartão de crédito,Entregue
3012,2026-02-24,18:54,Sabor Nordestino,Brasileira,Maracanaú,104.86,25.0,1.0,Cartão de crédito,Entregue
3013,2026-06-14,23:00,Açaí Tropical,Açaí,Fortaleza,88.16,46.0,3.0,Cartão de débito,Entregue
3014,2026-06-28,12:07,Tempero Cearense,Saudável,Eusébio,148.4,59.0,2.0,Dinheiro,Entregue
3015,2026-03-03,11:30,Churrasco & Cia,Churrasco,Caucaia,112.54,63.0,1.0,Pix,Entregue
3016,2026-01-15,13:30,Burger House,Hambúrguer,Caucaia,139.96,38.0,5.0,Pix,Entregue
3017,2026-03-29,21:26,Sushi Fortaleza,Sushi,Fortaleza,44.5,69.0,3.0,Cartão de débito,Entregue
3018,2026-02-09,12:58,Churrasco & Cia,Churrasco,Caucaia,36.93,66.0,3.0,Cartão de crédito,Entregue
3019,2026-06-29,21:11,Churrasco & Cia,Churrasco,Fortaleza,120.7,68.0,3.0,Dinheiro,Entregue
3020,2026-02-15,11:52,Burger House,Hambúrguer,Eusébio,84.93,17.0,1.0,Dinheiro,Entregue
3021,2026-06-03,14:22,Cantinho da Massa,Massas,Fortaleza,151.97,61.0,5.0,Pix,Entregue
3022,2026-01-25,15:24,Sushi Fortaleza,Sushi,Fortaleza,116.5,15.0,4.0,Dinheiro,Entregue
3023,2026-03-28,22:39,Sabor Nordestino,Brasileira,Maracanaú,131.32,34.0,3.0,Dinheiro,Entregue
3024,2026-03-13,21:02,Burger House,Hambúrguer,Fortaleza,93.74,55.0,2.0,Pix,Entregue
3025,2026-01-24,16:25,Pizza Express,Pizza,Fortaleza,160.38,28.0,5.0,Dinheiro,Entregue
3026,2026-04-20,17:01,Açaí Tropical,Açaí,Eusébio,39.36,57.0,2.0,Pix,Cancelado
3027,2026-06-30,12:19,Burger House,Hambúrguer,Eusébio,123.41,62.0,3.0,Cartão de crédito,Entregue
3028,2026-05-15,22:53,Sushi Fortaleza,Sushi,Fortaleza,85.89,30.0,2.0,Cartão de débito,Entregue
3029,2026-03-20,10:06,Pizza Express,Pizza,Caucaia,66.43,25.0,3.0,Pix,Entregue
3030,2026-06-21,10:10,Cantinho da Massa,Massas,Eusébio,149.36,63.0,3.0,Cartão de crédito,Entregue
3031,2026-03-20,17:26,Churrasco & Cia,Churrasco,Fortaleza,38.88,62.0,5.0,Dinheiro,Entregue
3032,2026-03-28,16:17,Sabor Nordestino,Brasileira,Caucaia,36.49,46.0,3.0,Cartão de débito,Entregue
3033,2026-06-08,21:04,Sushi Fortaleza,Sushi,Maracanaú,26.23,34.0,2.0,Pix,Entregue
3034,2026-01-24,20:40,Sabor Nordestino,Brasileira,Eusébio,81.69,19.0,1.0,Cartão de crédito,Entregue
3035,2026-03-23,16:20,Cantinho da Massa,Massas,Eusébio,139.9,52.0,2.0,Cartão de crédito,Entregue
3036,2026-02-14,13:30,Tempero Cearense,Saudável,Maracanaú,89.25,57.0,4.0,Cartão de débito,Entregue
3037,2026-05-26,15:14,Sushi Fortaleza,Sushi,Maracanaú,34.92,31.0,1.0,Cartão de crédito,Entregue
3038,2026-05-19,22:48,Sushi Fortaleza,Sushi,Fortaleza,153.72,65.0,2.0,Pix,Entregue
3039,2026-06-17,20:54,Burger House,Hambúrguer,Caucaia,20.35,42.0,2.0,Cartão de débito,Entregue
3040,2026-02-18,13:51,Cantinho da Massa,Massas,Eusébio,172.36,31.0,2.0,Dinheiro,Entregue
3041,2026-05-15,16:27,Cantinho da Massa,Massas,Fortaleza,101.24,64.0,3.0,Pix,Entregue
3042,2026-03-05,21:35,Burger House,Hambúrguer,Maracanaú,171.0,23.0,5.0,Pix,Entregue
3043,2026-04-26,14:13,Churrasco & Cia,Churrasco,Fortaleza,112.42,37.0,2.0,Pix,Entregue
3044,2026-05-03,23:40,Sabor Nordestino,Brasileira,Eusébio,111.09,66.0,5.0,Dinheiro,Entregue
3045,2026-02-23,15:38,Pizza Express,Pizza,Maracanaú,84.78,17.0,3.0,Dinheiro,Entregue
3046,2026-05-21,18:12,Sabor Nordestino,Brasileira,Fortaleza,141.92,66.0,5.0,Pix,Entregue
3047,2026-05-21,18:29,Sushi Fortaleza,Sushi,Caucaia,177.75,62.0,5.0,Dinheiro,Entregue
3048,2026-05-13,16:27,Açaí Tropical,Açaí,Caucaia,93.12,41.0,1.0,Dinheiro,Entregue
3049,2026-06-14,10:55,Tempero Cearense,Saudável,Fortaleza,33.6,31.0,5.0,Dinheiro,Entregue
3050,2026-01-21,10:48,Sushi Fortaleza,Sushi,Caucaia,147.38,60.0,4.0,Cartão de crédito,Entregue
3051,2026-05-03,23:22,Tempero Cearense,Saudável,Maracanaú,136.46,15.0,3.0,Cartão de crédito,Entregue
3052,2026-05-10,16:01,Pizza Express,Pizza,Maracanaú,98.62,33.0,3.0,Cartão de débito,Entregue
3053,2026-06-27,13:23,Tempero Cearense,Saudável,Caucaia,22.98,32.0,3.0,Cartão de crédito,Entregue
3054,2026-04-15,16:54,Sushi Fortaleza,Sushi,Maracanaú,74.9,17.0,2.0,Pix,Entregue
3055,2026-05-24,16:04,Açaí Tropical,Açaí,Eusébio,163.92,66.0,4.0,Cartão de crédito,Entregue
3056,2026-01-09,23:08,Churrasco & Cia,Churrasco,Fortaleza,176.85,58.0,2.0,Pix,Entregue
3057,2026-05-06,16:47,Burger House,Hambúrguer,Maracanaú,159.93,34.0,5.0,Cartão de crédito,Entregue
3058,2026-03-05,18:41,Cantinho da Massa,Massas,Eusébio,141.4,41.0,5.0,Cartão de crédito,Entregue
3059,2026-02-20,15:32,Churrasco & Cia,Churrasco,Eusébio,23.03,68.0,1.0,Cartão de crédito,Entregue
3060,2026-02-06,17:35,Tempero Cearense,Saudável,Caucaia,33.45,66.0,5.0,Cartão de débito,Entregue
3061,2026-03-17,20:58,Churrasco & Cia,Churrasco,Eusébio,165.05,60.0,4.0,Dinheiro,Entregue
3062,2026-04-07,22:30,Sabor Nordestino,Brasileira,Eusébio,81.97,41.0,2.0,Cartão de crédito,Entregue
3063,2026-04-19,13:16,Cantinho da Massa,Massas,Caucaia,53.81,53.0,3.0,Dinheiro,Entregue
3064,2026-06-03,16:47,Sushi Fortaleza,Sushi,Eusébio,36.79,19.0,2.0,Cartão de débito,Entregue
3065,2026-04-23,20:26,Pizza Express,Pizza,Maracanaú,134.25,62.0,1.0,Dinheiro,Entregue
3066,2026-02-01,17:19,Cantinho da Massa,Massas,Caucaia,93.76,42.0,2.0,Dinheiro,Entregue
3067,2026-04-10,13:25,Açaí Tropical,Açaí,Caucaia,131.46,47.0,5.0,Dinheiro,Entregue
3068,2026-03-09,22:31,Churrasco & Cia,Churrasco,Caucaia,129.46,56.0,2.0,Pix,Entregue
3069,2026-03-27,12:37,Churrasco & Cia,Churrasco,Eusébio,91.38,44.0,3.0,Cartão de crédito,Cancelado
3070,2026-03-03,17:24,Açaí Tropical,Açaí,Maracanaú,109.21,33.0,1.0,Pix,Entregue
3071,2026-01-06,23:30,Tempero Cearense,Saudável,Maracanaú,76.75,34.0,5.0,Dinheiro,Entregue
3072,2026-03-18,11:04,Churrasco & Cia,Churrasco,Maracanaú,142.64,56.0,2.0,Cartão de crédito,Entregue
3073,2026-01-15,22:02,Sabor Nordestino,Brasileira,Caucaia,138.16,65.0,4.0,Pix,Entregue
3074,2026-05-10,12:15,Cantinho da Massa,Massas,Caucaia,74.94,48.0,3.0,Dinheiro,Entregue
3075,2026-03-29,12:58,Sushi Fortaleza,Sushi,Eusébio,170.64,42.0,1.0,Cartão de crédito,Entregue
3076,2026-01-10,14:29,Sabor Nordestino,Brasileira,Fortaleza,31.22,62.0,2.0,Pix,Entregue
3077,2026-06-20,15:52,Tempero Cearense,Saudável,Fortaleza,32.59,59.0,5.0,Dinheiro,Entregue
3078,2026-01-21,11:35,Pizza Express,Pizza,Caucaia,100.38,62.0,4.0,Pix,Entregue
3079,2026-01-20,14:46,Cantinho da Massa,Massas,Maracanaú,91.79,20.0,5.0,Dinheiro,Entregue
3080,2026-06-21,10:17,Açaí Tropical,Açaí,Maracanaú,83.98,56.0,4.0,Cartão de débito,Entregue
3081,2026-01-05,21:23,Burger House,Hambúrguer,Caucaia,84.66,53.0,5.0,Pix,Entregue
3082,2026-06-14,19:04,Cantinho da Massa,Massas,Eusébio,132.22,59.0,2.0,Cartão de crédito,Entregue
3083,2026-05-28,21:11,Açaí Tropical,Açaí,Maracanaú,165.32,69.0,1.0,Pix,Entregue
3084,2026-05-04,20:15,Tempero Cearense,Saudável,Eusébio,166.34,19.0,3.0,Cartão de crédito,Entregue
3085,2026-02-25,11:34,Tempero Cearense,Saudável,Maracanaú,25.16,46.0,3.0,Dinheiro,Entregue
3086,2026-02-24,18:37,Pizza Express,Pizza,Caucaia,92.61,62.0,5.0,Pix,Entregue
3087,2026-04-27,14:55,Cantinho da Massa,Massas,Eusébio,20.43,35.0,5.0,Pix,Entregue
3088,2026-01-05,21:55,Burger House,Hambúrguer,Eusébio,145.29,45.0,2.0,Pix,Cancelado
3089,2026-05-18,21:43,Tempero Cearense,Saudável,Maracanaú,69.62,70.0,4.0,Dinheiro,Entregue
3090,2026-02-22,11:13,Churrasco & Cia,Churrasco,Fortaleza,100.88,27.0,1.0,Cartão de débito,Entregue
3091,2026-04-06,13:17,Tempero Cearense,Saudável,Caucaia,105.52,20.0,3.0,Cartão de débito,Cancelado
3092,2026-05-15,22:34,Churrasco & Cia,Churrasco,Eusébio,131.0,46.0,5.0,Pix,Entregue
3093,2026-06-09,22:39,Sabor Nordestino,Brasileira,Caucaia,132.94,58.0,1.0,Cartão de débito,Cancelado
3094,2026-05-22,16:21,Churrasco & Cia,Churrasco,Fortaleza,80.29,37.0,5.0,Cartão de débito,Entregue
3095,2026-02-22,23:06,Sushi Fortaleza,Sushi,Caucaia,105.2,51.0,1.0,Cartão de crédito,Entregue
3096,2026-02-20,18:04,Cantinho da Massa,Massas,Maracanaú,50.25,23.0,5.0,Cartão de débito,Entregue
3097,2026-02-10,11:44,Churrasco & Cia,Churrasco,Maracanaú,139.13,30.0,1.0,Cartão de crédito,Entregue
3098,2026-05-12,15:09,Açaí Tropical,Açaí,Eusébio,67.23,20.0,3.0,Dinheiro,Entregue
3099,2026-03-05,11:21,Churrasco & Cia,Churrasco,Caucaia,51.32,18.0,1.0,Pix,Entregue
3100,2026-02-18,10:51,Cantinho da Massa,Massas,Caucaia,21.64,43.0,5.0,Cartão de crédito,Entregue
3101,2026-01-26,10:39,Tempero Cearense,Saudável,Caucaia,118.23,34.0,3.0,Pix,Entregue
3102,2026-04-21,13:47,Cantinho da Massa,Massas,Caucaia,178.07,34.0,1.0,Cartão de débito,Entregue
3103,2026-01-26,12:26,Cantinho da Massa,Massas,Caucaia,44.43,41.0,3.0,Cartão de crédito,Entregue
3104,2026-01-27,10:26,Pizza Express,Pizza,Maracanaú,177.15,39.0,5.0,Cartão de crédito,Entregue
3105,2026-06-29,21:33,Burger House,Hambúrguer,Eusébio,126.26,23.0,1.0,Dinheiro,Entregue
3106,2026-04-17,23:32,Burger House,Hambúrguer,Eusébio,129.92,55.0,4.0,Pix,Entregue
3107,2026-04-13,12:41,Tempero Cearense,Saudável,Maracanaú,172.74,16.0,5.0,Cartão de débito,Entregue
3108,2026-05-08,19:51,Pizza Express,Pizza,Fortaleza,21.78,51.0,2.0,Cartão de débito,Entregue
3109,2026-06-12,20:59,Churrasco & Cia,Churrasco,Maracanaú,40.72,23.0,5.0,Dinheiro,Entregue
3110,2026-02-21,12:09,Sabor Nordestino,Brasileira,Fortaleza,173.63,57.0,4.0,Pix,Entregue
3111,2026-06-07,17:47,Burger House,Hambúrguer,Caucaia,148.81,50.0,4.0,Cartão de crédito,Entregue
3112,2026-03-31,11:18,Churrasco & Cia,Churrasco,Eusébio,164.15,66.0,1.0,Pix,Entregue
3113,2026-05-12,22:41,Sabor Nordestino,Brasileira,Eusébio,166.16,48.0,4.0,Cartão de crédito,Entregue
3114,2026-01-12,14:35,Sabor Nordestino,Brasileira,Eusébio,146.61,68.0,2.0,Pix,Entregue
3115,2026-04-02,23:19,Açaí Tropical,Açaí,Caucaia,92.18,66.0,4.0,Pix,Entregue
3116,2026-05-29,10:16,Pizza Express,Pizza,Caucaia,89.7,59.0,3.0,Cartão de débito,Entregue
3117,2026-04-10,15:40,Churrasco & Cia,Churrasco,Maracanaú,148.84,29.0,5.0,Dinheiro,Entregue
3118,2026-05-11,17:46,Tempero Cearense,Saudável,Caucaia,88.09,54.0,5.0,Cartão de débito,Entregue
3119,2026-04-10,20:03,Tempero Cearense,Saudável,Eusébio,161.61,23.0,5.0,Cartão de crédito,Entregue
3120,2026-01-26,22:46,Sushi Fortaleza,Sushi,Maracanaú,21.46,32.0,4.0,Pix,Entregue
3121,2026-04-25,11:48,Sabor Nordestino,Brasileira,Eusébio,101.43,28.0,3.0,Cartão de crédito,Entregue
3122,2026-03-07,23:33,Churrasco & Cia,Churrasco,Eusébio,109.62,60.0,5.0,Pix,Entregue
3123,2026-05-31,21:48,Pizza Express,Pizza,Caucaia,93.54,51.0,1.0,Pix,Entregue
3124,2026-04-23,12:35,Sushi Fortaleza,Sushi,Caucaia,161.23,62.0,4.0,Dinheiro,Entregue
3125,2026-01-15,23:36,Churrasco & Cia,Churrasco,Eusébio,40.18,61.0,4.0,Dinheiro,Entregue
3126,2026-05-23,14:55,Tempero Cearense,Saudável,Maracanaú,153.55,36.0,4.0,Cartão de débito,Entregue
3127,2026-02-12,15:49,Burger House,Hambúrguer,Eusébio,104.09,25.0,5.0,Cartão de crédito,Entregue
3128,2026-01-29,18:13,Burger House,Hambúrguer,Eusébio,79.76,17.0,4.0,Pix,Entregue
3129,2026-03-18,20:53,Tempero Cearense,Saudável,Maracanaú,165.06,55.0,4.0,Cartão de crédito,Entregue
3130,2026-04-13,14:20,Sushi Fortaleza,Sushi,Maracanaú,175.77,61.0,3.0,Pix,Entregue
3131,2026-05-02,15:09,Pizza Express,Pizza,Eusébio,77.19,27.0,1.0,Dinheiro,Entregue
3132,2026-03-30,20:50,Churrasco & Cia,Churrasco,Eusébio,167.8,59.0,5.0,Dinheiro,Entregue
3133,2026-04-28,14:05,Pizza Express,Pizza,Caucaia,175.32,39.0,2.0,Dinheiro,Entregue
3134,2026-01-31,23:47,Pizza Express,Pizza,Maracanaú,87.9,36.0,2.0,Pix,Entregue
3135,2026-04-02,22:20,Pizza Express,Pizza,Caucaia,144.58,42.0,3.0,Cartão de crédito,Entregue
3136,2026-04-23,18:38,Tempero Cearense,Saudável,Eusébio,169.66,15.0,1.0,Cartão de débito,Entregue
3137,2026-05-10,23:11,Sabor Nordestino,Brasileira,Fortaleza,83.36,27.0,1.0,Cartão de crédito,Entregue
3138,2026-03-25,19:30,Burger House,Hambúrguer,Eusébio,167.51,24.0,2.0,Pix,Entregue
3139,2026-02-25,14:49,Burger House,Hambúrguer,Maracanaú,81.05,50.0,1.0,Pix,Entregue
3140,2026-06-27,10:05,Sabor Nordestino,Brasileira,Caucaia,21.3,28.0,2.0,Pix,Entregue
3141,2026-01-19,23:54,Churrasco & Cia,Churrasco,Eusébio,90.18,30.0,3.0,Dinheiro,Entregue
3142,2026-05-05,11:59,Churrasco & Cia,Churrasco,Caucaia,61.79,41.0,1.0,Pix,Entregue
3143,2026-02-09,16:02,Tempero Cearense,Saudável,Maracanaú,156.93,62.0,4.0,Cartão de débito,Entregue
3144,2026-01-13,20:21,Sushi Fortaleza,Sushi,Maracanaú,168.03,69.0,3.0,Cartão de crédito,Entregue
3145,2026-06-26,12:45,Churrasco & Cia,Churrasco,Maracanaú,91.11,55.0,2.0,Pix,Entregue
3146,2026-02-13,11:56,Churrasco & Cia,Churrasco,Caucaia,135.62,69.0,2.0,Cartão de débito,Entregue
3147,2026-06-22,17:29,Churrasco & Cia,Churrasco,Caucaia,107.84,20.0,2.0,Dinheiro,Entregue
3148,2026-03-08,13:38,Churrasco & Cia,Churrasco,Maracanaú,96.43,47.0,3.0,Pix,Entregue
3149,2026-01-01,17:35,Sabor Nordestino,Brasileira,Maracanaú,152.82,20.0,5.0,Cartão de crédito,Entregue
3150,2026-01-17,17:30,Churrasco & Cia,Churrasco,Caucaia,30.96,51.0,3.0,Pix,Entregue
3151,2026-03-20,19:49,Burger House,Hambúrguer,Caucaia,52.96,21.0,4.0,Pix,Entregue
3152,2026-02-15,18:48,Sushi Fortaleza,Sushi,Caucaia,126.07,45.0,3.0,Dinheiro,Entregue
3153,2026-03-31,16:49,Churrasco & Cia,Churrasco,Fortaleza,97.03,38.0,3.0,Pix,Entregue
3154,2026-03-09,20:50,Sushi Fortaleza,Sushi,Caucaia,55.62,64.0,4.0,Dinheiro,Entregue
3155,2026-01-27,15:55,Tempero Cearense,Saudável,Eusébio,172.12,61.0,1.0,Pix,Entregue
3156,2026-01-14,17:25,Sushi Fortaleza,Sushi,Caucaia,158.42,37.0,2.0,Pix,Entregue
3157,2026-04-30,11:03,Sabor Nordestino,Brasileira,Fortaleza,39.69,36.0,3.0,Dinheiro,Entregue
3158,2026-02-28,22:18,Cantinho da Massa,Massas,Eusébio,126.11,67.0,3.0,Dinheiro,Entregue
3159,2026-04-01,15:29,Churrasco & Cia,Churrasco,Maracanaú,60.73,29.0,3.0,Pix,Entregue
3160,2026-06-12,17:19,Pizza Express,Pizza,Maracanaú,105.43,56.0,3.0,Dinheiro,Entregue
3161,2026-06-20,15:09,Sushi Fortaleza,Sushi,Eusébio,105.83,38.0,3.0,Cartão de crédito,Entregue
3162,2026-06-22,21:37,Churrasco & Cia,Churrasco,Maracanaú,139.49,34.0,4.0,Pix,Entregue
3163,2026-01-26,20:26,Tempero Cearense,Saudável,Fortaleza,44.86,48.0,3.0,Cartão de crédito,Entregue
3164,2026-04-16,12:15,Sushi Fortaleza,Sushi,Caucaia,91.05,34.0,1.0,Dinheiro,Entregue
3165,2026-04-13,22:37,Açaí Tropical,Açaí,Fortaleza,60.72,46.0,5.0,Dinheiro,Entregue
3166,2026-06-27,13:18,Pizza Express,Pizza,Caucaia,134.18,51.0,3.0,Cartão de crédito,Entregue
3167,2026-02-25,17:18,Churrasco & Cia,Churrasco,Maracanaú,25.93,44.0,1.0,Cartão de débito,Entregue
3168,2026-04-10,11:01,Pizza Express,Pizza,Maracanaú,75.67,58.0,1.0,Cartão de crédito,Entregue
3169,2026-04-23,21:02,Tempero Cearense,Saudável,Maracanaú,111.64,56.0,3.0,Cartão de crédito,Entregue
3170,2026-04-21,21:38,Burger House,Hambúrguer,Caucaia,70.21,21.0,4.0,Cartão de débito,Entregue
3171,2026-04-04,19:51,Sushi Fortaleza,Sushi,Maracanaú,91.23,58.0,2.0,Pix,Cancelado
3172,2026-04-20,17:15,Churrasco & Cia,Churrasco,Caucaia,132.52,53.0,4.0,Cartão de crédito,Entregue
3173,2026-04-27,12:08,Sushi Fortaleza,Sushi,Caucaia,144.65,28.0,2.0,Pix,Entregue
3174,2026-02-19,19:00,Pizza Express,Pizza,Caucaia,50.33,53.0,4.0,Pix,Entregue
3175,2026-06-12,14:39,Sushi Fortaleza,Sushi,Maracanaú,84.83,58.0,2.0,Pix,Entregue
3176,2026-05-26,16:28,Pizza Express,Pizza,Caucaia,103.23,16.0,2.0,Cartão de crédito,Entregue
3177,2026-04-27,20:46,Sushi Fortaleza,Sushi,Caucaia,143.87,42.0,3.0,Cartão de débito,Entregue
3178,2026-01-07,18:11,Churrasco & Cia,Churrasco,Eusébio,171.77,57.0,4.0,Cartão de débito,Entregue
3179,2026-05-01,22:37,Cantinho da Massa,Massas,Fortaleza,42.64,47.0,5.0,Dinheiro,Entregue
3180,2026-05-30,11:05,Burger House,Hambúrguer,Eusébio,173.11,65.0,2.0,Cartão de crédito,Entregue
3181,2026-06-18,12:20,Burger House,Hambúrguer,Maracanaú,33.22,21.0,5.0,Dinheiro,Entregue
3182,2026-05-20,19:51,Burger House,Hambúrguer,Caucaia,149.6,70.0,3.0,Dinheiro,Cancelado
3183,2026-03-23,17:16,Cantinho da Massa,Massas,Maracanaú,166.35,59.0,2.0,Cartão de débito,Entregue
3184,2026-03-23,14:18,Pizza Express,Pizza,Fortaleza,103.32,66.0,5.0,Pix,Entregue
3185,2026-04-08,17:12,Sabor Nordestino,Brasileira,Caucaia,43.1,28.0,5.0,Cartão de crédito,Entregue
3186,2026-02-25,17:53,Tempero Cearense,Saudável,Caucaia,144.85,49.0,3.0,Dinheiro,Entregue
3187,2026-03-08,16:42,Burger House,Hambúrguer,Eusébio,24.46,19.0,3.0,Cartão de débito,Entregue
3188,2026-03-24,14:03,Pizza Express,Pizza,Fortaleza,49.53,25.0,5.0,Cartão de débito,Entregue
3189,2026-01-03,13:00,Açaí Tropical,Açaí,Maracanaú,167.22,44.0,4.0,Cartão de crédito,Entregue
3190,2026-01-03,16:42,Açaí Tropical,Açaí,Maracanaú,37.35,49.0,2.0,Dinheiro,Entregue
3191,2026-06-04,15:00,Açaí Tropical,Açaí,Maracanaú,124.67,59.0,1.0,Dinheiro,Entregue
3192,2026-01-25,17:09,Sabor Nordestino,Brasileira,Caucaia,107.3,69.0,5.0,Dinheiro,Entregue
3193,2026-06-18,14:06,Tempero Cearense,Saudável,Eusébio,27.15,67.0,2.0,Dinheiro,Entregue
3194,2026-06-17,15:50,Tempero Cearense,Saudável,Caucaia,118.36,44.0,3.0,Cartão de crédito,Entregue
3195,2026-01-22,16:02,Churrasco & Cia,Churrasco,Eusébio,117.48,16.0,4.0,Pix,Entregue
3196,2026-05-26,10:36,Açaí Tropical,Açaí,Fortaleza,56.71,23.0,3.0,Cartão de crédito,Entregue
3197,2026-06-02,17:43,Sabor Nordestino,Brasileira,Fortaleza,108.37,62.0,3.0,Cartão de crédito,Entregue
3198,2026-05-20,12:37,Tempero Cearense,Saudável,Maracanaú,172.72,44.0,3.0,Cartão de débito,Entregue
3199,2026-03-27,13:04,Sushi Fortaleza,Sushi,Maracanaú,136.58,64.0,3.0,Cartão de débito,Entregue
3200,2026-01-01,12:11,Pizza Express,Pizza,Maracanaú,111.42,63.0,1.0,Dinheiro,Entregue
3201,2026-03-12,18:00,Burger House,Hambúrguer,Eusébio,51.84,38.0,5.0,Cartão de débito,Entregue
3202,2026-03-18,13:43,Pizza Express,Pizza,Fortaleza,85.32,43.0,2.0,Pix,Entregue
3203,2026-05-03,14:21,Cantinho da Massa,Massas,Maracanaú,111.83,64.0,3.0,Cartão de crédito,Entregue
3204,2026-02-11,21:05,Cantinho da Massa,Massas,Fortaleza,165.18,63.0,1.0,Cartão de débito,Entregue
3205,2026-03-04,13:05,Churrasco & Cia,Churrasco,Caucaia,102.12,55.0,5.0,Dinheiro,Entregue
3206,2026-01-04,13:21,Açaí Tropical,Açaí,Fortaleza,98.85,46.0,1.0,Dinheiro,Entregue
3207,2026-02-19,10:22,Tempero Cearense,Saudável,Maracanaú,165.21,51.0,3.0,Cartão de crédito,Entregue
3208,2026-06-28,16:00,Churrasco & Cia,Churrasco,Fortaleza,174.11,31.0,5.0,Cartão de débito,Entregue
3209,2026-06-11,18:37,Churrasco & Cia,Churrasco,Eusébio,58.25,39.0,5.0,Pix,Entregue
3210,2026-05-23,17:48,Tempero Cearense,Saudável,Maracanaú,94.37,57.0,4.0,Cartão de crédito,Entregue
3211,2026-03-13,13:19,Churrasco & Cia,Churrasco,Maracanaú,128.21,57.0,2.0,Cartão de crédito,Entregue
3212,2026-05-01,22:15,Sabor Nordestino,Brasileira,Eusébio,56.13,31.0,5.0,Dinheiro,Entregue
3213,2026-04-26,15:58,Açaí Tropical,Açaí,Caucaia,179.13,36.0,1.0,Cartão de crédito,Entregue
3214,2026-03-13,18:54,Sabor Nordestino,Brasileira,Caucaia,132.15,43.0,2.0,Cartão de crédito,Entregue
3215,2026-03-30,16:01,Churrasco & Cia,Churrasco,Caucaia,45.95,18.0,4.0,Pix,Entregue
3216,2026-03-18,22:30,Tempero Cearense,Saudável,Fortaleza,36.83,18.0,4.0,Dinheiro,Entregue
3217,2026-04-26,15:18,Churrasco & Cia,Churrasco,Maracanaú,74.63,24.0,5.0,Dinheiro,Entregue
3218,2026-04-10,20:36,Sushi Fortaleza,Sushi,Caucaia,101.11,32.0,1.0,Cartão de débito,Entregue
3219,2026-06-05,18:16,Tempero Cearense,Saudável,Caucaia,138.66,15.0,4.0,Dinheiro,Entregue
3220,2026-06-02,12:59,Tempero Cearense,Saudável,Fortaleza,54.96,23.0,4.0,Dinheiro,Entregue
3221,2026-04-24,17:56,Açaí Tropical,Açaí,Maracanaú,115.38,44.0,1.0,Cartão de débito,Entregue
3222,2026-04-15,12:24,Sushi Fortaleza,Sushi,Maracanaú,94.95,26.0,4.0,Cartão de crédito,Entregue
3223,2026-01-22,10:28,Sushi Fortaleza,Sushi,Caucaia,39.71,50.0,5.0,Dinheiro,Entregue
3224,2026-06-19,22:02,Tempero Cearense,Saudável,Eusébio,65.99,25.0,2.0,Cartão de débito,Entregue
3225,2026-03-03,10:50,Burger House,Hambúrguer,Eusébio,118.69,29.0,3.0,Pix,Entregue
3226,2026-04-13,23:45,Sabor Nordestino,Brasileira,Maracanaú,110.56,31.0,2.0,Cartão de crédito,Entregue
3227,2026-03-30,20:08,Sushi Fortaleza,Sushi,Caucaia,90.02,40.0,3.0,Cartão de débito,Entregue
3228,2026-01-24,12:32,Churrasco & Cia,Churrasco,Eusébio,97.18,68.0,1.0,Cartão de crédito,Entregue
3229,2026-03-09,14:33,Churrasco & Cia,Churrasco,Caucaia,105.07,64.0,3.0,Cartão de débito,Entregue
3230,2026-05-29,20:48,Sabor Nordestino,Brasileira,Caucaia,46.67,37.0,3.0,Cartão de débito,Entregue
3231,2026-01-02,15:15,Açaí Tropical,Açaí,Maracanaú,141.62,34.0,2.0,Pix,Entregue
3232,2026-01-08,17:35,Tempero Cearense,Saudável,Maracanaú,107.1,16.0,2.0,Cartão de crédito,Entregue
3233,2026-06-01,12:10,Pizza Express,Pizza,Eusébio,162.03,45.0,1.0,Cartão de crédito,Entregue
3234,2026-03-25,18:25,Tempero Cearense,Saudável,Eusébio,172.23,64.0,5.0,Cartão de débito,Entregue
3235,2026-05-01,19:33,Açaí Tropical,Açaí,Eusébio,167.15,48.0,4.0,Cartão de débito,Entregue
3236,2026-06-29,11:16,Burger House,Hambúrguer,Caucaia,110.78,66.0,4.0,Cartão de débito,Entregue
3237,2026-01-29,17:58,Tempero Cearense,Saudável,Caucaia,68.07,42.0,1.0,Cartão de débito,Entregue
3238,2026-02-16,18:35,Sabor Nordestino,Brasileira,Maracanaú,20.72,35.0,1.0,Cartão de crédito,Entregue
3239,2026-05-05,14:21,Pizza Express,Pizza,Eusébio,170.24,24.0,2.0,Cartão de crédito,Entregue
3240,2026-05-06,15:19,Churrasco & Cia,Churrasco,Caucaia,30.69,32.0,5.0,Dinheiro,Entregue
3241,2026-06-18,23:44,Pizza Express,Pizza,Fortaleza,158.95,32.0,4.0,Dinheiro,Entregue
3242,2026-04-30,15:41,Sabor Nordestino,Brasileira,Fortaleza,76.88,40.0,5.0,Dinheiro,Entregue
3243,2026-02-13,23:03,Sushi Fortaleza,Sushi,Maracanaú,28.86,49.0,3.0,Pix,Entregue
3244,2026-02-18,13:00,Churrasco & Cia,Churrasco,Maracanaú,42.68,30.0,5.0,Cartão de débito,Entregue
3245,2026-06-14,10:27,Sabor Nordestino,Brasileira,Fortaleza,158.31,36.0,4.0,Cartão de débito,Entregue
3246,2026-04-13,17:04,Cantinho da Massa,Massas,Caucaia,100.03,21.0,5.0,Dinheiro,Entregue
3247,2026-04-04,10:46,Pizza Express,Pizza,Maracanaú,99.42,69.0,4.0,Cartão de débito,Entregue
3248,2026-02-03,15:04,Burger House,Hambúrguer,Fortaleza,39.07,50.0,2.0,Pix,Entregue
3249,2026-02-28,21:09,Açaí Tropical,Açaí,Fortaleza,153.01,51.0,2.0,Dinheiro,Entregue
3250,2026-05-10,12:37,Pizza Express,Pizza,Caucaia,105.68,55.0,3.0,Pix,Entregue
3251,2026-01-20,16:53,Sushi Fortaleza,Sushi,Maracanaú,33.33,53.0,2.0,Cartão de crédito,Entregue
3252,2026-04-30,15:53,Açaí Tropical,Açaí,Caucaia,131.36,22.0,3.0,Cartão de débito,Entregue
3253,2026-04-30,23:15,Tempero Cearense,Saudável,Eusébio,81.68,37.0,5.0,Cartão de crédito,Entregue
3254,2026-05-20,13:44,Pizza Express,Pizza,Eusébio,68.06,51.0,4.0,Dinheiro,Entregue
3255,2026-06-15,16:45,Açaí Tropical,Açaí,Maracanaú,47.5,63.0,3.0,Pix,Entregue
3256,2026-03-20,13:40,Churrasco & Cia,Churrasco,Caucaia,119.62,44.0,5.0,Dinheiro,Entregue
3257,2026-04-07,15:30,Pizza Express,Pizza,Caucaia,164.64,63.0,3.0,Cartão de débito,Entregue
3258,2026-06-23,20:02,Burger House,Hambúrguer,Fortaleza,142.06,29.0,3.0,Cartão de crédito,Entregue
3259,2026-02-02,14:30,Tempero Cearense,Saudável,Fortaleza,120.24,61.0,1.0,Pix,Entregue
3260,2026-01-17,16:44,Churrasco & Cia,Churrasco,Maracanaú,56.49,41.0,2.0,Pix,Entregue
3261,2026-04-14,16:44,Burger House,Hambúrguer,Eusébio,78.55,53.0,2.0,Cartão de crédito,Entregue
3262,2026-06-03,13:03,Pizza Express,Pizza,Caucaia,167.67,55.0,1.0,Cartão de crédito,Entregue
3263,2026-02-07,17:15,Pizza Express,Pizza,Fortaleza,140.34,26.0,2.0,Dinheiro,Entregue
3264,2026-01-17,14:31,Churrasco & Cia,Churrasco,Maracanaú,111.45,65.0,1.0,Cartão de crédito,Entregue
3265,2026-05-14,14:08,Sushi Fortaleza,Sushi,Eusébio,176.62,54.0,5.0,Pix,Entregue
3266,2026-03-20,12:10,Sushi Fortaleza,Sushi,Caucaia,118.63,58.0,4.0,Dinheiro,Entregue
3267,2026-01-22,15:15,Sabor Nordestino,Brasileira,Eusébio,46.59,64.0,2.0,Pix,Entregue
3268,2026-03-02,16:20,Sabor Nordestino,Brasileira,Fortaleza,135.15,24.0,5.0,Cartão de crédito,Entregue
3269,2026-06-30,20:03,Tempero Cearense,Saudável,Caucaia,154.79,41.0,1.0,Pix,Entregue
3270,2026-04-26,18:31,Sushi Fortaleza,Sushi,Caucaia,70.9,57.0,1.0,Pix,Entregue
3271,2026-03-05,11:25,Açaí Tropical,Açaí,Eusébio,135.86,62.0,1.0,Dinheiro,Entregue
3272,2026-04-04,22:55,Cantinho da Massa,Massas,Eusébio,119.52,34.0,2.0,Dinheiro,Entregue
3273,2026-03-12,15:54,Sushi Fortaleza,Sushi,Eusébio,146.59,59.0,3.0,Cartão de débito,Entregue
3274,2026-05-23,21:14,Churrasco & Cia,Churrasco,Maracanaú,51.7,67.0,5.0,Cartão de crédito,Entregue
3275,2026-03-05,10:59,Açaí Tropical,Açaí,Eusébio,64.36,30.0,2.0,Cartão de crédito,Entregue
3276,2026-02-28,16:19,Pizza Express,Pizza,Eusébio,44.4,63.0,4.0,Pix,Entregue
3277,2026-05-26,18:23,Sushi Fortaleza,Sushi,Maracanaú,45.17,30.0,2.0,Pix,Entregue
3278,2026-01-19,16:03,Burger House,Hambúrguer,Eusébio,151.44,35.0,1.0,Cartão de crédito,Entregue
3279,2026-01-23,15:22,Churrasco & Cia,Churrasco,Maracanaú,28.66,52.0,3.0,Cartão de crédito,Entregue
3280,2026-02-08,20:52,Cantinho da Massa,Massas,Caucaia,82.92,19.0,1.0,Cartão de débito,Entregue
3281,2026-04-06,23:05,Burger House,Hambúrguer,Caucaia,57.21,66.0,1.0,Dinheiro,Entregue
3282,2026-01-20,19:05,Sushi Fortaleza,Sushi,Caucaia,164.55,37.0,2.0,Pix,Entregue
3283,2026-03-07,22:04,Açaí Tropical,Açaí,Fortaleza,73.31,46.0,3.0,Pix,Entregue
3284,2026-02-01,16:27,Sushi Fortaleza,Sushi,Eusébio,173.41,55.0,2.0,Pix,Entregue
3285,2026-01-05,23:50,Tempero Cearense,Saudável,Fortaleza,139.2,23.0,1.0,Pix,Entregue
3286,2026-04-21,13:20,Burger House,Hambúrguer,Fortaleza,159.84,15.0,4.0,Dinheiro,Entregue
3287,2026-03-22,10:18,Burger House,Hambúrguer,Fortaleza,70.3,50.0,4.0,Pix,Entregue
3288,2026-04-18,19:28,Açaí Tropical,Açaí,Fortaleza,68.97,58.0,2.0,Dinheiro,Entregue
3289,2026-05-10,10:47,Sabor Nordestino,Brasileira,Fortaleza,27.06,33.0,4.0,Cartão de crédito,Entregue
3290,2026-02-25,19:09,Açaí Tropical,Açaí,Fortaleza,106.07,28.0,1.0,Pix,Entregue
3291,2026-04-11,20:07,Tempero Cearense,Saudável,Eusébio,108.78,22.0,4.0,Dinheiro,Entregue
3292,2026-04-01,11:33,Churrasco & Cia,Churrasco,Maracanaú,168.95,17.0,3.0,Cartão de crédito,Entregue
3293,2026-04-08,15:25,Burger House,Hambúrguer,Maracanaú,96.58,48.0,1.0,Cartão de crédito,Entregue
3294,2026-02-09,21:31,Burger House,Hambúrguer,Fortaleza,135.84,50.0,1.0,Pix,Entregue
3295,2026-06-11,13:29,Sushi Fortaleza,Sushi,Caucaia,87.2,16.0,4.0,Cartão de débito,Entregue
3296,2026-01-08,18:14,Sabor Nordestino,Brasileira,Maracanaú,116.59,48.0,5.0,Pix,Entregue
3297,2026-03-07,15:18,Sushi Fortaleza,Sushi,Maracanaú,93.83,20.0,3.0,Dinheiro,Entregue
3298,2026-05-25,10:27,Tempero Cearense,Saudável,Maracanaú,91.91,19.0,5.0,Pix,Entregue
3299,2026-01-26,11:27,Cantinho da Massa,Massas,Caucaia,88.98,37.0,5.0,Pix,Entregue
3300,2026-02-23,14:15,Pizza Express,Pizza,Fortaleza,166.58,56.0,4.0,Cartão de débito,Entregue
3301,2026-02-07,10:46,Sabor Nordestino,Brasileira,Eusébio,75.92,68.0,3.0,Dinheiro,Entregue
3302,2026-02-24,13:49,Açaí Tropical,Açaí,Maracanaú,97.14,30.0,1.0,Cartão de débito,Entregue
3303,2026-05-07,21:35,Açaí Tropical,Açaí,Fortaleza,114.7,25.0,4.0,Cartão de crédito,Entregue
3304,2026-05-21,17:43,Burger House,Hambúrguer,Fortaleza,156.34,24.0,3.0,Cartão de crédito,Entregue
3305,2026-04-06,23:18,Churrasco & Cia,Churrasco,Caucaia,23.8,18.0,3.0,Pix,Entregue
3306,2026-01-09,18:47,Sabor Nordestino,Brasileira,Eusébio,110.88,46.0,4.0,Dinheiro,Entregue
3307,2026-05-11,17:08,Cantinho da Massa,Massas,Maracanaú,35.58,28.0,1.0,Cartão de débito,Entregue
3308,2026-03-14,13:33,Sushi Fortaleza,Sushi,Fortaleza,24.4,52.0,1.0,Pix,Entregue
3309,2026-02-10,19:19,Sushi Fortaleza,Sushi,Fortaleza,98.67,60.0,3.0,Cartão de crédito,Entregue
3310,2026-05-26,19:41,Tempero Cearense,Saudável,Caucaia,178.46,41.0,4.0,Cartão de débito,Entregue
3311,2026-05-08,21:12,Churrasco & Cia,Churrasco,Fortaleza,103.5,66.0,4.0,Cartão de débito,Entregue
3312,2026-02-09,17:49,Churrasco & Cia,Churrasco,Maracanaú,28.91,25.0,2.0,Cartão de débito,Entregue
3313,2026-02-27,14:02,Churrasco & Cia,Churrasco,Maracanaú,138.97,43.0,1.0,Cartão de débito,Entregue
3314,2026-06-18,15:33,Sabor Nordestino,Brasileira,Caucaia,36.37,48.0,2.0,Cartão de crédito,Entregue
3315,2026-04-16,16:27,Sabor Nordestino,Brasileira,Fortaleza,155.97,28.0,5.0,Cartão de débito,Entregue
3316,2026-05-22,14:49,Cantinho da Massa,Massas,Maracanaú,121.58,17.0,5.0,Dinheiro,Entregue
3317,2026-04-17,11:20,Burger House,Hambúrguer,Maracanaú,82.55,35.0,5.0,Pix,Entregue
3318,2026-02-09,10:09,Burger House,Hambúrguer,Caucaia,131.05,24.0,3.0,Dinheiro,Entregue
3319,2026-01-19,13:55,Açaí Tropical,Açaí,Eusébio,93.92,34.0,3.0,Cartão de crédito,Entregue
3320,2026-01-19,23:53,Pizza Express,Pizza,Fortaleza,131.27,39.0,4.0,Cartão de crédito,Entregue
3321,2026-02-01,19:48,Sushi Fortaleza,Sushi,Maracanaú,21.02,20.0,1.0,Pix,Entregue
3322,2026-01-24,23:32,Pizza Express,Pizza,Fortaleza,150.33,66.0,5.0,Cartão de débito,Entregue
3323,2026-04-07,20:43,Burger House,Hambúrguer,Caucaia,136.2,41.0,5.0,Cartão de débito,Entregue
3324,2026-01-12,13:16,Pizza Express,Pizza,Caucaia,34.92,63.0,1.0,Cartão de crédito,Entregue
3325,2026-05-24,20:06,Cantinho da Massa,Massas,Fortaleza,171.8,36.0,1.0,Cartão de débito,Entregue
3326,2026-06-12,11:28,Sabor Nordestino,Brasileira,Caucaia,69.89,17.0,5.0,Pix,Entregue
3327,2026-05-27,21:17,Sabor Nordestino,Brasileira,Maracanaú,92.52,33.0,5.0,Dinheiro,Entregue
3328,2026-01-18,10:12,Pizza Express,Pizza,Caucaia,149.49,37.0,4.0,Pix,Entregue
3329,2026-02-02,22:09,Açaí Tropical,Açaí,Caucaia,125.82,45.0,5.0,Pix,Entregue
3330,2026-04-27,21:17,Sabor Nordestino,Brasileira,Eusébio,54.37,43.0,3.0,Pix,Entregue
3331,2026-05-29,19:58,Açaí Tropical,Açaí,Fortaleza,116.68,29.0,2.0,Cartão de crédito,Entregue
3332,2026-04-11,21:39,Cantinho da Massa,Massas,Fortaleza,49.73,55.0,4.0,Pix,Entregue
3333,2026-04-09,10:14,Burger House,Hambúrguer,Maracanaú,141.45,43.0,3.0,Cartão de débito,Entregue
3334,2026-06-29,20:35,Sabor Nordestino,Brasileira,Caucaia,98.23,40.0,2.0,Cartão de crédito,Entregue
3335,2026-01-10,11:01,Tempero Cearense,Saudável,Caucaia,67.25,65.0,1.0,Cartão de débito,Entregue
3336,2026-04-12,10:24,Cantinho da Massa,Massas,Fortaleza,29.83,43.0,3.0,Dinheiro,Entregue
3337,2026-03-18,18:24,Cantinho da Massa,Massas,Caucaia,102.68,44.0,1.0,Cartão de débito,Entregue
3338,2026-01-28,10:03,Açaí Tropical,Açaí,Maracanaú,20.63,19.0,4.0,Dinheiro,Entregue
3339,2026-02-26,20:30,Churrasco & Cia,Churrasco,Caucaia,115.28,66.0,2.0,Cartão de crédito,Entregue
3340,2026-01-27,11:59,Pizza Express,Pizza,Maracanaú,37.06,60.0,4.0,Cartão de crédito,Cancelado
3341,2026-03-13,19:01,Burger House,Hambúrguer,Fortaleza,62.89,33.0,1.0,Pix,Entregue
3342,2026-06-01,16:28,Cantinho da Massa,Massas,Eusébio,57.18,57.0,5.0,Pix,Entregue
3343,2026-04-15,21:59,Churrasco & Cia,Churrasco,Caucaia,170.42,29.0,5.0,Cartão de crédito,Entregue
3344,2026-06-24,10:52,Sushi Fortaleza,Sushi,Eusébio,77.63,15.0,1.0,Pix,Entregue
3345,2026-05-30,19:11,Tempero Cearense,Saudável,Maracanaú,176.79,28.0,4.0,Cartão de crédito,Cancelado
3346,2026-06-07,17:41,Açaí Tropical,Açaí,Eusébio,36.6,44.0,2.0,Pix,Entregue
3347,2026-06-27,12:17,Açaí Tropical,Açaí,Eusébio,168.66,27.0,5.0,Pix,Entregue
3348,2026-04-07,23:21,Sushi Fortaleza,Sushi,Eusébio,158.52,57.0,4.0,Dinheiro,Entregue
3349,2026-03-08,21:05,Sushi Fortaleza,Sushi,Caucaia,112.24,65.0,1.0,Dinheiro,Entregue
3350,2026-04-10,17:59,Sabor Nordestino,Brasileira,Maracanaú,20.94,38.0,5.0,Cartão de crédito,Entregue
3351,2026-02-28,23:20,Açaí Tropical,Açaí,Eusébio,38.95,60.0,1.0,Dinheiro,Entregue
3352,2026-01-07,16:44,Sushi Fortaleza,Sushi,Caucaia,140.02,40.0,3.0,Dinheiro,Entregue
3353,2026-06-01,18:44,Açaí Tropical,Açaí,Fortaleza,36.26,33.0,3.0,Pix,Entregue
3354,2026-03-01,19:45,Sushi Fortaleza,Sushi,Caucaia,125.83,45.0,1.0,Dinheiro,Entregue
3355,2026-05-30,12:23,Churrasco & Cia,Churrasco,Eusébio,116.69,69.0,1.0,Pix,Entregue
3356,2026-02-14,16:03,Sabor Nordestino,Brasileira,Fortaleza,126.69,65.0,1.0,Cartão de crédito,Entregue
3357,2026-03-25,16:04,Tempero Cearense,Saudável,Fortaleza,155.37,44.0,2.0,Pix,Entregue
3358,2026-06-09,20:32,Pizza Express,Pizza,Eusébio,171.61,69.0,2.0,Cartão de crédito,Entregue
3359,2026-05-23,18:08,Sushi Fortaleza,Sushi,Caucaia,126.56,39.0,5.0,Cartão de crédito,Entregue
3360,2026-06-25,21:52,Tempero Cearense,Saudável,Maracanaú,40.46,58.0,2.0,Cartão de crédito,Entregue
3361,2026-06-20,14:33,Pizza Express,Pizza,Maracanaú,128.2,44.0,2.0,Dinheiro,Entregue
3362,2026-04-03,15:46,Tempero Cearense,Saudável,Fortaleza,116.95,23.0,1.0,Cartão de débito,Entregue
3363,2026-01-06,16:13,Pizza Express,Pizza,Maracanaú,151.51,22.0,4.0,Dinheiro,Entregue
3364,2026-06-11,20:45,Sushi Fortaleza,Sushi,Fortaleza,44.89,41.0,3.0,Cartão de crédito,Entregue
3365,2026-04-22,19:15,Tempero Cearense,Saudável,Eusébio,70.7,55.0,5.0,Cartão de crédito,Entregue
3366,2026-04-29,16:17,Sabor Nordestino,Brasileira,Eusébio,43.57,65.0,5.0,Cartão de crédito,Entregue
3367,2026-02-28,20:11,Churrasco & Cia,Churrasco,Eusébio,146.14,49.0,2.0,Dinheiro,Entregue
3368,2026-01-27,12:24,Sushi Fortaleza,Sushi,Maracanaú,113.31,53.0,5.0,Pix,Entregue
3369,2026-02-12,12:20,Burger House,Hambúrguer,Maracanaú,141.86,31.0,3.0,Pix,Entregue
3370,2026-03-05,22:58,Tempero Cearense,Saudável,Maracanaú,101.17,70.0,1.0,Cartão de crédito,Entregue
3371,2026-02-26,13:02,Tempero Cearense,Saudável,Caucaia,23.89,60.0,5.0,Cartão de crédito,Entregue
3372,2026-05-08,17:05,Churrasco & Cia,Churrasco,Caucaia,132.4,53.0,1.0,Dinheiro,Entregue
3373,2026-02-12,22:30,Açaí Tropical,Açaí,Fortaleza,47.48,37.0,5.0,Cartão de crédito,Entregue
3374,2026-01-05,21:46,Cantinho da Massa,Massas,Maracanaú,172.59,44.0,2.0,Cartão de crédito,Entregue
3375,2026-04-12,16:46,Sabor Nordestino,Brasileira,Eusébio,43.32,35.0,5.0,Pix,Entregue
3376,2026-01-02,12:39,Churrasco & Cia,Churrasco,Caucaia,125.26,52.0,5.0,Dinheiro,Entregue
3377,2026-02-28,21:29,Sushi Fortaleza,Sushi,Caucaia,176.28,69.0,5.0,Pix,Entregue
3378,2026-01-18,19:41,Burger House,Hambúrguer,Caucaia,135.17,32.0,1.0,Cartão de crédito,Entregue
3379,2026-06-22,13:25,Açaí Tropical,Açaí,Fortaleza,54.95,48.0,4.0,Cartão de débito,Cancelado
3380,2026-04-11,20:29,Tempero Cearense,Saudável,Fortaleza,36.55,38.0,5.0,Pix,Entregue
3381,2026-02-11,13:13,Sabor Nordestino,Brasileira,Fortaleza,106.89,38.0,4.0,Cartão de débito,Entregue
3382,2026-05-11,21:09,Burger House,Hambúrguer,Caucaia,179.08,50.0,2.0,Dinheiro,Entregue
3383,2026-02-13,22:07,Sabor Nordestino,Brasileira,Maracanaú,129.27,48.0,5.0,Cartão de débito,Entregue
3384,2026-06-12,17:14,Tempero Cearense,Saudável,Caucaia,142.0,33.0,5.0,Pix,Entregue
3385,2026-01-01,17:08,Sabor Nordestino,Brasileira,Fortaleza,118.75,69.0,1.0,Pix,Entregue
3386,2026-05-01,14:53,Pizza Express,Pizza,Maracanaú,129.1,25.0,4.0,Dinheiro,Entregue
3387,2026-02-23,20:25,Churrasco & Cia,Churrasco,Fortaleza,45.12,61.0,3.0,Pix,Entregue
3388,2026-06-25,21:01,Sabor Nordestino,Brasileira,Caucaia,161.6,17.0,5.0,Cartão de crédito,Entregue
3389,2026-06-26,18:49,Cantinho da Massa,Massas,Eusébio,40.61,26.0,2.0,Cartão de crédito,Entregue
3390,2026-04-18,10:28,Burger House,Hambúrguer,Eusébio,58.5,17.0,2.0,Cartão de débito,Entregue
3391,2026-02-18,20:17,Burger House,Hambúrguer,Caucaia,51.6,44.0,3.0,Cartão de débito,Entregue
3392,2026-04-22,22:36,Burger House,Hambúrguer,Fortaleza,158.32,22.0,4.0,Dinheiro,Entregue
3393,2026-04-19,23:57,Tempero Cearense,Saudável,Maracanaú,153.78,45.0,3.0,Cartão de crédito,Entregue
3394,2026-01-01,14:23,Cantinho da Massa,Massas,Caucaia,30.28,16.0,4.0,Cartão de crédito,Entregue
3395,2026-03-09,19:29,Sabor Nordestino,Brasileira,Fortaleza,129.72,33.0,3.0,Pix,Entregue
3396,2026-01-26,15:46,Pizza Express,Pizza,Maracanaú,85.15,24.0,5.0,Dinheiro,Entregue
3397,2026-02-13,18:00,Burger House,Hambúrguer,Caucaia,35.34,37.0,1.0,Pix,Entregue
3398,2026-06-17,19:51,Tempero Cearense,Saudável,Maracanaú,35.79,61.0,2.0,Cartão de crédito,Entregue
3399,2026-02-11,21:21,Churrasco & Cia,Churrasco,Eusébio,131.7,59.0,2.0,Cartão de débito,Entregue
3400,2026-05-22,10:20,Sushi Fortaleza,Sushi,Maracanaú,123.67,55.0,3.0,Cartão de débito,Entregue
3401,2026-03-11,21:03,Cantinho da Massa,Massas,Maracanaú,179.21,26.0,3.0,Cartão de débito,Entregue
3402,2026-01-12,22:06,Pizza Express,Pizza,Fortaleza,166.34,64.0,2.0,Pix,Entregue
3403,2026-06-25,16:53,Burger House,Hambúrguer,Maracanaú,91.25,49.0,5.0,Cartão de débito,Entregue
3404,2026-02-26,11:28,Cantinho da Massa,Massas,Fortaleza,175.1,16.0,3.0,Pix,Entregue
3405,2026-05-17,22:32,Sabor Nordestino,Brasileira,Maracanaú,38.84,49.0,4.0,Cartão de crédito,Entregue
3406,2026-03-21,23:57,Burger House,Hambúrguer,Eusébio,117.46,29.0,3.0,Pix,Cancelado
3407,2026-03-17,20:46,Churrasco & Cia,Churrasco,Eusébio,27.23,62.0,3.0,Dinheiro,Entregue
3408,2026-04-24,17:38,Pizza Express,Pizza,Fortaleza,128.9,65.0,4.0,Cartão de débito,Entregue
3409,2026-03-20,22:21,Açaí Tropical,Açaí,Maracanaú,175.45,43.0,3.0,Pix,Entregue
3410,2026-06-24,11:05,Tempero Cearense,Saudável,Fortaleza,107.92,69.0,3.0,Dinheiro,Entregue
3411,2026-01-10,22:48,Pizza Express,Pizza,Caucaia,125.49,25.0,2.0,Cartão de crédito,Entregue
3412,2026-02-21,16:45,Tempero Cearense,Saudável,Fortaleza,21.24,47.0,2.0,Pix,Entregue
3413,2026-06-24,21:04,Burger House,Hambúrguer,Eusébio,21.13,46.0,3.0,Dinheiro,Entregue
3414,2026-01-30,21:15,Açaí Tropical,Açaí,Eusébio,94.65,55.0,3.0,Dinheiro,Entregue
3415,2026-02-26,13:33,Açaí Tropical,Açaí,Caucaia,161.2,24.0,5.0,Pix,Entregue
3416,2026-05-24,23:39,Tempero Cearense,Saudável,Fortaleza,107.38,64.0,3.0,Cartão de débito,Cancelado
3417,2026-04-30,16:44,Sushi Fortaleza,Sushi,Fortaleza,133.88,51.0,1.0,Cartão de crédito,Entregue
3418,2026-05-08,19:18,Cantinho da Massa,Massas,Caucaia,70.02,58.0,3.0,Pix,Entregue
3419,2026-01-12,17:25,Burger House,Hambúrguer,Maracanaú,41.67,55.0,3.0,Pix,Entregue
3420,2026-03-18,22:28,Churrasco & Cia,Churrasco,Fortaleza,130.3,16.0,3.0,Cartão de débito,Entregue
3421,2026-06-16,18:13,Churrasco & Cia,Churrasco,Fortaleza,93.93,53.0,5.0,Dinheiro,Entregue
3422,2026-03-22,17:32,Sushi Fortaleza,Sushi,Maracanaú,72.78,57.0,5.0,Cartão de crédito,Entregue
3423,2026-05-15,14:52,Sushi Fortaleza,Sushi,Caucaia,128.35,46.0,2.0,Cartão de crédito,Cancelado
3424,2026-06-16,20:06,Açaí Tropical,Açaí,Maracanaú,173.17,21.0,2.0,Pix,Entregue
3425,2026-06-14,20:00,Açaí Tropical,Açaí,Eusébio,82.06,25.0,2.0,Cartão de débito,Entregue
3426,2026-05-09,15:18,Sabor Nordestino,Brasileira,Eusébio,164.67,41.0,5.0,Pix,Entregue
3427,2026-05-22,15:43,Sabor Nordestino,Brasileira,Eusébio,55.87,63.0,2.0,Dinheiro,Entregue
3428,2026-02-10,17:15,Churrasco & Cia,Churrasco,Caucaia,149.42,33.0,5.0,Dinheiro,Entregue
3429,2026-06-02,21:03,Sushi Fortaleza,Sushi,Eusébio,174.97,30.0,3.0,Dinheiro,Entregue
3430,2026-03-16,16:50,Churrasco & Cia,Churrasco,Fortaleza,113.63,60.0,3.0,Pix,Entregue
3431,2026-06-27,17:02,Burger House,Hambúrguer,Fortaleza,26.55,22.0,4.0,Pix,Entregue
3432,2026-04-18,14:16,Churrasco & Cia,Churrasco,Caucaia,147.89,66.0,4.0,Cartão de crédito,Entregue
3433,2026-01-28,18:36,Sushi Fortaleza,Sushi,Fortaleza,173.05,24.0,4.0,Cartão de crédito,Entregue
3434,2026-03-25,10:28,Tempero Cearense,Saudável,Fortaleza,164.98,25.0,2.0,Cartão de débito,Entregue
3435,2026-06-11,10:23,Tempero Cearense,Saudável,Caucaia,65.33,50.0,3.0,Cartão de débito,Entregue
3436,2026-03-07,15:23,Churrasco & Cia,Churrasco,Caucaia,112.9,18.0,2.0,Dinheiro,Entregue
3437,2026-03-27,16:00,Açaí Tropical,Açaí,Maracanaú,97.97,49.0,5.0,Pix,Entregue
3438,2026-02-25,13:41,Burger House,Hambúrguer,Maracanaú,85.59,27.0,5.0,Cartão de crédito,Entregue
3439,2026-04-16,10:01,Burger House,Hambúrguer,Eusébio,84.05,39.0,2.0,Dinheiro,Entregue
3440,2026-05-25,10:11,Burger House,Hambúrguer,Eusébio,29.93,43.0,3.0,Pix,Entregue
3441,2026-04-13,11:29,Sabor Nordestino,Brasileira,Maracanaú,122.93,44.0,1.0,Cartão de crédito,Cancelado
3442,2026-06-23,11:11,Sabor Nordestino,Brasileira,Fortaleza,53.15,69.0,2.0,Pix,Entregue
3443,2026-01-09,17:27,Açaí Tropical,Açaí,Eusébio,165.98,39.0,2.0,Cartão de crédito,Entregue
3444,2026-02-19,20:15,Sushi Fortaleza,Sushi,Fortaleza,138.5,25.0,5.0,Dinheiro,Entregue
3445,2026-06-06,12:07,Sabor Nordestino,Brasileira,Caucaia,55.89,45.0,1.0,Cartão de débito,Entregue
3446,2026-04-17,10:55,Sabor Nordestino,Brasileira,Eusébio,161.51,47.0,2.0,Dinheiro,Entregue
3447,2026-03-13,12:29,Sabor Nordestino,Brasileira,Caucaia,65.77,50.0,3.0,Dinheiro,Entregue
3448,2026-05-18,17:50,Burger House,Hambúrguer,Eusébio,29.94,27.0,2.0,Cartão de débito,Entregue
3449,2026-05-13,23:44,Sabor Nordestino,Brasileira,Fortaleza,176.94,25.0,4.0,Cartão de crédito,Entregue
3450,2026-03-08,16:45,Tempero Cearense,Saudável,Caucaia,100.52,35.0,2.0,Pix,Entregue
3451,2026-01-04,23:36,Tempero Cearense,Saudável,Fortaleza,123.48,68.0,3.0,Dinheiro,Entregue
3452,2026-06-10,14:58,Churrasco & Cia,Churrasco,Eusébio,77.89,28.0,4.0,Dinheiro,Entregue
3453,2026-05-01,17:35,Cantinho da Massa,Massas,Fortaleza,90.64,66.0,5.0,Pix,Entregue
3454,2026-05-03,17:29,Sabor Nordestino,Brasileira,Maracanaú,33.83,54.0,5.0,Dinheiro,Cancelado
3455,2026-02-09,18:19,Burger House,Hambúrguer,Maracanaú,103.59,65.0,5.0,Cartão de débito,Entregue
3456,2026-02-07,16:43,Pizza Express,Pizza,Maracanaú,61.15,43.0,1.0,Cartão de crédito,Entregue
3457,2026-05-07,11:41,Tempero Cearense,Saudável,Fortaleza,73.55,61.0,4.0,Cartão de crédito,Entregue
3458,2026-01-20,21:53,Tempero Cearense,Saudável,Maracanaú,68.9,45.0,5.0,Pix,Entregue
3459,2026-02-06,17:37,Sushi Fortaleza,Sushi,Fortaleza,160.82,63.0,3.0,Cartão de débito,Entregue
3460,2026-04-03,13:23,Cantinho da Massa,Massas,Fortaleza,154.15,65.0,1.0,Cartão de crédito,Entregue
3461,2026-01-22,19:35,Cantinho da Massa,Massas,Fortaleza,103.57,15.0,1.0,Dinheiro,Entregue
3462,2026-05-12,22:46,Tempero Cearense,Saudável,Maracanaú,159.56,21.0,3.0,Cartão de débito,Entregue
3463,2026-04-30,20:06,Sabor Nordestino,Brasileira,Maracanaú,152.32,18.0,3.0,Cartão de débito,Entregue
3464,2026-05-21,19:23,Açaí Tropical,Açaí,Maracanaú,92.48,24.0,3.0,Dinheiro,Entregue
3465,2026-01-14,15:04,Pizza Express,Pizza,Fortaleza,168.22,51.0,1.0,Cartão de crédito,Entregue
3466,2026-01-14,23:06,Açaí Tropical,Açaí,Caucaia,24.49,26.0,1.0,Pix,Entregue
3467,2026-03-31,20:18,Açaí Tropical,Açaí,Eusébio,129.77,55.0,2.0,Cartão de débito,Entregue
3468,2026-01-04,20:11,Açaí Tropical,Açaí,Caucaia,164.71,65.0,5.0,Dinheiro,Entregue
3469,2026-04-28,20:44,Churrasco & Cia,Churrasco,Eusébio,158.9,42.0,3.0,Dinheiro,Entregue
3470,2026-03-07,23:48,Burger House,Hambúrguer,Caucaia,44.22,57.0,5.0,Pix,Entregue
3471,2026-02-12,10:18,Pizza Express,Pizza,Maracanaú,65.47,37.0,2.0,Dinheiro,Entregue
3472,2026-06-24,23:23,Pizza Express,Pizza,Eusébio,58.14,64.0,5.0,Cartão de débito,Entregue
3473,2026-04-19,22:48,Tempero Cearense,Saudável,Maracanaú,80.69,22.0,4.0,Cartão de crédito,Entregue
3474,2026-03-23,15:31,Pizza Express,Pizza,Maracanaú,68.19,57.0,1.0,Pix,Entregue
3475,2026-06-07,21:25,Pizza Express,Pizza,Caucaia,63.66,54.0,1.0,Cartão de crédito,Entregue
3476,2026-03-28,18:25,Burger House,Hambúrguer,Caucaia,137.52,58.0,3.0,Dinheiro,Entregue
3477,2026-03-26,10:36,Tempero Cearense,Saudável,Eusébio,49.23,38.0,2.0,Pix,Entregue
3478,2026-04-23,21:37,Pizza Express,Pizza,Fortaleza,164.22,20.0,1.0,Pix,Entregue
3479,2026-01-19,18:16,Tempero Cearense,Saudável,Maracanaú,163.53,54.0,5.0,Pix,Entregue
3480,2026-02-12,11:15,Churrasco & Cia,Churrasco,Maracanaú,38.85,57.0,2.0,Cartão de crédito,Entregue
3481,2026-04-27,21:44,Sushi Fortaleza,Sushi,Caucaia,130.91,69.0,5.0,Cartão de crédito,Entregue
3482,2026-01-11,12:09,Tempero Cearense,Saudável,Caucaia,44.78,54.0,4.0,Cartão de débito,Entregue
3483,2026-03-26,14:34,Burger House,Hambúrguer,Maracanaú,167.42,50.0,1.0,Cartão de débito,Cancelado
3484,2026-03-14,17:43,Cantinho da Massa,Massas,Caucaia,91.5,39.0,1.0,Pix,Entregue
3485,2026-03-05,17:06,Açaí Tropical,Açaí,Caucaia,129.15,65.0,2.0,Cartão de crédito,Entregue
3486,2026-01-21,17:11,Açaí Tropical,Açaí,Caucaia,105.65,66.0,3.0,Pix,Entregue
3487,2026-06-09,23:57,Burger House,Hambúrguer,Maracanaú,91.36,68.0,4.0,Dinheiro,Entregue
3488,2026-05-19,18:29,Açaí Tropical,Açaí,Caucaia,66.91,36.0,5.0,Pix,Entregue
3489,2026-03-17,11:15,Cantinho da Massa,Massas,Fortaleza,38.49,54.0,2.0,Cartão de débito,Entregue
3490,2026-01-01,21:21,Tempero Cearense,Saudável,Eusébio,131.26,36.0,1.0,Cartão de débito,Entregue
3491,2026-03-05,18:38,Sabor Nordestino,Brasileira,Fortaleza,44.51,32.0,5.0,Pix,Entregue
3492,2026-05-03,19:15,Tempero Cearense,Saudável,Caucaia,85.14,19.0,3.0,Dinheiro,Entregue
3493,2026-04-13,12:45,Burger House,Hambúrguer,Eusébio,158.85,18.0,4.0,Cartão de crédito,Entregue
3494,2026-03-27,19:16,Sabor Nordestino,Brasileira,Caucaia,174.85,21.0,4.0,Cartão de crédito,Entregue
3495,2026-02-03,17:40,Cantinho da Massa,Massas,Eusébio,59.69,28.0,4.0,Cartão de débito,Entregue
3496,2026-06-16,21:48,Açaí Tropical,Açaí,Fortaleza,105.9,55.0,2.0,Pix,Entregue
3497,2026-04-01,16:12,Pizza Express,Pizza,Fortaleza,40.81,19.0,2.0,Cartão de crédito,Entregue
3498,2026-02-17,18:57,Açaí Tropical,Açaí,Fortaleza,164.99,41.0,1.0,Pix,Entregue
3499,2026-03-18,15:39,Churrasco & Cia,Churrasco,Maracanaú,80.27,37.0,4.0,Pix,Entregue
3500,2026-03-17,11:33,Sabor Nordestino,Brasileira,Eusébio,120.56,50.0,5.0,Cartão de débito,Entregue
3501,2026-01-20,12:58,Tempero Cearense,Saudável,Maracanaú,113.44,35.0,5.0,Pix,Entregue
3502,2026-06-05,18:48,Cantinho da Massa,Massas,Eusébio,105.9,25.0,5.0,Pix,Entregue
3503,2026-01-10,15:09,Sabor Nordestino,Brasileira,Eusébio,32.68,29.0,2.0,Dinheiro,Entregue
3504,2026-02-12,13:47,Burger House,Hambúrguer,Fortaleza,53.28,42.0,4.0,Dinheiro,Cancelado
3505,2026-02-02,22:28,Açaí Tropical,Açaí,Maracanaú,41.79,49.0,3.0,Cartão de débito,Entregue
3506,2026-05-16,17:47,Tempero Cearense,Saudável,Fortaleza,135.58,24.0,1.0,Dinheiro,Entregue
3507,2026-02-27,23:17,Açaí Tropical,Açaí,Fortaleza,173.05,15.0,4.0,Cartão de débito,Entregue
3508,2026-02-28,23:14,Cantinho da Massa,Massas,Caucaia,150.12,63.0,3.0,Dinheiro,Entregue
3509,2026-04-19,12:12,Burger House,Hambúrguer,Maracanaú,99.95,60.0,1.0,Cartão de crédito,Entregue
3510,2026-02-24,15:33,Churrasco & Cia,Churrasco,Maracanaú,54.93,23.0,4.0,Cartão de débito,Entregue
3511,2026-06-21,23:08,Burger House,Hambúrguer,Caucaia,150.53,66.0,4.0,Cartão de crédito,Entregue
3512,2026-02-11,22:16,Sabor Nordestino,Brasileira,Eusébio,72.97,36.0,3.0,Dinheiro,Entregue
3513,2026-06-29,20:14,Açaí Tropical,Açaí,Maracanaú,123.88,33.0,1.0,Cartão de crédito,Entregue
3514,2026-05-23,18:54,Pizza Express,Pizza,Caucaia,146.19,41.0,3.0,Dinheiro,Entregue
3515,2026-04-28,13:33,Tempero Cearense,Saudável,Caucaia,80.82,15.0,3.0,Pix,Entregue
3516,2026-03-09,21:42,Tempero Cearense,Saudável,Maracanaú,139.38,28.0,2.0,Cartão de débito,Entregue
3517,2026-01-19,21:10,Cantinho da Massa,Massas,Caucaia,76.36,44.0,4.0,Cartão de crédito,Entregue
3518,2026-04-19,12:15,Cantinho da Massa,Massas,Caucaia,113.23,52.0,3.0,Cartão de débito,Entregue
3519,2026-01-09,17:26,Sabor Nordestino,Brasileira,Caucaia,53.01,20.0,2.0,Cartão de crédito,Entregue
3520,2026-03-04,19:32,Sabor Nordestino,Brasileira,Fortaleza,58.61,47.0,4.0,Cartão de crédito,Entregue
3521,2026-04-07,12:34,Sushi Fortaleza,Sushi,Eusébio,76.94,50.0,5.0,Cartão de crédito,Entregue
3522,2026-05-21,22:04,Sabor Nordestino,Brasileira,Fortaleza,171.46,38.0,2.0,Cartão de débito,Entregue
3523,2026-02-20,15:25,Açaí Tropical,Açaí,Fortaleza,40.69,56.0,4.0,Dinheiro,Entregue
3524,2026-04-28,11:20,Tempero Cearense,Saudável,Caucaia,117.3,57.0,5.0,Pix,Entregue
3525,2026-05-29,20:57,Cantinho da Massa,Massas,Caucaia,173.71,36.0,5.0,Pix,Entregue
3526,2026-04-05,15:01,Churrasco & Cia,Churrasco,Caucaia,163.45,30.0,4.0,Cartão de débito,Entregue
3527,2026-06-11,11:28,Pizza Express,Pizza,Caucaia,102.23,68.0,3.0,Cartão de crédito,Entregue
3528,2026-06-09,15:10,Churrasco & Cia,Churrasco,Eusébio,138.25,57.0,3.0,Cartão de débito,Entregue
3529,2026-01-16,17:57,Burger House,Hambúrguer,Fortaleza,83.1,35.0,1.0,Cartão de crédito,Entregue
3530,2026-02-17,11:19,Churrasco & Cia,Churrasco,Maracanaú,67.26,33.0,3.0,Cartão de débito,Entregue
3531,2026-02-22,10:50,Burger House,Hambúrguer,Maracanaú,120.91,63.0,5.0,Pix,Entregue
3532,2026-01-07,18:46,Burger House,Hambúrguer,Caucaia,172.17,27.0,3.0,Cartão de débito,Entregue
3533,2026-01-24,22:10,Cantinho da Massa,Massas,Caucaia,21.54,59.0,2.0,Cartão de débito,Cancelado
3534,2026-04-22,13:18,Sabor Nordestino,Brasileira,Caucaia,34.44,66.0,1.0,Cartão de crédito,Entregue
3535,2026-06-18,12:22,Açaí Tropical,Açaí,Caucaia,113.28,18.0,1.0,Pix,Entregue
3536,2026-05-03,19:58,Cantinho da Massa,Massas,Fortaleza,41.81,56.0,2.0,Cartão de débito,Entregue
3537,2026-04-15,10:05,Pizza Express,Pizza,Fortaleza,52.63,34.0,2.0,Pix,Entregue
3538,2026-04-04,17:04,Sushi Fortaleza,Sushi,Eusébio,116.13,58.0,5.0,Dinheiro,Entregue
3539,2026-04-29,16:34,Tempero Cearense,Saudável,Fortaleza,49.7,30.0,3.0,Cartão de débito,Entregue
3540,2026-01-30,12:01,Burger House,Hambúrguer,Fortaleza,161.26,60.0,2.0,Cartão de crédito,Cancelado
3541,2026-01-11,11:18,Cantinho da Massa,Massas,Fortaleza,46.04,48.0,5.0,Cartão de crédito,Entregue
3542,2026-06-15,18:45,Pizza Express,Pizza,Maracanaú,128.39,34.0,3.0,Cartão de débito,Entregue
3543,2026-05-27,11:43,Sabor Nordestino,Brasileira,Eusébio,31.22,28.0,2.0,Pix,Entregue
3544,2026-05-24,21:52,Sushi Fortaleza,Sushi,Fortaleza,90.76,24.0,2.0,Dinheiro,Entregue
3545,2026-06-10,16:31,Sabor Nordestino,Brasileira,Caucaia,175.81,60.0,1.0,Dinheiro,Entregue
3546,2026-06-17,13:44,Pizza Express,Pizza,Fortaleza,162.06,65.0,4.0,Pix,Entregue
3547,2026-01-08,11:15,Sushi Fortaleza,Sushi,Eusébio,23.67,30.0,3.0,Pix,Entregue
3548,2026-04-21,10:31,Pizza Express,Pizza,Caucaia,163.1,45.0,4.0,Pix,Entregue
3549,2026-05-07,17:22,Burger House,Hambúrguer,Caucaia,133.2,56.0,4.0,Cartão de débito,Entregue
3550,2026-04-07,22:47,Sushi Fortaleza,Sushi,Fortaleza,83.1,68.0,2.0,Dinheiro,Cancelado
3551,2026-05-09,21:04,Pizza Express,Pizza,Fortaleza,70.47,59.0,4.0,Cartão de crédito,Cancelado
3552,2026-05-27,19:24,Sushi Fortaleza,Sushi,Fortaleza,87.92,70.0,4.0,Cartão de crédito,Entregue
3553,2026-06-02,19:17,Tempero Cearense,Saudável,Maracanaú,83.55,53.0,2.0,Cartão de débito,Cancelado
3554,2026-03-05,13:44,Açaí Tropical,Açaí,Fortaleza,24.68,21.0,3.0,Cartão de crédito,Entregue
3555,2026-05-29,17:55,Pizza Express,Pizza,Caucaia,124.95,50.0,4.0,Cartão de débito,Entregue
3556,2026-02-25,14:13,Sabor Nordestino,Brasileira,Maracanaú,74.02,49.0,4.0,Pix,Entregue
3557,2026-06-28,18:44,Sushi Fortaleza,Sushi,Eusébio,58.94,36.0,5.0,Cartão de crédito,Entregue
3558,2026-05-07,12:09,Churrasco & Cia,Churrasco,Eusébio,129.74,50.0,3.0,Pix,Entregue
3559,2026-01-29,13:39,Pizza Express,Pizza,Maracanaú,145.08,28.0,3.0,Cartão de débito,Entregue
3560,2026-03-02,16:31,Sushi Fortaleza,Sushi,Maracanaú,51.27,51.0,2.0,Cartão de débito,Cancelado
3561,2026-05-17,10:02,Cantinho da Massa,Massas,Eusébio,85.79,43.0,3.0,Pix,Entregue
3562,2026-03-12,18:27,Açaí Tropical,Açaí,Caucaia,35.72,29.0,4.0,Cartão de crédito,Entregue
3563,2026-04-13,13:06,Açaí Tropical,Açaí,Caucaia,75.23,25.0,5.0,Dinheiro,Entregue
3564,2026-01-10,11:16,Churrasco & Cia,Churrasco,Caucaia,20.78,21.0,1.0,Pix,Entregue
3565,2026-01-21,15:28,Burger House,Hambúrguer,Fortaleza,133.08,60.0,2.0,Dinheiro,Entregue
3566,2026-01-19,16:34,Tempero Cearense,Saudável,Fortaleza,36.32,39.0,1.0,Cartão de débito,Entregue
3567,2026-01-20,11:33,Burger House,Hambúrguer,Maracanaú,139.76,16.0,3.0,Pix,Entregue
3568,2026-06-11,14:24,Churrasco & Cia,Churrasco,Caucaia,48.07,40.0,5.0,Cartão de débito,Entregue
3569,2026-03-07,23:49,Sushi Fortaleza,Sushi,Maracanaú,92.33,32.0,1.0,Cartão de débito,Entregue
3570,2026-06-23,14:40,Churrasco & Cia,Churrasco,Caucaia,178.7,69.0,5.0,Pix,Entregue
3571,2026-04-19,10:00,Sushi Fortaleza,Sushi,Fortaleza,156.2,20.0,5.0,Dinheiro,Entregue
3572,2026-02-05,12:31,Burger House,Hambúrguer,Eusébio,174.99,39.0,5.0,Dinheiro,Entregue
3573,2026-06-25,12:44,Pizza Express,Pizza,Maracanaú,139.0,66.0,2.0,Dinheiro,Entregue
3574,2026-03-01,18:23,Sabor Nordestino,Brasileira,Caucaia,154.04,55.0,4.0,Cartão de crédito,Cancelado
3575,2026-05-30,13:16,Sabor Nordestino,Brasileira,Fortaleza,85.02,38.0,1.0,Cartão de crédito,Entregue
3576,2026-04-16,22:44,Cantinho da Massa,Massas,Fortaleza,58.49,67.0,5.0,Pix,Entregue
3577,2026-02-18,23:47,Açaí Tropical,Açaí,Maracanaú,25.43,59.0,4.0,Cartão de débito,Entregue
3578,2026-05-27,15:45,Churrasco & Cia,Churrasco,Fortaleza,68.78,26.0,5.0,Pix,Entregue
3579,2026-06-06,21:24,Tempero Cearense,Saudável,Caucaia,66.99,68.0,1.0,Dinheiro,Entregue
3580,2026-06-28,15:54,Tempero Cearense,Saudável,Eusébio,95.94,25.0,5.0,Cartão de crédito,Cancelado
3581,2026-01-29,16:59,Pizza Express,Pizza,Maracanaú,52.75,34.0,4.0,Pix,Entregue
3582,2026-03-23,19:11,Sushi Fortaleza,Sushi,Caucaia,127.87,67.0,4.0,Cartão de débito,Entregue
3583,2026-02-11,16:17,Açaí Tropical,Açaí,Fortaleza,129.9,58.0,1.0,Cartão de crédito,Entregue
3584,2026-01-04,17:35,Pizza Express,Pizza,Eusébio,129.29,54.0,3.0,Pix,Entregue
3585,2026-01-20,21:47,Sushi Fortaleza,Sushi,Fortaleza,157.03,70.0,5.0,Pix,Entregue
3586,2026-01-24,21:58,Cantinho da Massa,Massas,Eusébio,120.08,55.0,2.0,Pix,Entregue
3587,2026-02-08,22:56,Sushi Fortaleza,Sushi,Eusébio,97.34,58.0,5.0,Dinheiro,Entregue
3588,2026-04-14,20:31,Pizza Express,Pizza,Eusébio,27.72,23.0,4.0,Pix,Entregue
3589,2026-06-13,17:45,Açaí Tropical,Açaí,Fortaleza,152.47,36.0,5.0,Cartão de débito,Entregue
3590,2026-01-17,23:33,Açaí Tropical,Açaí,Fortaleza,128.02,48.0,5.0,Pix,Entregue
3591,2026-01-01,17:46,Pizza Express,Pizza,Fortaleza,178.22,22.0,1.0,Pix,Entregue
3592,2026-03-07,14:24,Pizza Express,Pizza,Fortaleza,179.9,69.0,5.0,Cartão de débito,Entregue
3593,2026-05-28,17:23,Cantinho da Massa,Massas,Eusébio,137.03,34.0,4.0,Cartão de débito,Cancelado
3594,2026-06-21,18:58,Churrasco & Cia,Churrasco,Eusébio,58.59,61.0,4.0,Pix,Entregue
3595,2026-05-07,17:00,Sabor Nordestino,Brasileira,Maracanaú,109.65,22.0,2.0,Pix,Entregue
3596,2026-03-27,11:10,Pizza Express,Pizza,Fortaleza,108.1,25.0,2.0,Dinheiro,Entregue
3597,2026-05-30,10:39,Tempero Cearense,Saudável,Maracanaú,85.91,16.0,2.0,Dinheiro,Entregue
3598,2026-02-22,18:13,Churrasco & Cia,Churrasco,Maracanaú,30.11,34.0,4.0,Cartão de débito,Cancelado
3599,2026-01-01,23:00,Sushi Fortaleza,Sushi,Maracanaú,21.54,63.0,5.0,Cartão de crédito,Entregue
3600,2026-03-04,17:33,Sabor Nordestino,Brasileira,Maracanaú,167.05,60.0,4.0,Cartão de débito,Entregue
3601,2026-05-08,22:53,Sabor Nordestino,Brasileira,Eusébio,63.67,32.0,5.0,Cartão de débito,Entregue
3602,2026-06-27,16:31,Cantinho da Massa,Massas,Maracanaú,158.44,58.0,2.0,Dinheiro,Entregue
3603,2026-05-02,22:18,Cantinho da Massa,Massas,Caucaia,83.19,43.0,2.0,Dinheiro,Entregue
3604,2026-04-03,20:17,Pizza Express,Pizza,Eusébio,100.34,43.0,5.0,Pix,Entregue
3605,2026-05-28,15:00,Sabor Nordestino,Brasileira,Eusébio,69.17,63.0,2.0,Cartão de débito,Entregue
3606,2026-04-22,12:25,Sushi Fortaleza,Sushi,Fortaleza,54.67,69.0,4.0,Pix,Entregue
3607,2026-04-06,17:14,Sushi Fortaleza,Sushi,Fortaleza,117.89,60.0,1.0,Dinheiro,Entregue
3608,2026-03-08,22:48,Sabor Nordestino,Brasileira,Maracanaú,56.34,20.0,4.0,Pix,Entregue
3609,2026-02-08,14:29,Tempero Cearense,Saudável,Maracanaú,78.9,23.0,3.0,Cartão de débito,Entregue
3610,2026-06-12,19:37,Sabor Nordestino,Brasileira,Fortaleza,135.22,37.0,2.0,Dinheiro,Entregue
3611,2026-04-15,19:59,Sushi Fortaleza,Sushi,Eusébio,41.76,42.0,2.0,Cartão de débito,Cancelado
3612,2026-02-03,12:34,Churrasco & Cia,Churrasco,Maracanaú,45.49,64.0,5.0,Cartão de débito,Entregue
3613,2026-02-26,17:43,Burger House,Hambúrguer,Eusébio,73.92,52.0,2.0,Cartão de crédito,Entregue
3614,2026-02-28,21:30,Sabor Nordestino,Brasileira,Fortaleza,106.91,52.0,3.0,Cartão de débito,Entregue
3615,2026-03-06,10:13,Açaí Tropical,Açaí,Fortaleza,62.74,27.0,2.0,Cartão de débito,Entregue
3616,2026-06-11,20:34,Sushi Fortaleza,Sushi,Caucaia,78.74,55.0,1.0,Cartão de débito,Entregue
3617,2026-05-05,18:40,Sabor Nordestino,Brasileira,Caucaia,94.36,43.0,1.0,Pix,Entregue
3618,2026-06-25,20:07,Açaí Tropical,Açaí,Maracanaú,111.42,39.0,5.0,Cartão de crédito,Entregue
3619,2026-06-17,20:24,Cantinho da Massa,Massas,Caucaia,155.06,37.0,3.0,Pix,Entregue
3620,2026-06-26,12:06,Churrasco & Cia,Churrasco,Maracanaú,126.51,49.0,2.0,Dinheiro,Entregue
3621,2026-02-10,16:18,Sabor Nordestino,Brasileira,Caucaia,53.0,24.0,4.0,Cartão de débito,Entregue
3622,2026-06-04,16:33,Churrasco & Cia,Churrasco,Eusébio,62.09,23.0,5.0,Cartão de débito,Entregue
3623,2026-05-27,10:14,Açaí Tropical,Açaí,Maracanaú,166.19,58.0,5.0,Cartão de débito,Entregue
3624,2026-01-21,21:23,Sabor Nordestino,Brasileira,Eusébio,46.4,53.0,5.0,Pix,Entregue
3625,2026-06-22,16:22,Churrasco & Cia,Churrasco,Fortaleza,128.95,61.0,1.0,Cartão de débito,Entregue
3626,2026-04-12,16:27,Tempero Cearense,Saudável,Fortaleza,84.52,44.0,2.0,Pix,Entregue
3627,2026-05-01,11:55,Cantinho da Massa,Massas,Maracanaú,59.46,50.0,5.0,Pix,Entregue
3628,2026-01-23,21:00,Sushi Fortaleza,Sushi,Caucaia,49.63,24.0,4.0,Dinheiro,Entregue
3629,2026-01-27,15:22,Tempero Cearense,Saudável,Eusébio,165.21,43.0,3.0,Cartão de débito,Entregue
3630,2026-04-17,13:38,Cantinho da Massa,Massas,Caucaia,166.71,33.0,1.0,Cartão de débito,Entregue
3631,2026-03-31,15:50,Cantinho da Massa,Massas,Maracanaú,77.97,64.0,3.0,Cartão de débito,Entregue
3632,2026-01-15,18:31,Sushi Fortaleza,Sushi,Fortaleza,28.57,62.0,1.0,Cartão de crédito,Entregue
3633,2026-04-30,13:24,Tempero Cearense,Saudável,Eusébio,129.26,25.0,3.0,Dinheiro,Entregue
3634,2026-04-29,13:46,Burger House,Hambúrguer,Eusébio,171.53,28.0,3.0,Dinheiro,Entregue
3635,2026-02-24,19:04,Tempero Cearense,Saudável,Maracanaú,20.81,21.0,5.0,Cartão de crédito,Entregue
3636,2026-01-03,14:35,Tempero Cearense,Saudável,Maracanaú,135.2,61.0,1.0,Dinheiro,Entregue
3637,2026-02-09,16:19,Cantinho da Massa,Massas,Maracanaú,143.77,50.0,5.0,Cartão de débito,Entregue
3638,2026-05-12,15:39,Churrasco & Cia,Churrasco,Caucaia,34.62,42.0,1.0,Cartão de crédito,Entregue
3639,2026-05-07,11:58,Tempero Cearense,Saudável,Caucaia,166.45,64.0,3.0,Cartão de crédito,Entregue
3640,2026-03-31,22:31,Sushi Fortaleza,Sushi,Caucaia,86.95,51.0,3.0,Pix,Entregue
3641,2026-02-24,21:14,Açaí Tropical,Açaí,Fortaleza,139.07,65.0,3.0,Cartão de débito,Entregue
3642,2026-05-27,10:42,Churrasco & Cia,Churrasco,Maracanaú,89.88,20.0,5.0,Cartão de débito,Entregue
3643,2026-03-19,21:28,Açaí Tropical,Açaí,Fortaleza,114.95,63.0,5.0,Cartão de débito,Cancelado
3644,2026-03-12,13:52,Cantinho da Massa,Massas,Caucaia,26.94,67.0,4.0,Pix,Entregue
3645,2026-05-09,10:25,Burger House,Hambúrguer,Caucaia,29.24,30.0,1.0,Dinheiro,Entregue
3646,2026-06-05,20:10,Cantinho da Massa,Massas,Eusébio,67.71,70.0,2.0,Pix,Entregue
3647,2026-04-14,19:21,Burger House,Hambúrguer,Fortaleza,49.87,21.0,3.0,Dinheiro,Entregue
3648,2026-03-02,18:28,Pizza Express,Pizza,Fortaleza,103.38,17.0,2.0,Pix,Entregue
3649,2026-04-18,19:18,Tempero Cearense,Saudável,Maracanaú,20.11,34.0,5.0,Cartão de crédito,Entregue
3650,2026-04-14,14:28,Cantinho da Massa,Massas,Maracanaú,88.85,52.0,1.0,Cartão de crédito,Entregue
3651,2026-02-17,12:07,Churrasco & Cia,Churrasco,Fortaleza,177.6,30.0,5.0,Dinheiro,Entregue
3652,2026-03-31,18:50,Tempero Cearense,Saudável,Fortaleza,122.16,55.0,1.0,Cartão de crédito,Entregue
3653,2026-03-19,11:20,Sushi Fortaleza,Sushi,Eusébio,54.67,23.0,5.0,Dinheiro,Entregue
3654,2026-06-19,16:00,Pizza Express,Pizza,Eusébio,102.5,35.0,1.0,Cartão de crédito,Entregue
3655,2026-03-28,22:54,Açaí Tropical,Açaí,Eusébio,146.37,15.0,1.0,Cartão de crédito,Entregue
3656,2026-03-17,22:22,Açaí Tropical,Açaí,Fortaleza,174.1,20.0,3.0,Cartão de crédito,Entregue
3657,2026-06-17,22:05,Cantinho da Massa,Massas,Fortaleza,50.35,40.0,3.0,Cartão de crédito,Entregue
3658,2026-03-28,11:36,Pizza Express,Pizza,Eusébio,153.33,51.0,4.0,Dinheiro,Entregue
3659,2026-04-21,22:42,Açaí Tropical,Açaí,Fortaleza,97.28,49.0,1.0,Pix,Entregue
3660,2026-02-07,19:54,Sushi Fortaleza,Sushi,Eusébio,140.19,69.0,5.0,Pix,Entregue
3661,2026-06-29,11:38,Tempero Cearense,Saudável,Fortaleza,44.59,52.0,2.0,Cartão de débito,Entregue
3662,2026-01-20,22:12,Cantinho da Massa,Massas,Caucaia,46.11,23.0,1.0,Pix,Entregue
3663,2026-01-14,23:13,Açaí Tropical,Açaí,Fortaleza,169.7,45.0,4.0,Pix,Entregue
3664,2026-03-31,16:09,Açaí Tropical,Açaí,Caucaia,106.54,39.0,4.0,Cartão de crédito,Entregue
3665,2026-02-16,16:50,Burger House,Hambúrguer,Fortaleza,123.95,18.0,4.0,Pix,Entregue
3666,2026-04-20,15:31,Pizza Express,Pizza,Eusébio,37.63,50.0,4.0,Cartão de crédito,Entregue
3667,2026-01-17,18:05,Pizza Express,Pizza,Eusébio,158.16,60.0,2.0,Cartão de débito,Entregue
3668,2026-02-16,15:22,Açaí Tropical,Açaí,Eusébio,29.53,65.0,2.0,Cartão de débito,Entregue
3669,2026-03-14,23:42,Churrasco & Cia,Churrasco,Maracanaú,108.8,59.0,5.0,Cartão de crédito,Entregue
3670,2026-05-30,21:24,Pizza Express,Pizza,Maracanaú,157.63,18.0,3.0,Pix,Entregue
3671,2026-02-11,11:04,Burger House,Hambúrguer,Fortaleza,154.81,65.0,4.0,Cartão de crédito,Entregue
3672,2026-04-14,22:17,Pizza Express,Pizza,Fortaleza,60.51,62.0,4.0,Cartão de crédito,Entregue
3673,2026-06-29,11:44,Açaí Tropical,Açaí,Fortaleza,61.06,66.0,5.0,Cartão de débito,Entregue
3674,2026-05-25,15:16,Cantinho da Massa,Massas,Caucaia,24.77,40.0,1.0,Pix,Entregue
3675,2026-05-09,10:26,Burger House,Hambúrguer,Maracanaú,61.96,40.0,4.0,Cartão de débito,Entregue
3676,2026-06-13,18:58,Churrasco & Cia,Churrasco,Fortaleza,97.94,24.0,5.0,Pix,Entregue
3677,2026-02-06,20:39,Sabor Nordestino,Brasileira,Caucaia,119.25,44.0,4.0,Dinheiro,Entregue
3678,2026-02-18,20:48,Cantinho da Massa,Massas,Maracanaú,85.0,39.0,5.0,Cartão de crédito,Entregue
3679,2026-03-30,13:02,Pizza Express,Pizza,Maracanaú,170.1,33.0,4.0,Cartão de débito,Entregue
3680,2026-06-11,16:07,Açaí Tropical,Açaí,Caucaia,127.57,39.0,5.0,Pix,Entregue
3681,2026-01-04,12:50,Tempero Cearense,Saudável,Eusébio,117.4,43.0,4.0,Cartão de crédito,Entregue
3682,2026-04-10,16:08,Tempero Cearense,Saudável,Maracanaú,21.26,27.0,3.0,Cartão de débito,Entregue
3683,2026-04-13,18:38,Tempero Cearense,Saudável,Maracanaú,124.07,22.0,4.0,Pix,Entregue
3684,2026-05-08,21:31,Cantinho da Massa,Massas,Fortaleza,45.3,38.0,4.0,Cartão de débito,Entregue
3685,2026-02-07,15:09,Cantinho da Massa,Massas,Eusébio,173.76,36.0,2.0,Pix,Entregue
3686,2026-04-10,23:02,Sabor Nordestino,Brasileira,Caucaia,139.22,48.0,5.0,Pix,Entregue
3687,2026-01-17,17:11,Pizza Express,Pizza,Caucaia,172.93,18.0,3.0,Cartão de débito,Entregue
3688,2026-04-03,21:57,Sushi Fortaleza,Sushi,Caucaia,51.87,20.0,2.0,Cartão de crédito,Entregue
3689,2026-04-06,16:01,Churrasco & Cia,Churrasco,Eusébio,66.1,24.0,2.0,Cartão de débito,Entregue
3690,2026-02-01,10:38,Pizza Express,Pizza,Eusébio,167.42,52.0,3.0,Pix,Entregue
3691,2026-02-27,21:06,Cantinho da Massa,Massas,Fortaleza,64.97,16.0,5.0,Dinheiro,Entregue
3692,2026-03-09,21:58,Sushi Fortaleza,Sushi,Maracanaú,160.15,45.0,5.0,Cartão de débito,Entregue
3693,2026-03-19,10:48,Burger House,Hambúrguer,Fortaleza,168.48,42.0,5.0,Cartão de débito,Entregue
3694,2026-02-25,17:39,Pizza Express,Pizza,Fortaleza,124.5,17.0,5.0,Dinheiro,Entregue
3695,2026-03-21,12:26,Churrasco & Cia,Churrasco,Maracanaú,103.09,54.0,4.0,Cartão de débito,Entregue
3696,2026-04-03,18:30,Açaí Tropical,Açaí,Caucaia,144.21,70.0,3.0,Cartão de débito,Entregue
3697,2026-06-29,14:32,Burger House,Hambúrguer,Eusébio,139.84,46.0,2.0,Pix,Entregue
3698,2026-02-17,12:40,Churrasco & Cia,Churrasco,Eusébio,72.31,19.0,4.0,Cartão de débito,Entregue
3699,2026-03-26,10:15,Cantinho da Massa,Massas,Caucaia,78.48,50.0,5.0,Cartão de débito,Entregue
3700,2026-05-01,12:00,Cantinho da Massa,Massas,Maracanaú,83.47,42.0,4.0,Dinheiro,Entregue
3701,2026-05-17,12:34,Açaí Tropical,Açaí,Caucaia,71.35,59.0,5.0,Dinheiro,Entregue
3702,2026-06-20,12:03,Açaí Tropical,Açaí,Caucaia,53.22,58.0,2.0,Dinheiro,Entregue
3703,2026-06-04,13:06,Churrasco & Cia,Churrasco,Eusébio,83.38,21.0,1.0,Dinheiro,Entregue
3704,2026-01-22,14:50,Cantinho da Massa,Massas,Eusébio,20.61,67.0,1.0,Cartão de crédito,Entregue
3705,2026-01-21,14:59,Cantinho da Massa,Massas,Caucaia,42.77,65.0,5.0,Dinheiro,Entregue
3706,2026-04-01,21:29,Cantinho da Massa,Massas,Caucaia,169.05,28.0,1.0,Dinheiro,Entregue
3707,2026-02-01,20:54,Churrasco & Cia,Churrasco,Eusébio,56.33,30.0,3.0,Dinheiro,Entregue
3708,2026-04-21,23:39,Açaí Tropical,Açaí,Fortaleza,34.76,63.0,1.0,Cartão de débito,Entregue
3709,2026-03-19,13:18,Cantinho da Massa,Massas,Maracanaú,78.29,60.0,5.0,Pix,Entregue
3710,2026-04-16,20:04,Pizza Express,Pizza,Maracanaú,101.88,18.0,2.0,Cartão de crédito,Entregue
3711,2026-06-01,12:31,Cantinho da Massa,Massas,Eusébio,93.02,29.0,5.0,Cartão de débito,Entregue
3712,2026-03-15,19:55,Sabor Nordestino,Brasileira,Eusébio,54.3,25.0,2.0,Cartão de débito,Entregue
3713,2026-06-04,15:16,Sabor Nordestino,Brasileira,Maracanaú,22.2,43.0,2.0,Cartão de crédito,Cancelado
3714,2026-05-15,13:51,Tempero Cearense,Saudável,Maracanaú,69.54,45.0,4.0,Pix,Entregue
3715,2026-01-05,13:25,Tempero Cearense,Saudável,Maracanaú,157.54,63.0,3.0,Dinheiro,Entregue
3716,2026-06-22,17:24,Burger House,Hambúrguer,Eusébio,156.77,50.0,2.0,Cartão de crédito,Entregue
3717,2026-02-16,22:43,Burger House,Hambúrguer,Fortaleza,112.96,28.0,5.0,Dinheiro,Entregue
3718,2026-05-18,12:30,Cantinho da Massa,Massas,Maracanaú,41.39,31.0,2.0,Cartão de débito,Entregue
3719,2026-01-03,14:46,Churrasco & Cia,Churrasco,Maracanaú,111.19,57.0,1.0,Dinheiro,Entregue
3720,2026-04-12,10:56,Cantinho da Massa,Massas,Caucaia,178.17,21.0,2.0,Cartão de débito,Entregue
3721,2026-03-09,13:21,Cantinho da Massa,Massas,Fortaleza,37.99,48.0,3.0,Dinheiro,Entregue
3722,2026-02-09,14:11,Pizza Express,Pizza,Fortaleza,159.67,62.0,2.0,Dinheiro,Entregue
3723,2026-01-23,17:48,Sabor Nordestino,Brasileira,Caucaia,109.46,61.0,2.0,Dinheiro,Entregue
3724,2026-05-16,11:05,Tempero Cearense,Saudável,Caucaia,112.7,38.0,5.0,Pix,Entregue
3725,2026-03-08,12:04,Sushi Fortaleza,Sushi,Maracanaú,111.81,27.0,1.0,Cartão de débito,Entregue
3726,2026-04-15,13:58,Tempero Cearense,Saudável,Caucaia,112.19,26.0,4.0,Dinheiro,Entregue
3727,2026-05-14,17:30,Açaí Tropical,Açaí,Caucaia,110.87,38.0,5.0,Dinheiro,Entregue
3728,2026-03-21,11:31,Cantinho da Massa,Massas,Fortaleza,113.57,29.0,5.0,Cartão de crédito,Cancelado
3729,2026-06-17,18:51,Cantinho da Massa,Massas,Eusébio,89.18,46.0,2.0,Cartão de débito,Entregue
3730,2026-06-05,10:43,Açaí Tropical,Açaí,Maracanaú,38.4,70.0,1.0,Cartão de crédito,Entregue
3731,2026-01-21,13:39,Pizza Express,Pizza,Caucaia,69.27,15.0,3.0,Pix,Entregue
3732,2026-02-20,16:16,Açaí Tropical,Açaí,Eusébio,141.3,31.0,5.0,Cartão de crédito,Entregue
3733,2026-05-15,16:06,Tempero Cearense,Saudável,Caucaia,152.08,60.0,5.0,Cartão de crédito,Entregue
3734,2026-06-10,22:42,Pizza Express,Pizza,Caucaia,177.0,45.0,2.0,Cartão de crédito,Entregue
3735,2026-06-06,19:24,Açaí Tropical,Açaí,Eusébio,81.94,26.0,1.0,Dinheiro,Entregue
3736,2026-02-16,22:12,Açaí Tropical,Açaí,Eusébio,89.18,29.0,2.0,Cartão de crédito,Entregue
3737,2026-04-10,19:36,Açaí Tropical,Açaí,Eusébio,163.33,38.0,5.0,Dinheiro,Entregue
3738,2026-06-15,15:23,Açaí Tropical,Açaí,Eusébio,45.11,46.0,4.0,Cartão de crédito,Entregue
3739,2026-06-24,15:19,Pizza Express,Pizza,Maracanaú,128.15,28.0,2.0,Dinheiro,Entregue
3740,2026-05-31,16:32,Churrasco & Cia,Churrasco,Maracanaú,101.34,59.0,5.0,Dinheiro,Entregue
3741,2026-01-09,22:33,Churrasco & Cia,Churrasco,Maracanaú,52.07,37.0,5.0,Dinheiro,Cancelado
3742,2026-05-03,23:53,Cantinho da Massa,Massas,Eusébio,171.82,27.0,4.0,Pix,Entregue
3743,2026-05-08,10:10,Tempero Cearense,Saudável,Eusébio,44.06,40.0,4.0,Dinheiro,Entregue
3744,2026-03-31,19:25,Cantinho da Massa,Massas,Caucaia,102.92,56.0,4.0,Dinheiro,Entregue
3745,2026-05-30,20:16,Açaí Tropical,Açaí,Fortaleza,75.82,68.0,2.0,Pix,Entregue
3746,2026-03-06,23:20,Sabor Nordestino,Brasileira,Eusébio,60.51,64.0,3.0,Cartão de débito,Entregue
3747,2026-02-13,19:41,Sabor Nordestino,Brasileira,Caucaia,128.68,62.0,5.0,Dinheiro,Entregue
3748,2026-02-28,20:39,Cantinho da Massa,Massas,Caucaia,160.4,30.0,4.0,Pix,Entregue
3749,2026-01-09,22:30,Sabor Nordestino,Brasileira,Caucaia,56.73,28.0,2.0,Pix,Entregue
3750,2026-05-29,13:11,Pizza Express,Pizza,Eusébio,85.13,39.0,3.0,Cartão de crédito,Entregue
3751,2026-03-12,22:49,Sabor Nordestino,Brasileira,Maracanaú,55.43,28.0,1.0,Pix,Entregue
3752,2026-01-01,21:56,Tempero Cearense,Saudável,Eusébio,48.27,60.0,3.0,Cartão de crédito,Entregue
3753,2026-01-12,22:47,Burger House,Hambúrguer,Maracanaú,77.75,29.0,5.0,Dinheiro,Entregue
3754,2026-04-21,13:12,Cantinho da Massa,Massas,Maracanaú,94.76,56.0,4.0,Pix,Entregue
3755,2026-04-11,23:27,Sabor Nordestino,Brasileira,Eusébio,54.95,69.0,2.0,Dinheiro,Entregue
3756,2026-05-27,19:30,Cantinho da Massa,Massas,Fortaleza,73.71,24.0,1.0,Pix,Entregue
3757,2026-01-18,10:56,Pizza Express,Pizza,Fortaleza,48.65,46.0,4.0,Cartão de crédito,Entregue
3758,2026-05-17,11:43,Churrasco & Cia,Churrasco,Fortaleza,82.68,48.0,3.0,Dinheiro,Entregue
3759,2026-06-12,17:12,Sushi Fortaleza,Sushi,Eusébio,158.09,16.0,4.0,Cartão de crédito,Entregue
3760,2026-02-25,15:28,Churrasco & Cia,Churrasco,Caucaia,132.93,45.0,5.0,Cartão de débito,Entregue
3761,2026-01-06,22:58,Churrasco & Cia,Churrasco,Eusébio,85.58,26.0,4.0,Cartão de crédito,Entregue
3762,2026-05-16,17:21,Tempero Cearense,Saudável,Maracanaú,29.67,20.0,5.0,Cartão de crédito,Entregue
3763,2026-06-03,12:15,Tempero Cearense,Saudável,Fortaleza,158.03,51.0,1.0,Cartão de débito,Entregue
3764,2026-04-29,14:23,Cantinho da Massa,Massas,Fortaleza,131.98,28.0,2.0,Dinheiro,Entregue
3765,2026-05-09,17:00,Churrasco & Cia,Churrasco,Fortaleza,98.28,19.0,1.0,Dinheiro,Entregue
3766,2026-04-04,11:56,Sabor Nordestino,Brasileira,Maracanaú,62.77,46.0,1.0,Dinheiro,Entregue
3767,2026-05-18,20:41,Cantinho da Massa,Massas,Maracanaú,104.95,32.0,5.0,Cartão de débito,Entregue
3768,2026-02-28,14:33,Churrasco & Cia,Churrasco,Maracanaú,54.09,70.0,3.0,Pix,Entregue
3769,2026-01-02,23:18,Cantinho da Massa,Massas,Eusébio,96.67,47.0,1.0,Cartão de crédito,Entregue
3770,2026-04-26,18:55,Sushi Fortaleza,Sushi,Maracanaú,148.57,31.0,2.0,Cartão de crédito,Entregue
3771,2026-05-13,15:47,Cantinho da Massa,Massas,Caucaia,179.02,17.0,5.0,Pix,Cancelado
3772,2026-05-31,13:01,Sushi Fortaleza,Sushi,Eusébio,175.47,17.0,4.0,Pix,Entregue
3773,2026-03-29,12:27,Sabor Nordestino,Brasileira,Fortaleza,138.91,25.0,2.0,Cartão de crédito,Entregue
3774,2026-06-05,19:42,Tempero Cearense,Saudável,Maracanaú,51.33,16.0,5.0,Cartão de débito,Entregue
3775,2026-04-02,23:25,Churrasco & Cia,Churrasco,Caucaia,175.05,30.0,1.0,Dinheiro,Entregue
3776,2026-06-01,11:51,Churrasco & Cia,Churrasco,Caucaia,148.82,68.0,1.0,Cartão de débito,Entregue
3777,2026-02-23,12:01,Pizza Express,Pizza,Eusébio,158.62,55.0,5.0,Pix,Entregue
3778,2026-05-23,15:00,Sabor Nordestino,Brasileira,Caucaia,40.48,20.0,5.0,Cartão de débito,Entregue
3779,2026-06-27,23:24,Burger House,Hambúrguer,Fortaleza,68.15,70.0,1.0,Cartão de crédito,Entregue
3780,2026-01-15,15:19,Cantinho da Massa,Massas,Maracanaú,54.8,48.0,3.0,Dinheiro,Entregue
3781,2026-05-05,19:28,Sushi Fortaleza,Sushi,Eusébio,63.34,60.0,3.0,Pix,Entregue
3782,2026-01-27,15:54,Pizza Express,Pizza,Eusébio,97.76,70.0,2.0,Cartão de débito,Entregue
3783,2026-03-12,23:08,Churrasco & Cia,Churrasco,Fortaleza,100.71,26.0,3.0,Pix,Entregue
3784,2026-06-25,16:49,Pizza Express,Pizza,Caucaia,164.84,52.0,1.0,Cartão de débito,Entregue
3785,2026-05-12,11:36,Tempero Cearense,Saudável,Caucaia,155.19,31.0,5.0,Dinheiro,Entregue
3786,2026-06-22,22:21,Sabor Nordestino,Brasileira,Caucaia,102.0,33.0,5.0,Cartão de crédito,Entregue
3787,2026-03-25,21:01,Burger House,Hambúrguer,Caucaia,66.1,60.0,3.0,Cartão de crédito,Entregue
3788,2026-03-27,10:28,Tempero Cearense,Saudável,Caucaia,75.47,37.0,5.0,Cartão de débito,Entregue
3789,2026-03-27,18:32,Pizza Express,Pizza,Fortaleza,101.25,60.0,2.0,Cartão de débito,Entregue
3790,2026-03-26,14:28,Açaí Tropical,Açaí,Maracanaú,169.4,32.0,3.0,Cartão de débito,Entregue
3791,2026-01-31,12:13,Açaí Tropical,Açaí,Eusébio,156.24,62.0,5.0,Cartão de débito,Entregue
3792,2026-05-01,19:02,Sabor Nordestino,Brasileira,Maracanaú,29.94,33.0,3.0,Pix,Entregue
3793,2026-03-14,18:53,Cantinho da Massa,Massas,Maracanaú,93.9,31.0,1.0,Dinheiro,Entregue
3794,2026-02-20,20:36,Churrasco & Cia,Churrasco,Maracanaú,125.44,46.0,1.0,Cartão de débito,Entregue
3795,2026-05-31,13:21,Sabor Nordestino,Brasileira,Eusébio,144.24,42.0,4.0,Pix,Entregue
3796,2026-01-06,16:19,Pizza Express,Pizza,Eusébio,165.8,24.0,4.0,Cartão de débito,Entregue
3797,2026-04-12,15:12,Pizza Express,Pizza,Caucaia,150.73,22.0,2.0,Pix,Entregue
3798,2026-06-13,23:03,Sabor Nordestino,Brasileira,Caucaia,65.27,38.0,3.0,Cartão de débito,Entregue
3799,2026-04-01,15:39,Churrasco & Cia,Churrasco,Caucaia,167.78,66.0,2.0,Cartão de crédito,Entregue
3800,2026-05-23,20:13,Sushi Fortaleza,Sushi,Caucaia,147.09,57.0,4.0,Dinheiro,Entregue
3801,2026-01-14,18:52,Churrasco & Cia,Churrasco,Fortaleza,68.24,66.0,5.0,Cartão de crédito,Entregue
3802,2026-04-17,22:45,Sabor Nordestino,Brasileira,Caucaia,52.15,45.0,1.0,Pix,Entregue
3803,2026-06-24,17:35,Churrasco & Cia,Churrasco,Eusébio,34.96,60.0,5.0,Dinheiro,Entregue
3804,2026-02-27,16:35,Tempero Cearense,Saudável,Fortaleza,144.55,54.0,2.0,Cartão de crédito,Entregue
3805,2026-04-18,10:33,Churrasco & Cia,Churrasco,Fortaleza,176.72,17.0,3.0,Pix,Entregue
3806,2026-05-22,13:38,Pizza Express,Pizza,Fortaleza,37.28,68.0,2.0,Cartão de débito,Entregue
3807,2026-04-14,14:03,Sabor Nordestino,Brasileira,Eusébio,129.76,61.0,2.0,Cartão de débito,Entregue
3808,2026-04-21,13:31,Sabor Nordestino,Brasileira,Eusébio,165.54,57.0,2.0,Dinheiro,Entregue
3809,2026-06-17,11:35,Sushi Fortaleza,Sushi,Caucaia,65.33,43.0,5.0,Cartão de crédito,Entregue
3810,2026-04-16,22:28,Tempero Cearense,Saudável,Maracanaú,59.75,32.0,2.0,Cartão de crédito,Entregue
3811,2026-03-18,18:44,Pizza Express,Pizza,Eusébio,67.03,62.0,4.0,Dinheiro,Entregue
3812,2026-03-13,12:46,Tempero Cearense,Saudável,Caucaia,63.97,16.0,3.0,Dinheiro,Entregue
3813,2026-02-19,22:43,Burger House,Hambúrguer,Maracanaú,115.88,42.0,4.0,Cartão de débito,Entregue
3814,2026-06-16,15:33,Pizza Express,Pizza,Maracanaú,90.98,69.0,3.0,Pix,Entregue
3815,2026-02-13,14:24,Açaí Tropical,Açaí,Fortaleza,68.95,31.0,4.0,Cartão de débito,Cancelado
3816,2026-05-26,19:45,Churrasco & Cia,Churrasco,Eusébio,34.7,35.0,3.0,Dinheiro,Entregue
3817,2026-06-17,12:12,Cantinho da Massa,Massas,Fortaleza,170.65,55.0,4.0,Cartão de crédito,Entregue
3818,2026-05-25,22:24,Cantinho da Massa,Massas,Maracanaú,82.48,57.0,5.0,Cartão de crédito,Cancelado
3819,2026-02-01,20:34,Burger House,Hambúrguer,Eusébio,112.25,65.0,2.0,Cartão de débito,Entregue
3820,2026-06-16,20:56,Burger House,Hambúrguer,Caucaia,81.39,46.0,2.0,Cartão de débito,Entregue
3821,2026-02-27,17:13,Sushi Fortaleza,Sushi,Maracanaú,133.12,64.0,3.0,Cartão de crédito,Cancelado
3822,2026-06-22,21:04,Sushi Fortaleza,Sushi,Maracanaú,98.71,34.0,5.0,Pix,Entregue
3823,2026-03-04,10:59,Cantinho da Massa,Massas,Caucaia,72.46,39.0,3.0,Dinheiro,Entregue
3824,2026-06-16,23:42,Churrasco & Cia,Churrasco,Maracanaú,100.39,50.0,1.0,Cartão de crédito,Entregue
3825,2026-03-28,11:54,Burger House,Hambúrguer,Maracanaú,121.95,45.0,4.0,Pix,Entregue
3826,2026-06-04,14:13,Tempero Cearense,Saudável,Eusébio,46.5,17.0,3.0,Dinheiro,Entregue
3827,2026-04-22,15:12,Cantinho da Massa,Massas,Caucaia,48.41,18.0,3.0,Cartão de débito,Entregue
3828,2026-06-25,18:27,Açaí Tropical,Açaí,Caucaia,92.95,21.0,3.0,Cartão de débito,Entregue
3829,2026-03-25,11:40,Pizza Express,Pizza,Caucaia,127.31,57.0,1.0,Pix,Entregue
3830,2026-06-10,11:15,Sushi Fortaleza,Sushi,Caucaia,160.66,50.0,3.0,Cartão de crédito,Entregue
3831,2026-06-10,14:12,Burger House,Hambúrguer,Eusébio,133.53,47.0,4.0,Dinheiro,Entregue
3832,2026-02-22,12:54,Açaí Tropical,Açaí,Fortaleza,144.71,23.0,2.0,Cartão de débito,Entregue
3833,2026-01-01,16:02,Pizza Express,Pizza,Maracanaú,26.91,38.0,2.0,Cartão de débito,Entregue
3834,2026-05-16,14:22,Açaí Tropical,Açaí,Caucaia,112.86,64.0,4.0,Pix,Entregue
3835,2026-01-06,15:54,Burger House,Hambúrguer,Maracanaú,23.03,26.0,3.0,Dinheiro,Entregue
3836,2026-01-29,22:18,Sushi Fortaleza,Sushi,Caucaia,164.57,47.0,2.0,Cartão de crédito,Entregue
3837,2026-01-02,20:30,Açaí Tropical,Açaí,Caucaia,39.76,17.0,4.0,Cartão de crédito,Entregue
3838,2026-02-09,12:06,Tempero Cearense,Saudável,Maracanaú,66.0,66.0,2.0,Dinheiro,Entregue
3839,2026-04-25,13:53,Burger House,Hambúrguer,Fortaleza,65.35,20.0,5.0,Cartão de débito,Entregue
3840,2026-03-05,22:05,Burger House,Hambúrguer,Maracanaú,88.0,37.0,4.0,Cartão de crédito,Entregue
3841,2026-02-21,16:05,Tempero Cearense,Saudável,Caucaia,74.36,16.0,4.0,Cartão de débito,Entregue
3842,2026-03-25,15:21,Burger House,Hambúrguer,Maracanaú,93.1,23.0,1.0,Cartão de débito,Entregue
3843,2026-05-02,21:03,Burger House,Hambúrguer,Maracanaú,135.84,22.0,1.0,Cartão de crédito,Entregue
3844,2026-04-02,21:54,Tempero Cearense,Saudável,Maracanaú,26.67,52.0,1.0,Pix,Entregue
3845,2026-01-20,22:04,Burger House,Hambúrguer,Fortaleza,131.65,20.0,4.0,Dinheiro,Entregue
3846,2026-06-03,13:51,Burger House,Hambúrguer,Eusébio,78.4,65.0,2.0,Cartão de débito,Entregue
3847,2026-03-01,10:40,Churrasco & Cia,Churrasco,Caucaia,104.76,61.0,5.0,Pix,Cancelado
3848,2026-04-18,15:30,Sabor Nordestino,Brasileira,Maracanaú,113.07,27.0,2.0,Cartão de crédito,Entregue
3849,2026-02-28,10:09,Cantinho da Massa,Massas,Eusébio,83.35,31.0,4.0,Pix,Entregue
3850,2026-06-25,15:47,Pizza Express,Pizza,Fortaleza,42.83,17.0,3.0,Cartão de crédito,Entregue
3851,2026-06-17,11:20,Cantinho da Massa,Massas,Fortaleza,144.65,21.0,1.0,Cartão de débito,Entregue
3852,2026-04-11,22:23,Sushi Fortaleza,Sushi,Eusébio,176.88,27.0,2.0,Cartão de crédito,Entregue
3853,2026-04-05,21:19,Sushi Fortaleza,Sushi,Maracanaú,132.09,18.0,1.0,Pix,Entregue
3854,2026-03-09,13:28,Açaí Tropical,Açaí,Fortaleza,122.37,24.0,1.0,Dinheiro,Entregue
3855,2026-03-11,17:03,Pizza Express,Pizza,Eusébio,74.56,59.0,5.0,Cartão de débito,Entregue
3856,2026-06-24,23:51,Sushi Fortaleza,Sushi,Eusébio,167.27,55.0,5.0,Dinheiro,Entregue
3857,2026-06-14,23:54,Churrasco & Cia,Churrasco,Maracanaú,104.67,44.0,4.0,Dinheiro,Entregue
3858,2026-04-01,19:06,Açaí Tropical,Açaí,Eusébio,174.86,64.0,5.0,Cartão de débito,Entregue
3859,2026-06-29,11:03,Churrasco & Cia,Churrasco,Caucaia,162.8,52.0,1.0,Dinheiro,Entregue
3860,2026-05-21,13:15,Pizza Express,Pizza,Maracanaú,114.22,39.0,3.0,Dinheiro,Entregue
3861,2026-06-04,21:52,Cantinho da Massa,Massas,Caucaia,26.91,37.0,3.0,Pix,Entregue
3862,2026-03-27,19:12,Churrasco & Cia,Churrasco,Maracanaú,23.43,46.0,4.0,Pix,Entregue
3863,2026-03-08,16:11,Sabor Nordestino,Brasileira,Maracanaú,106.08,56.0,3.0,Dinheiro,Entregue
3864,2026-02-16,17:07,Burger House,Hambúrguer,Maracanaú,24.17,23.0,4.0,Cartão de crédito,Entregue
3865,2026-04-22,18:55,Sabor Nordestino,Brasileira,Fortaleza,24.22,53.0,2.0,Dinheiro,Entregue
3866,2026-05-31,20:04,Cantinho da Massa,Massas,Fortaleza,150.33,19.0,4.0,Cartão de crédito,Entregue
3867,2026-02-20,12:31,Tempero Cearense,Saudável,Eusébio,104.38,37.0,5.0,Dinheiro,Entregue
3868,2026-05-06,23:31,Sabor Nordestino,Brasileira,Fortaleza,64.4,52.0,4.0,Cartão de débito,Entregue
3869,2026-05-10,12:56,Pizza Express,Pizza,Fortaleza,110.11,42.0,5.0,Dinheiro,Entregue
3870,2026-01-08,17:28,Sushi Fortaleza,Sushi,Caucaia,173.88,38.0,4.0,Cartão de crédito,Cancelado
3871,2026-02-12,12:02,Churrasco & Cia,Churrasco,Fortaleza,175.35,38.0,4.0,Cartão de débito,Entregue
3872,2026-05-26,21:42,Açaí Tropical,Açaí,Caucaia,136.9,65.0,5.0,Cartão de débito,Entregue
3873,2026-01-13,17:22,Pizza Express,Pizza,Maracanaú,94.72,32.0,5.0,Dinheiro,Entregue
3874,2026-02-18,15:34,Pizza Express,Pizza,Eusébio,136.93,46.0,4.0,Pix,Entregue
3875,2026-03-14,17:28,Sushi Fortaleza,Sushi,Caucaia,158.13,54.0,5.0,Pix,Entregue
3876,2026-03-20,13:34,Sushi Fortaleza,Sushi,Caucaia,81.86,52.0,5.0,Dinheiro,Entregue
3877,2026-02-15,15:09,Sabor Nordestino,Brasileira,Fortaleza,117.86,18.0,4.0,Pix,Entregue
3878,2026-05-28,11:09,Tempero Cearense,Saudável,Maracanaú,37.91,20.0,5.0,Dinheiro,Cancelado
3879,2026-05-28,13:13,Churrasco & Cia,Churrasco,Eusébio,128.52,28.0,1.0,Cartão de débito,Entregue
3880,2026-05-03,18:13,Sabor Nordestino,Brasileira,Caucaia,122.62,48.0,2.0,Dinheiro,Entregue
3881,2026-03-02,15:53,Churrasco & Cia,Churrasco,Eusébio,87.76,25.0,1.0,Cartão de débito,Entregue
3882,2026-03-12,22:35,Açaí Tropical,Açaí,Caucaia,96.81,22.0,1.0,Cartão de débito,Entregue
3883,2026-04-14,19:54,Sushi Fortaleza,Sushi,Caucaia,139.36,22.0,4.0,Cartão de débito,Entregue
3884,2026-02-12,22:08,Burger House,Hambúrguer,Eusébio,33.23,56.0,4.0,Dinheiro,Entregue
3885,2026-01-03,22:15,Cantinho da Massa,Massas,Maracanaú,79.76,63.0,1.0,Pix,Entregue
3886,2026-05-04,21:42,Açaí Tropical,Açaí,Maracanaú,144.96,51.0,1.0,Dinheiro,Entregue
3887,2026-01-19,12:42,Cantinho da Massa,Massas,Eusébio,68.29,35.0,2.0,Pix,Entregue
3888,2026-06-28,11:04,Churrasco & Cia,Churrasco,Maracanaú,76.27,69.0,5.0,Cartão de débito,Entregue
3889,2026-04-28,12:03,Cantinho da Massa,Massas,Fortaleza,137.29,27.0,4.0,Pix,Entregue
3890,2026-04-01,16:11,Cantinho da Massa,Massas,Eusébio,51.91,21.0,4.0,Dinheiro,Entregue
3891,2026-04-28,10:51,Churrasco & Cia,Churrasco,Caucaia,22.65,51.0,3.0,Cartão de débito,Entregue
3892,2026-05-29,20:58,Cantinho da Massa,Massas,Caucaia,148.3,18.0,1.0,Cartão de crédito,Entregue
3893,2026-05-05,22:47,Açaí Tropical,Açaí,Caucaia,119.56,37.0,3.0,Cartão de débito,Entregue
3894,2026-01-01,11:54,Pizza Express,Pizza,Maracanaú,117.81,54.0,1.0,Cartão de débito,Cancelado
3895,2026-06-10,19:15,Churrasco & Cia,Churrasco,Maracanaú,175.38,35.0,2.0,Pix,Entregue
3896,2026-06-12,11:06,Pizza Express,Pizza,Caucaia,134.66,17.0,2.0,Pix,Entregue
3897,2026-04-12,10:41,Pizza Express,Pizza,Maracanaú,65.81,58.0,2.0,Dinheiro,Entregue
3898,2026-03-27,15:18,Tempero Cearense,Saudável,Eusébio,20.52,26.0,1.0,Cartão de débito,Entregue
3899,2026-03-06,22:24,Burger House,Hambúrguer,Eusébio,126.18,51.0,3.0,Cartão de crédito,Entregue
3900,2026-01-22,22:28,Sushi Fortaleza,Sushi,Caucaia,56.65,39.0,4.0,Cartão de crédito,Entregue
3901,2026-06-09,15:53,Cantinho da Massa,Massas,Maracanaú,129.63,61.0,1.0,Dinheiro,Entregue
3902,2026-03-05,19:33,Pizza Express,Pizza,Fortaleza,90.64,64.0,3.0,Cartão de crédito,Entregue
3903,2026-03-28,12:04,Cantinho da Massa,Massas,Fortaleza,138.43,15.0,2.0,Cartão de débito,Entregue
3904,2026-01-28,17:21,Tempero Cearense,Saudável,Fortaleza,81.28,17.0,5.0,Pix,Entregue
3905,2026-06-20,23:05,Churrasco & Cia,Churrasco,Caucaia,39.5,28.0,2.0,Dinheiro,Entregue
3906,2026-01-04,12:33,Churrasco & Cia,Churrasco,Fortaleza,72.6,42.0,3.0,Cartão de crédito,Entregue
3907,2026-06-06,11:42,Churrasco & Cia,Churrasco,Maracanaú,107.81,51.0,1.0,Pix,Entregue
3908,2026-03-19,19:11,Burger House,Hambúrguer,Fortaleza,150.31,70.0,1.0,Cartão de crédito,Entregue
3909,2026-02-10,19:37,Cantinho da Massa,Massas,Fortaleza,66.43,33.0,1.0,Cartão de crédito,Entregue
3910,2026-05-12,15:44,Tempero Cearense,Saudável,Eusébio,112.88,33.0,2.0,Dinheiro,Entregue
3911,2026-01-02,11:53,Burger House,Hambúrguer,Fortaleza,37.29,34.0,1.0,Cartão de débito,Entregue
3912,2026-05-10,20:19,Cantinho da Massa,Massas,Maracanaú,118.92,47.0,5.0,Dinheiro,Entregue
3913,2026-06-09,14:34,Pizza Express,Pizza,Eusébio,94.14,66.0,5.0,Cartão de crédito,Entregue
3914,2026-04-09,17:56,Churrasco & Cia,Churrasco,Fortaleza,166.1,34.0,3.0,Cartão de crédito,Cancelado
3915,2026-03-22,13:50,Burger House,Hambúrguer,Fortaleza,109.56,16.0,1.0,Cartão de crédito,Entregue
3916,2026-05-13,15:56,Burger House,Hambúrguer,Eusébio,36.37,40.0,5.0,Cartão de débito,Entregue
3917,2026-03-02,14:11,Cantinho da Massa,Massas,Fortaleza,136.36,24.0,3.0,Dinheiro,Entregue
3918,2026-04-11,17:53,Pizza Express,Pizza,Eusébio,179.85,25.0,1.0,Cartão de débito,Entregue
3919,2026-03-06,12:15,Tempero Cearense,Saudável,Maracanaú,147.97,67.0,4.0,Dinheiro,Entregue
3920,2026-03-21,22:08,Sushi Fortaleza,Sushi,Maracanaú,122.37,42.0,4.0,Dinheiro,Entregue
3921,2026-05-19,21:56,Açaí Tropical,Açaí,Maracanaú,158.12,19.0,1.0,Dinheiro,Entregue
3922,2026-02-15,22:18,Sabor Nordestino,Brasileira,Fortaleza,58.58,28.0,1.0,Pix,Entregue
3923,2026-01-05,21:43,Açaí Tropical,Açaí,Eusébio,65.39,44.0,2.0,Pix,Entregue
3924,2026-04-21,15:18,Pizza Express,Pizza,Maracanaú,139.19,57.0,5.0,Cartão de débito,Entregue
3925,2026-05-05,23:27,Sushi Fortaleza,Sushi,Caucaia,131.89,29.0,5.0,Cartão de crédito,Entregue
3926,2026-02-13,22:59,Sushi Fortaleza,Sushi,Maracanaú,123.7,57.0,2.0,Dinheiro,Entregue
3927,2026-04-20,18:01,Açaí Tropical,Açaí,Fortaleza,63.87,56.0,2.0,Pix,Entregue
3928,2026-04-27,22:41,Sushi Fortaleza,Sushi,Fortaleza,103.37,53.0,3.0,Cartão de débito,Entregue
3929,2026-01-21,21:27,Burger House,Hambúrguer,Fortaleza,124.13,35.0,2.0,Pix,Entregue
3930,2026-01-15,15:00,Açaí Tropical,Açaí,Fortaleza,99.3,38.0,1.0,Pix,Entregue
3931,2026-06-18,19:39,Tempero Cearense,Saudável,Eusébio,145.16,44.0,4.0,Dinheiro,Entregue
3932,2026-04-17,12:49,Pizza Express,Pizza,Eusébio,107.49,15.0,3.0,Pix,Entregue
3933,2026-03-07,18:17,Churrasco & Cia,Churrasco,Caucaia,139.72,25.0,3.0,Pix,Entregue
3934,2026-02-20,23:54,Sushi Fortaleza,Sushi,Fortaleza,138.8,54.0,1.0,Pix,Entregue
3935,2026-05-29,16:13,Churrasco & Cia,Churrasco,Fortaleza,167.32,60.0,1.0,Cartão de crédito,Entregue
3936,2026-05-08,14:21,Pizza Express,Pizza,Eusébio,176.37,66.0,4.0,Cartão de débito,Entregue
3937,2026-04-02,21:38,Sabor Nordestino,Brasileira,Caucaia,137.44,31.0,1.0,Dinheiro,Entregue
3938,2026-02-06,12:15,Cantinho da Massa,Massas,Eusébio,87.17,59.0,4.0,Dinheiro,Entregue
3939,2026-01-11,21:12,Burger House,Hambúrguer,Eusébio,121.33,49.0,1.0,Cartão de débito,Entregue
3940,2026-04-23,11:56,Sushi Fortaleza,Sushi,Caucaia,171.13,34.0,4.0,Pix,Entregue
3941,2026-01-31,11:57,Burger House,Hambúrguer,Maracanaú,139.87,52.0,4.0,Cartão de débito,Entregue
3942,2026-05-08,23:13,Pizza Express,Pizza,Fortaleza,68.93,68.0,2.0,Cartão de débito,Cancelado
3943,2026-01-27,10:34,Tempero Cearense,Saudável,Eusébio,175.84,18.0,4.0,Pix,Entregue
3944,2026-05-29,14:43,Sabor Nordestino,Brasileira,Fortaleza,57.58,49.0,1.0,Cartão de crédito,Entregue
3945,2026-04-17,14:35,Churrasco & Cia,Churrasco,Fortaleza,128.4,17.0,2.0,Cartão de crédito,Entregue
3946,2026-03-19,11:45,Cantinho da Massa,Massas,Fortaleza,107.04,43.0,1.0,Cartão de débito,Entregue
3947,2026-04-19,11:27,Açaí Tropical,Açaí,Maracanaú,122.64,55.0,2.0,Cartão de débito,Entregue
3948,2026-03-14,19:38,Açaí Tropical,Açaí,Fortaleza,53.54,23.0,1.0,Pix,Entregue
3949,2026-03-21,20:31,Cantinho da Massa,Massas,Eusébio,135.88,34.0,3.0,Cartão de débito,Entregue
3950,2026-04-16,15:04,Sabor Nordestino,Brasileira,Fortaleza,67.08,40.0,1.0,Cartão de crédito,Entregue
3951,2026-03-16,11:12,Pizza Express,Pizza,Eusébio,73.8,36.0,4.0,Pix,Entregue
3952,2026-05-01,22:09,Burger House,Hambúrguer,Eusébio,115.49,37.0,4.0,Dinheiro,Entregue
3953,2026-01-22,17:24,Pizza Express,Pizza,Maracanaú,134.45,69.0,4.0,Dinheiro,Entregue
3954,2026-04-23,15:55,Pizza Express,Pizza,Eusébio,100.02,44.0,1.0,Cartão de débito,Entregue
3955,2026-06-05,18:05,Sushi Fortaleza,Sushi,Maracanaú,122.92,66.0,2.0,Cartão de crédito,Entregue
3956,2026-05-02,13:02,Cantinho da Massa,Massas,Caucaia,38.71,31.0,3.0,Pix,Entregue
3957,2026-04-15,18:51,Pizza Express,Pizza,Maracanaú,152.53,29.0,3.0,Cartão de crédito,Entregue
3958,2026-06-25,10:31,Tempero Cearense,Saudável,Caucaia,136.47,17.0,2.0,Cartão de crédito,Entregue
3959,2026-05-05,22:20,Churrasco & Cia,Churrasco,Eusébio,165.15,21.0,5.0,Pix,Entregue
3960,2026-04-11,21:08,Sabor Nordestino,Brasileira,Caucaia,164.08,67.0,3.0,Cartão de débito,Entregue
3961,2026-05-30,12:28,Pizza Express,Pizza,Caucaia,60.27,41.0,2.0,Pix,Entregue
3962,2026-04-27,10:08,Sabor Nordestino,Brasileira,Maracanaú,174.17,19.0,3.0,Cartão de débito,Entregue
3963,2026-06-18,14:11,Sabor Nordestino,Brasileira,Caucaia,77.45,56.0,3.0,Pix,Entregue
3964,2026-06-22,15:17,Cantinho da Massa,Massas,Fortaleza,92.03,48.0,5.0,Dinheiro,Entregue
3965,2026-06-28,18:55,Burger House,Hambúrguer,Eusébio,175.99,66.0,1.0,Cartão de crédito,Entregue
3966,2026-04-27,22:08,Sabor Nordestino,Brasileira,Caucaia,23.47,63.0,5.0,Pix,Entregue
3967,2026-01-18,11:50,Burger House,Hambúrguer,Caucaia,84.41,59.0,4.0,Pix,Entregue
3968,2026-05-18,21:00,Cantinho da Massa,Massas,Fortaleza,170.82,16.0,3.0,Dinheiro,Entregue
3969,2026-01-21,18:26,Cantinho da Massa,Massas,Caucaia,43.83,42.0,2.0,Pix,Entregue
3970,2026-05-08,10:44,Cantinho da Massa,Massas,Maracanaú,95.2,22.0,1.0,Cartão de crédito,Entregue
3971,2026-04-30,22:00,Sushi Fortaleza,Sushi,Eusébio,45.12,44.0,1.0,Pix,Entregue
3972,2026-02-27,22:48,Sabor Nordestino,Brasileira,Maracanaú,59.08,34.0,4.0,Dinheiro,Entregue
3973,2026-05-25,19:55,Açaí Tropical,Açaí,Caucaia,116.12,66.0,1.0,Cartão de débito,Entregue
3974,2026-01-15,14:51,Sushi Fortaleza,Sushi,Fortaleza,148.45,43.0,5.0,Cartão de débito,Entregue
3975,2026-05-27,12:18,Açaí Tropical,Açaí,Fortaleza,65.2,48.0,1.0,Cartão de crédito,Entregue
3976,2026-06-24,13:03,Pizza Express,Pizza,Maracanaú,142.85,33.0,2.0,Cartão de débito,Entregue
3977,2026-03-09,15:44,Tempero Cearense,Saudável,Caucaia,35.5,65.0,1.0,Cartão de débito,Entregue
3978,2026-06-02,11:57,Açaí Tropical,Açaí,Fortaleza,23.45,32.0,2.0,Dinheiro,Entregue
3979,2026-02-09,15:56,Tempero Cearense,Saudável,Maracanaú,67.36,67.0,3.0,Cartão de débito,Entregue
3980,2026-03-22,11:56,Burger House,Hambúrguer,Eusébio,39.76,67.0,3.0,Pix,Entregue
3981,2026-01-18,11:37,Sabor Nordestino,Brasileira,Eusébio,24.44,15.0,4.0,Cartão de crédito,Entregue
3982,2026-04-13,20:37,Sushi Fortaleza,Sushi,Fortaleza,145.45,38.0,2.0,Cartão de débito,Entregue
3983,2026-06-22,14:16,Burger House,Hambúrguer,Maracanaú,145.47,43.0,2.0,Pix,Entregue
3984,2026-05-24,14:42,Burger House,Hambúrguer,Caucaia,143.99,22.0,1.0,Dinheiro,Entregue
3985,2026-06-25,15:42,Cantinho da Massa,Massas,Caucaia,137.53,41.0,1.0,Pix,Entregue
3986,2026-03-26,15:13,Açaí Tropical,Açaí,Caucaia,105.65,24.0,4.0,Cartão de débito,Entregue
3987,2026-06-09,15:03,Pizza Express,Pizza,Caucaia,156.24,52.0,3.0,Cartão de crédito,Entregue
3988,2026-02-19,12:12,Churrasco & Cia,Churrasco,Caucaia,114.91,67.0,3.0,Cartão de crédito,Entregue
3989,2026-06-21,21:59,Churrasco & Cia,Churrasco,Eusébio,101.28,16.0,3.0,Cartão de crédito,Entregue
3990,2026-05-07,15:02,Açaí Tropical,Açaí,Fortaleza,113.75,55.0,4.0,Cartão de débito,Entregue
3991,2026-03-17,12:22,Burger House,Hambúrguer,Caucaia,132.6,45.0,4.0,Dinheiro,Entregue
3992,2026-03-15,22:58,Cantinho da Massa,Massas,Maracanaú,62.33,52.0,2.0,Cartão de crédito,Entregue
3993,2026-03-14,22:03,Sabor Nordestino,Brasileira,Maracanaú,21.39,51.0,5.0,Cartão de débito,Entregue
3994,2026-05-20,16:08,Açaí Tropical,Açaí,Caucaia,149.0,66.0,2.0,Dinheiro,Entregue
3995,2026-02-28,22:56,Churrasco & Cia,Churrasco,Caucaia,124.52,39.0,1.0,Cartão de crédito,Entregue
3996,2026-01-06,23:16,Sabor Nordestino,Brasileira,Maracanaú,45.15,38.0,3.0,Pix,Entregue
3997,2026-06-04,16:02,Pizza Express,Pizza,Maracanaú,29.67,68.0,5.0,Cartão de débito,Entregue
3998,2026-06-11,21:16,Açaí Tropical,Açaí,Fortaleza,90.46,24.0,4.0,Cartão de débito,Entregue
3999,2026-01-27,21:30,Cantinho da Massa,Massas,Eusébio,39.9,40.0,1.0,Cartão de débito,Entregue
4000,2026-01-16,20:52,Sushi Fortaleza,Sushi,Caucaia,59.44,55.0,5.0,Pix,Entregue
4001,2026-02-09,17:35,Churrasco & Cia,Churrasco,Eusébio,129.71,30.0,4.0,Cartão de crédito,Entregue
4002,2026-05-08,19:58,Cantinho da Massa,Massas,Maracanaú,136.15,36.0,3.0,Pix,Entregue
4003,2026-04-01,23:29,Pizza Express,Pizza,Eusébio,91.78,27.0,1.0,Dinheiro,Entregue
4004,2026-03-15,20:46,Burger House,Hambúrguer,Maracanaú,136.7,48.0,2.0,Cartão de débito,Entregue
4005,2026-06-24,14:57,Sabor Nordestino,Brasileira,Eusébio,54.12,28.0,4.0,Cartão de débito,Entregue
4006,2026-01-27,17:26,Cantinho da Massa,Massas,Fortaleza,142.63,32.0,1.0,Pix,Entregue
4007,2026-04-10,15:42,Churrasco & Cia,Churrasco,Fortaleza,32.92,50.0,4.0,Cartão de débito,Entregue
4008,2026-02-01,10:22,Sabor Nordestino,Brasileira,Eusébio,133.18,66.0,2.0,Cartão de débito,Entregue
4009,2026-06-16,14:43,Churrasco & Cia,Churrasco,Caucaia,47.15,48.0,2.0,Dinheiro,Entregue
4010,2026-04-18,17:30,Cantinho da Massa,Massas,Eusébio,53.0,28.0,3.0,Pix,Entregue
4011,2026-02-28,23:40,Açaí Tropical,Açaí,Eusébio,137.03,23.0,4.0,Cartão de débito,Entregue
4012,2026-05-29,12:05,Churrasco & Cia,Churrasco,Fortaleza,26.57,23.0,4.0,Cartão de crédito,Entregue
4013,2026-02-12,11:16,Sushi Fortaleza,Sushi,Caucaia,172.6,59.0,5.0,Dinheiro,Cancelado
4014,2026-05-26,20:50,Tempero Cearense,Saudável,Caucaia,54.65,46.0,1.0,Pix,Entregue
4015,2026-05-02,13:07,Sabor Nordestino,Brasileira,Caucaia,49.04,50.0,5.0,Cartão de débito,Entregue
4016,2026-04-27,13:01,Churrasco & Cia,Churrasco,Fortaleza,96.21,28.0,2.0,Dinheiro,Entregue
4017,2026-02-28,11:08,Açaí Tropical,Açaí,Eusébio,162.25,32.0,1.0,Pix,Entregue
4018,2026-01-14,22:10,Açaí Tropical,Açaí,Caucaia,117.05,68.0,1.0,Cartão de débito,Entregue
4019,2026-01-05,10:38,Sabor Nordestino,Brasileira,Maracanaú,44.12,16.0,5.0,Dinheiro,Entregue
4020,2026-02-10,22:07,Cantinho da Massa,Massas,Caucaia,48.8,53.0,3.0,Dinheiro,Entregue
4021,2026-02-03,13:13,Pizza Express,Pizza,Caucaia,149.71,64.0,5.0,Dinheiro,Entregue
4022,2026-01-30,17:23,Açaí Tropical,Açaí,Fortaleza,51.63,27.0,1.0,Cartão de crédito,Entregue
4023,2026-01-01,19:18,Pizza Express,Pizza,Maracanaú,73.8,25.0,3.0,Cartão de crédito,Entregue
4024,2026-01-07,10:28,Tempero Cearense,Saudável,Maracanaú,123.94,48.0,4.0,Pix,Entregue
4025,2026-05-19,15:00,Churrasco & Cia,Churrasco,Fortaleza,68.59,17.0,3.0,Dinheiro,Entregue
4026,2026-03-05,16:26,Cantinho da Massa,Massas,Maracanaú,40.47,26.0,5.0,Dinheiro,Cancelado
4027,2026-01-27,18:58,Pizza Express,Pizza,Caucaia,142.75,23.0,1.0,Pix,Entregue
4028,2026-02-27,20:35,Cantinho da Massa,Massas,Caucaia,166.13,58.0,3.0,Dinheiro,Entregue
4029,2026-05-05,16:16,Sushi Fortaleza,Sushi,Caucaia,116.76,27.0,5.0,Pix,Entregue
4030,2026-04-07,17:16,Sabor Nordestino,Brasileira,Maracanaú,108.95,58.0,5.0,Dinheiro,Entregue
4031,2026-06-28,23:23,Churrasco & Cia,Churrasco,Maracanaú,63.32,19.0,1.0,Cartão de crédito,Entregue
4032,2026-04-22,17:41,Burger House,Hambúrguer,Maracanaú,66.35,20.0,5.0,Dinheiro,Entregue
4033,2026-06-17,19:28,Churrasco & Cia,Churrasco,Eusébio,92.72,18.0,1.0,Cartão de débito,Entregue
4034,2026-02-24,23:07,Tempero Cearense,Saudável,Caucaia,77.02,57.0,5.0,Cartão de débito,Entregue
4035,2026-03-08,13:59,Açaí Tropical,Açaí,Fortaleza,63.27,15.0,3.0,Cartão de crédito,Entregue
4036,2026-05-31,13:24,Churrasco & Cia,Churrasco,Fortaleza,148.29,68.0,4.0,Pix,Entregue
4037,2026-05-29,12:27,Burger House,Hambúrguer,Fortaleza,153.39,64.0,2.0,Cartão de débito,Entregue
4038,2026-02-23,15:49,Açaí Tropical,Açaí,Fortaleza,42.56,39.0,4.0,Cartão de débito,Cancelado
4039,2026-02-09,23:15,Sabor Nordestino,Brasileira,Fortaleza,108.41,36.0,4.0,Pix,Entregue
4040,2026-01-30,15:14,Burger House,Hambúrguer,Caucaia,49.06,64.0,4.0,Dinheiro,Entregue
4041,2026-05-29,18:50,Sabor Nordestino,Brasileira,Caucaia,166.7,66.0,5.0,Cartão de débito,Entregue
4042,2026-06-05,10:44,Sushi Fortaleza,Sushi,Fortaleza,52.35,32.0,1.0,Cartão de débito,Entregue
4043,2026-04-14,15:41,Sushi Fortaleza,Sushi,Eusébio,114.13,35.0,4.0,Pix,Entregue
4044,2026-06-23,19:54,Açaí Tropical,Açaí,Maracanaú,150.62,16.0,4.0,Cartão de crédito,Entregue
4045,2026-01-07,17:17,Tempero Cearense,Saudável,Fortaleza,153.05,65.0,2.0,Cartão de débito,Entregue
4046,2026-01-09,10:50,Cantinho da Massa,Massas,Fortaleza,136.73,57.0,4.0,Pix,Entregue
4047,2026-03-14,13:24,Açaí Tropical,Açaí,Fortaleza,125.65,55.0,4.0,Cartão de débito,Entregue
4048,2026-06-29,17:27,Burger House,Hambúrguer,Fortaleza,165.05,45.0,4.0,Pix,Entregue
4049,2026-03-25,14:23,Tempero Cearense,Saudável,Maracanaú,39.51,24.0,3.0,Dinheiro,Entregue
4050,2026-03-12,12:31,Churrasco & Cia,Churrasco,Eusébio,120.44,31.0,1.0,Dinheiro,Entregue
4051,2026-02-23,21:16,Burger House,Hambúrguer,Fortaleza,121.28,23.0,2.0,Cartão de débito,Entregue
4052,2026-05-30,23:51,Burger House,Hambúrguer,Fortaleza,70.25,65.0,1.0,Cartão de crédito,Entregue
4053,2026-02-01,13:55,Burger House,Hambúrguer,Fortaleza,66.31,32.0,5.0,Pix,Entregue
4054,2026-03-31,16:29,Açaí Tropical,Açaí,Fortaleza,78.14,67.0,3.0,Cartão de crédito,Entregue
4055,2026-04-29,20:44,Tempero Cearense,Saudável,Maracanaú,21.13,35.0,4.0,Cartão de débito,Entregue
4056,2026-01-26,16:43,Cantinho da Massa,Massas,Caucaia,90.43,40.0,4.0,Dinheiro,Entregue
4057,2026-04-13,15:52,Açaí Tropical,Açaí,Maracanaú,81.58,70.0,3.0,Dinheiro,Cancelado
4058,2026-01-12,18:22,Burger House,Hambúrguer,Fortaleza,100.02,62.0,3.0,Cartão de débito,Entregue
4059,2026-03-21,15:56,Churrasco & Cia,Churrasco,Eusébio,31.3,38.0,1.0,Pix,Entregue
4060,2026-05-18,18:31,Burger House,Hambúrguer,Maracanaú,179.37,44.0,3.0,Pix,Entregue
4061,2026-02-06,12:00,Tempero Cearense,Saudável,Fortaleza,129.91,50.0,3.0,Cartão de crédito,Entregue
4062,2026-06-05,12:38,Açaí Tropical,Açaí,Eusébio,123.26,42.0,3.0,Cartão de crédito,Entregue
4063,2026-05-03,12:19,Tempero Cearense,Saudável,Maracanaú,52.35,17.0,2.0,Cartão de débito,Entregue
4064,2026-01-23,14:15,Sabor Nordestino,Brasileira,Eusébio,34.23,59.0,2.0,Cartão de débito,Entregue
4065,2026-01-06,11:06,Pizza Express,Pizza,Caucaia,126.97,40.0,3.0,Pix,Entregue
4066,2026-03-24,15:33,Açaí Tropical,Açaí,Caucaia,79.44,59.0,3.0,Pix,Entregue
4067,2026-04-11,11:21,Pizza Express,Pizza,Caucaia,50.86,53.0,4.0,Pix,Entregue
4068,2026-05-14,13:20,Pizza Express,Pizza,Maracanaú,173.22,49.0,2.0,Dinheiro,Entregue
4069,2026-01-23,20:15,Churrasco & Cia,Churrasco,Caucaia,175.02,42.0,5.0,Dinheiro,Cancelado
4070,2026-03-05,20:13,Churrasco & Cia,Churrasco,Maracanaú,126.29,19.0,4.0,Cartão de débito,Entregue
4071,2026-06-24,16:57,Sabor Nordestino,Brasileira,Fortaleza,116.0,62.0,5.0,Cartão de crédito,Entregue
4072,2026-04-21,12:16,Tempero Cearense,Saudável,Caucaia,121.41,41.0,2.0,Cartão de débito,Entregue
4073,2026-06-25,18:18,Burger House,Hambúrguer,Maracanaú,104.03,38.0,1.0,Dinheiro,Cancelado
4074,2026-04-28,13:27,Açaí Tropical,Açaí,Fortaleza,34.47,15.0,2.0,Dinheiro,Entregue
4075,2026-06-05,22:03,Churrasco & Cia,Churrasco,Eusébio,153.87,27.0,5.0,Dinheiro,Entregue
4076,2026-02-02,11:49,Churrasco & Cia,Churrasco,Fortaleza,111.54,55.0,3.0,Pix,Entregue
4077,2026-04-08,12:52,Cantinho da Massa,Massas,Caucaia,86.73,26.0,2.0,Cartão de crédito,Entregue
4078,2026-03-28,16:26,Sushi Fortaleza,Sushi,Eusébio,116.26,58.0,3.0,Cartão de crédito,Entregue
4079,2026-03-15,13:46,Burger House,Hambúrguer,Maracanaú,40.52,30.0,5.0,Cartão de crédito,Cancelado
4080,2026-01-04,13:03,Açaí Tropical,Açaí,Caucaia,70.14,69.0,5.0,Pix,Entregue
4081,2026-03-12,12:03,Burger House,Hambúrguer,Caucaia,104.68,27.0,3.0,Cartão de crédito,Entregue
4082,2026-04-05,10:48,Sushi Fortaleza,Sushi,Eusébio,170.67,47.0,1.0,Dinheiro,Entregue
4083,2026-03-09,14:00,Cantinho da Massa,Massas,Eusébio,33.77,54.0,1.0,Dinheiro,Entregue
4084,2026-06-21,18:11,Sushi Fortaleza,Sushi,Caucaia,132.42,30.0,2.0,Dinheiro,Entregue
4085,2026-06-14,13:31,Tempero Cearense,Saudável,Caucaia,74.9,43.0,4.0,Cartão de crédito,Entregue
4086,2026-04-24,15:30,Sushi Fortaleza,Sushi,Caucaia,71.28,50.0,1.0,Pix,Entregue
4087,2026-01-25,12:58,Tempero Cearense,Saudável,Maracanaú,88.48,36.0,2.0,Cartão de débito,Entregue
4088,2026-05-28,21:55,Burger House,Hambúrguer,Caucaia,48.68,60.0,1.0,Cartão de débito,Cancelado
4089,2026-03-30,10:59,Pizza Express,Pizza,Eusébio,161.55,68.0,2.0,Cartão de débito,Entregue
4090,2026-04-22,12:30,Churrasco & Cia,Churrasco,Eusébio,162.66,66.0,4.0,Dinheiro,Entregue
4091,2026-06-30,23:36,Pizza Express,Pizza,Eusébio,116.48,53.0,1.0,Cartão de débito,Entregue
4092,2026-01-29,21:38,Pizza Express,Pizza,Eusébio,177.82,37.0,5.0,Cartão de débito,Entregue
4093,2026-04-03,15:29,Pizza Express,Pizza,Caucaia,148.33,20.0,1.0,Dinheiro,Entregue
4094,2026-02-17,12:02,Tempero Cearense,Saudável,Caucaia,115.69,17.0,1.0,Pix,Entregue
4095,2026-02-18,16:16,Sushi Fortaleza,Sushi,Maracanaú,62.73,31.0,2.0,Cartão de débito,Entregue
4096,2026-05-25,22:50,Tempero Cearense,Saudável,Fortaleza,60.46,25.0,1.0,Cartão de crédito,Entregue
4097,2026-02-08,12:58,Açaí Tropical,Açaí,Maracanaú,134.85,30.0,3.0,Cartão de débito,Entregue
4098,2026-01-13,23:40,Açaí Tropical,Açaí,Caucaia,126.98,21.0,1.0,Cartão de débito,Entregue
4099,2026-04-06,13:02,Sabor Nordestino,Brasileira,Fortaleza,114.08,18.0,4.0,Cartão de débito,Entregue
4100,2026-02-05,15:32,Tempero Cearense,Saudável,Maracanaú,169.09,36.0,3.0,Dinheiro,Entregue
4101,2026-04-16,11:30,Burger House,Hambúrguer,Caucaia,174.23,56.0,1.0,Cartão de débito,Entregue
4102,2026-04-18,20:13,Sushi Fortaleza,Sushi,Eusébio,133.88,67.0,4.0,Pix,Entregue
4103,2026-06-21,16:54,Cantinho da Massa,Massas,Fortaleza,73.47,62.0,4.0,Cartão de débito,Entregue
4104,2026-04-30,15:31,Sushi Fortaleza,Sushi,Caucaia,175.66,63.0,1.0,Pix,Entregue
4105,2026-05-08,16:36,Tempero Cearense,Saudável,Caucaia,132.58,51.0,3.0,Dinheiro,Entregue
4106,2026-04-16,10:02,Sushi Fortaleza,Sushi,Eusébio,91.63,35.0,2.0,Cartão de débito,Entregue
4107,2026-04-12,21:17,Cantinho da Massa,Massas,Eusébio,34.12,51.0,2.0,Cartão de débito,Cancelado
4108,2026-02-02,15:05,Cantinho da Massa,Massas,Caucaia,76.5,52.0,3.0,Cartão de débito,Entregue
4109,2026-02-03,13:31,Tempero Cearense,Saudável,Maracanaú,27.21,19.0,3.0,Cartão de débito,Entregue
4110,2026-03-20,13:03,Burger House,Hambúrguer,Maracanaú,27.4,19.0,2.0,Dinheiro,Entregue
4111,2026-06-01,18:09,Pizza Express,Pizza,Fortaleza,119.19,27.0,3.0,Cartão de débito,Entregue
4112,2026-06-21,13:38,Burger House,Hambúrguer,Eusébio,117.18,38.0,1.0,Cartão de crédito,Entregue
4113,2026-06-22,20:59,Cantinho da Massa,Massas,Maracanaú,163.64,50.0,3.0,Cartão de crédito,Entregue
4114,2026-04-21,20:41,Churrasco & Cia,Churrasco,Eusébio,116.55,49.0,4.0,Cartão de débito,Entregue
4115,2026-06-18,14:48,Açaí Tropical,Açaí,Maracanaú,93.27,54.0,1.0,Cartão de crédito,Cancelado
4116,2026-04-23,18:09,Cantinho da Massa,Massas,Caucaia,83.88,40.0,4.0,Pix,Entregue
4117,2026-02-26,16:59,Sabor Nordestino,Brasileira,Caucaia,53.66,41.0,5.0,Cartão de débito,Entregue
4118,2026-04-02,21:01,Churrasco & Cia,Churrasco,Caucaia,112.69,36.0,4.0,Cartão de débito,Entregue
4119,2026-02-17,16:24,Burger House,Hambúrguer,Eusébio,149.15,64.0,2.0,Pix,Entregue
4120,2026-02-10,17:15,Cantinho da Massa,Massas,Maracanaú,167.49,67.0,5.0,Cartão de débito,Entregue
4121,2026-01-15,21:43,Cantinho da Massa,Massas,Maracanaú,48.29,64.0,2.0,Pix,Entregue
4122,2026-04-21,16:25,Pizza Express,Pizza,Fortaleza,76.55,34.0,5.0,Dinheiro,Entregue
4123,2026-01-13,16:55,Tempero Cearense,Saudável,Eusébio,100.34,50.0,4.0,Dinheiro,Entregue
4124,2026-06-07,12:17,Cantinho da Massa,Massas,Caucaia,162.32,63.0,2.0,Pix,Entregue
4125,2026-04-20,19:45,Churrasco & Cia,Churrasco,Maracanaú,148.0,29.0,3.0,Pix,Entregue
4126,2026-05-24,18:14,Sushi Fortaleza,Sushi,Fortaleza,107.11,49.0,1.0,Cartão de crédito,Entregue
4127,2026-02-18,14:30,Tempero Cearense,Saudável,Fortaleza,148.72,56.0,2.0,Dinheiro,Cancelado
4128,2026-06-04,22:15,Sabor Nordestino,Brasileira,Fortaleza,144.14,25.0,2.0,Cartão de crédito,Entregue
4129,2026-02-25,11:32,Churrasco & Cia,Churrasco,Eusébio,24.97,55.0,2.0,Cartão de débito,Entregue
4130,2026-04-04,12:13,Pizza Express,Pizza,Eusébio,58.78,67.0,4.0,Cartão de débito,Entregue
4131,2026-03-16,22:00,Burger House,Hambúrguer,Fortaleza,46.87,17.0,2.0,Cartão de débito,Entregue
4132,2026-06-02,16:30,Burger House,Hambúrguer,Fortaleza,153.4,26.0,5.0,Pix,Entregue
4133,2026-03-04,11:42,Açaí Tropical,Açaí,Maracanaú,121.7,40.0,5.0,Cartão de crédito,Entregue
4134,2026-01-02,21:06,Pizza Express,Pizza,Maracanaú,80.19,36.0,2.0,Cartão de débito,Entregue
4135,2026-03-21,18:15,Cantinho da Massa,Massas,Eusébio,145.47,47.0,4.0,Cartão de crédito,Entregue
4136,2026-01-19,15:18,Açaí Tropical,Açaí,Caucaia,89.66,22.0,1.0,Dinheiro,Cancelado
4137,2026-01-15,21:44,Açaí Tropical,Açaí,Fortaleza,41.34,24.0,5.0,Cartão de débito,Entregue
4138,2026-03-07,10:02,Sushi Fortaleza,Sushi,Fortaleza,157.77,49.0,2.0,Pix,Entregue
4139,2026-05-26,20:07,Burger House,Hambúrguer,Eusébio,46.84,39.0,1.0,Cartão de crédito,Entregue
4140,2026-06-03,23:45,Sushi Fortaleza,Sushi,Eusébio,62.45,19.0,5.0,Cartão de débito,Entregue
4141,2026-03-31,12:45,Açaí Tropical,Açaí,Maracanaú,45.63,24.0,1.0,Cartão de débito,Entregue
4142,2026-01-29,11:27,Açaí Tropical,Açaí,Caucaia,136.09,25.0,5.0,Cartão de débito,Entregue
4143,2026-04-09,17:43,Sabor Nordestino,Brasileira,Fortaleza,139.89,20.0,4.0,Dinheiro,Entregue
4144,2026-01-29,22:27,Açaí Tropical,Açaí,Maracanaú,137.9,53.0,1.0,Cartão de débito,Entregue
4145,2026-03-27,13:32,Tempero Cearense,Saudável,Caucaia,140.64,42.0,4.0,Cartão de débito,Entregue
4146,2026-02-13,12:02,Cantinho da Massa,Massas,Fortaleza,97.33,66.0,3.0,Cartão de débito,Entregue
4147,2026-01-06,14:43,Sabor Nordestino,Brasileira,Caucaia,146.71,19.0,5.0,Pix,Entregue
4148,2026-01-16,20:21,Sabor Nordestino,Brasileira,Maracanaú,71.58,35.0,1.0,Pix,Entregue
4149,2026-02-11,18:18,Tempero Cearense,Saudável,Maracanaú,91.45,29.0,4.0,Pix,Entregue
4150,2026-06-06,17:03,Sabor Nordestino,Brasileira,Eusébio,179.39,56.0,4.0,Dinheiro,Entregue
4151,2026-03-17,23:02,Churrasco & Cia,Churrasco,Eusébio,71.51,60.0,1.0,Cartão de crédito,Entregue
4152,2026-02-11,17:10,Açaí Tropical,Açaí,Maracanaú,58.78,61.0,2.0,Cartão de débito,Entregue
4153,2026-01-31,23:44,Sushi Fortaleza,Sushi,Eusébio,21.74,21.0,1.0,Cartão de débito,Entregue
4154,2026-02-19,14:01,Tempero Cearense,Saudável,Eusébio,155.97,49.0,1.0,Cartão de crédito,Entregue
4155,2026-06-02,10:23,Sabor Nordestino,Brasileira,Eusébio,68.46,40.0,3.0,Cartão de crédito,Entregue
4156,2026-05-01,20:45,Cantinho da Massa,Massas,Maracanaú,148.32,61.0,1.0,Dinheiro,Entregue
4157,2026-04-11,14:34,Churrasco & Cia,Churrasco,Maracanaú,110.68,47.0,5.0,Dinheiro,Cancelado
4158,2026-06-11,20:05,Burger House,Hambúrguer,Caucaia,152.71,43.0,5.0,Cartão de crédito,Entregue
4159,2026-03-18,18:43,Pizza Express,Pizza,Eusébio,106.79,57.0,5.0,Cartão de crédito,Entregue
4160,2026-02-01,11:48,Cantinho da Massa,Massas,Caucaia,131.79,46.0,4.0,Dinheiro,Entregue
4161,2026-01-19,19:55,Churrasco & Cia,Churrasco,Eusébio,62.88,40.0,1.0,Cartão de crédito,Entregue
4162,2026-05-26,12:50,Pizza Express,Pizza,Maracanaú,87.55,36.0,1.0,Dinheiro,Entregue
4163,2026-04-30,22:51,Sabor Nordestino,Brasileira,Eusébio,161.49,57.0,2.0,Cartão de crédito,Entregue
4164,2026-03-31,13:19,Açaí Tropical,Açaí,Eusébio,90.47,57.0,2.0,Pix,Entregue
4165,2026-02-08,10:39,Churrasco & Cia,Churrasco,Eusébio,105.14,48.0,5.0,Dinheiro,Entregue
4166,2026-04-03,21:32,Açaí Tropical,Açaí,Eusébio,176.56,25.0,5.0,Cartão de débito,Entregue
4167,2026-03-28,21:30,Sabor Nordestino,Brasileira,Eusébio,132.0,31.0,1.0,Cartão de débito,Entregue
4168,2026-04-13,20:27,Sushi Fortaleza,Sushi,Caucaia,142.53,33.0,5.0,Pix,Entregue
4169,2026-06-23,17:15,Sushi Fortaleza,Sushi,Caucaia,135.65,40.0,3.0,Cartão de débito,Entregue
4170,2026-06-04,11:35,Tempero Cearense,Saudável,Maracanaú,84.84,65.0,2.0,Dinheiro,Entregue
4171,2026-02-27,23:15,Cantinho da Massa,Massas,Fortaleza,170.25,55.0,2.0,Cartão de crédito,Entregue
4172,2026-04-16,16:12,Sushi Fortaleza,Sushi,Caucaia,144.73,22.0,3.0,Cartão de débito,Entregue
4173,2026-04-12,21:12,Cantinho da Massa,Massas,Caucaia,48.33,70.0,4.0,Cartão de débito,Entregue
4174,2026-05-16,18:26,Burger House,Hambúrguer,Eusébio,51.19,44.0,1.0,Pix,Entregue
4175,2026-04-04,15:51,Pizza Express,Pizza,Caucaia,52.54,70.0,3.0,Cartão de débito,Entregue
4176,2026-01-27,17:21,Cantinho da Massa,Massas,Caucaia,66.88,51.0,3.0,Dinheiro,Entregue
4177,2026-02-12,22:52,Pizza Express,Pizza,Caucaia,48.74,55.0,3.0,Dinheiro,Entregue
4178,2026-01-29,15:04,Burger House,Hambúrguer,Fortaleza,39.68,41.0,3.0,Dinheiro,Entregue
4179,2026-02-14,14:42,Tempero Cearense,Saudável,Caucaia,48.49,53.0,5.0,Dinheiro,Entregue
4180,2026-04-23,21:13,Churrasco & Cia,Churrasco,Eusébio,124.29,54.0,5.0,Dinheiro,Entregue
4181,2026-06-15,19:51,Pizza Express,Pizza,Caucaia,58.38,15.0,1.0,Dinheiro,Entregue
4182,2026-01-31,14:23,Pizza Express,Pizza,Eusébio,157.06,45.0,5.0,Cartão de débito,Entregue
4183,2026-03-02,10:21,Açaí Tropical,Açaí,Eusébio,61.61,62.0,2.0,Cartão de crédito,Entregue
4184,2026-05-09,11:08,Cantinho da Massa,Massas,Maracanaú,176.75,30.0,4.0,Dinheiro,Entregue
4185,2026-03-20,13:47,Sabor Nordestino,Brasileira,Fortaleza,167.35,55.0,4.0,Cartão de crédito,Entregue
4186,2026-06-01,16:07,Sabor Nordestino,Brasileira,Maracanaú,149.44,53.0,4.0,Cartão de débito,Entregue
4187,2026-03-21,19:06,Burger House,Hambúrguer,Fortaleza,103.02,46.0,5.0,Cartão de crédito,Entregue
4188,2026-01-03,16:04,Cantinho da Massa,Massas,Maracanaú,33.36,52.0,1.0,Cartão de crédito,Entregue
4189,2026-02-12,15:00,Burger House,Hambúrguer,Eusébio,33.02,17.0,1.0,Pix,Entregue
4190,2026-02-17,17:10,Tempero Cearense,Saudável,Eusébio,122.22,22.0,2.0,Cartão de crédito,Entregue
4191,2026-01-21,14:47,Cantinho da Massa,Massas,Eusébio,79.51,69.0,4.0,Dinheiro,Entregue
4192,2026-06-08,19:52,Açaí Tropical,Açaí,Caucaia,46.23,18.0,1.0,Pix,Entregue
4193,2026-03-11,12:16,Tempero Cearense,Saudável,Fortaleza,122.66,29.0,4.0,Cartão de débito,Entregue
4194,2026-05-17,16:04,Churrasco & Cia,Churrasco,Caucaia,47.15,60.0,3.0,Pix,Entregue
4195,2026-03-24,20:30,Tempero Cearense,Saudável,Eusébio,163.26,46.0,5.0,Cartão de débito,Entregue
4196,2026-01-08,15:20,Açaí Tropical,Açaí,Maracanaú,111.97,57.0,5.0,Cartão de débito,Entregue
4197,2026-04-22,10:30,Cantinho da Massa,Massas,Fortaleza,26.46,52.0,2.0,Pix,Entregue
4198,2026-05-18,11:20,Sabor Nordestino,Brasileira,Caucaia,150.77,29.0,5.0,Cartão de crédito,Cancelado
4199,2026-03-29,22:27,Sabor Nordestino,Brasileira,Eusébio,104.92,64.0,5.0,Dinheiro,Entregue
4200,2026-04-09,16:45,Sabor Nordestino,Brasileira,Maracanaú,53.84,34.0,4.0,Dinheiro,Entregue
4201,2026-05-05,15:54,Pizza Express,Pizza,Eusébio,33.93,20.0,5.0,Pix,Entregue
4202,2026-02-12,20:08,Tempero Cearense,Saudável,Caucaia,154.15,33.0,1.0,Cartão de crédito,Entregue
4203,2026-02-03,23:17,Churrasco & Cia,Churrasco,Caucaia,29.74,37.0,5.0,Cartão de débito,Entregue
4204,2026-04-06,13:21,Burger House,Hambúrguer,Caucaia,122.55,45.0,4.0,Pix,Entregue
4205,2026-04-25,21:57,Tempero Cearense,Saudável,Caucaia,143.75,35.0,4.0,Cartão de débito,Entregue
4206,2026-03-06,18:51,Churrasco & Cia,Churrasco,Eusébio,72.84,25.0,2.0,Pix,Entregue
4207,2026-05-22,23:18,Tempero Cearense,Saudável,Maracanaú,146.9,69.0,1.0,Cartão de crédito,Entregue
4208,2026-03-25,22:10,Burger House,Hambúrguer,Maracanaú,114.24,55.0,2.0,Pix,Entregue
4209,2026-04-20,15:56,Burger House,Hambúrguer,Eusébio,145.85,40.0,4.0,Pix,Entregue
4210,2026-05-30,19:39,Sabor Nordestino,Brasileira,Eusébio,29.64,29.0,5.0,Pix,Entregue
4211,2026-04-23,10:03,Cantinho da Massa,Massas,Fortaleza,74.8,60.0,1.0,Cartão de débito,Entregue
4212,2026-04-17,19:47,Churrasco & Cia,Churrasco,Maracanaú,162.23,29.0,5.0,Pix,Entregue
4213,2026-02-21,20:38,Açaí Tropical,Açaí,Maracanaú,132.87,36.0,2.0,Pix,Entregue
4214,2026-03-21,12:46,Tempero Cearense,Saudável,Eusébio,23.48,18.0,5.0,Pix,Entregue
4215,2026-04-12,22:15,Sushi Fortaleza,Sushi,Caucaia,161.62,19.0,1.0,Dinheiro,Entregue
4216,2026-02-18,17:09,Burger House,Hambúrguer,Maracanaú,164.31,53.0,2.0,Cartão de débito,Entregue
4217,2026-01-11,14:06,Pizza Express,Pizza,Maracanaú,33.6,66.0,4.0,Cartão de crédito,Cancelado
4218,2026-02-21,23:47,Sushi Fortaleza,Sushi,Fortaleza,100.74,38.0,3.0,Pix,Entregue
4219,2026-06-16,14:15,Tempero Cearense,Saudável,Maracanaú,28.68,26.0,1.0,Cartão de débito,Entregue
4220,2026-05-01,18:34,Sabor Nordestino,Brasileira,Eusébio,129.46,19.0,1.0,Cartão de débito,Entregue
4221,2026-05-05,21:46,Tempero Cearense,Saudável,Maracanaú,170.33,65.0,4.0,Dinheiro,Entregue
4222,2026-04-17,15:48,Açaí Tropical,Açaí,Maracanaú,69.78,37.0,3.0,Pix,Entregue
4223,2026-01-15,13:16,Pizza Express,Pizza,Caucaia,148.95,59.0,3.0,Cartão de débito,Entregue
4224,2026-01-29,11:57,Sabor Nordestino,Brasileira,Eusébio,81.09,28.0,5.0,Pix,Entregue
4225,2026-03-02,23:03,Burger House,Hambúrguer,Eusébio,130.58,27.0,1.0,Cartão de débito,Entregue
4226,2026-01-18,14:41,Churrasco & Cia,Churrasco,Caucaia,139.47,16.0,4.0,Cartão de crédito,Entregue
4227,2026-03-06,10:27,Burger House,Hambúrguer,Maracanaú,22.27,43.0,3.0,Cartão de crédito,Entregue
4228,2026-02-01,21:52,Cantinho da Massa,Massas,Caucaia,150.39,45.0,4.0,Cartão de débito,Entregue
4229,2026-04-18,14:35,Sushi Fortaleza,Sushi,Caucaia,125.74,44.0,5.0,Dinheiro,Entregue
4230,2026-02-14,19:18,Sabor Nordestino,Brasileira,Maracanaú,110.69,67.0,4.0,Cartão de débito,Entregue
4231,2026-06-20,10:10,Sushi Fortaleza,Sushi,Caucaia,101.16,28.0,4.0,Dinheiro,Entregue
4232,2026-02-11,15:34,Burger House,Hambúrguer,Caucaia,104.92,64.0,5.0,Cartão de crédito,Entregue
4233,2026-05-31,14:53,Churrasco & Cia,Churrasco,Fortaleza,81.45,61.0,3.0,Cartão de crédito,Entregue
4234,2026-06-29,19:17,Churrasco & Cia,Churrasco,Maracanaú,125.09,33.0,3.0,Dinheiro,Entregue
4235,2026-03-24,12:15,Sabor Nordestino,Brasileira,Fortaleza,61.25,38.0,2.0,Pix,Entregue
4236,2026-05-15,16:31,Churrasco & Cia,Churrasco,Caucaia,60.9,15.0,1.0,Dinheiro,Entregue
4237,2026-06-03,20:22,Sabor Nordestino,Brasileira,Fortaleza,162.93,34.0,4.0,Dinheiro,Entregue
4238,2026-06-07,20:48,Sushi Fortaleza,Sushi,Maracanaú,98.41,63.0,3.0,Cartão de crédito,Entregue
4239,2026-05-09,21:01,Sabor Nordestino,Brasileira,Caucaia,126.57,44.0,4.0,Cartão de crédito,Entregue
4240,2026-05-07,13:17,Tempero Cearense,Saudável,Fortaleza,127.67,21.0,4.0,Cartão de crédito,Entregue
4241,2026-03-18,10:47,Açaí Tropical,Açaí,Eusébio,148.3,62.0,1.0,Dinheiro,Entregue
4242,2026-03-31,17:20,Burger House,Hambúrguer,Maracanaú,75.25,56.0,2.0,Cartão de débito,Entregue
4243,2026-05-24,22:25,Açaí Tropical,Açaí,Caucaia,167.27,37.0,1.0,Dinheiro,Entregue
4244,2026-04-11,18:59,Pizza Express,Pizza,Caucaia,77.37,44.0,1.0,Pix,Entregue
4245,2026-04-17,20:26,Pizza Express,Pizza,Maracanaú,86.33,52.0,3.0,Cartão de crédito,Entregue
4246,2026-04-18,21:15,Tempero Cearense,Saudável,Caucaia,85.17,15.0,3.0,Pix,Entregue
4247,2026-06-28,16:07,Pizza Express,Pizza,Eusébio,53.13,36.0,4.0,Cartão de débito,Entregue
4248,2026-03-08,15:59,Pizza Express,Pizza,Eusébio,79.71,53.0,4.0,Cartão de crédito,Entregue
4249,2026-01-21,12:41,Tempero Cearense,Saudável,Maracanaú,155.31,34.0,5.0,Dinheiro,Entregue
4250,2026-05-22,14:33,Açaí Tropical,Açaí,Maracanaú,138.32,20.0,5.0,Dinheiro,Entregue
4251,2026-01-15,15:10,Açaí Tropical,Açaí,Fortaleza,61.58,28.0,4.0,Cartão de débito,Entregue
4252,2026-03-30,23:36,Pizza Express,Pizza,Maracanaú,60.07,30.0,1.0,Cartão de crédito,Entregue
4253,2026-03-14,16:37,Sabor Nordestino,Brasileira,Fortaleza,98.06,28.0,1.0,Cartão de crédito,Entregue
4254,2026-05-09,23:27,Sushi Fortaleza,Sushi,Maracanaú,179.39,56.0,1.0,Pix,Entregue
4255,2026-02-27,22:24,Sabor Nordestino,Brasileira,Maracanaú,146.1,26.0,2.0,Cartão de crédito,Entregue
4256,2026-03-31,16:30,Sushi Fortaleza,Sushi,Caucaia,98.45,38.0,4.0,Pix,Entregue
4257,2026-06-05,18:19,Pizza Express,Pizza,Fortaleza,147.88,15.0,1.0,Cartão de débito,Entregue
4258,2026-02-10,17:13,Sabor Nordestino,Brasileira,Eusébio,140.38,34.0,5.0,Cartão de débito,Entregue
4259,2026-03-19,23:44,Tempero Cearense,Saudável,Eusébio,139.7,35.0,2.0,Cartão de débito,Entregue
4260,2026-04-16,11:07,Burger House,Hambúrguer,Fortaleza,174.45,68.0,5.0,Cartão de crédito,Entregue
4261,2026-04-20,23:52,Churrasco & Cia,Churrasco,Maracanaú,174.65,57.0,1.0,Pix,Entregue
4262,2026-06-16,20:55,Pizza Express,Pizza,Fortaleza,35.02,25.0,5.0,Cartão de crédito,Entregue
4263,2026-06-04,10:51,Sushi Fortaleza,Sushi,Maracanaú,87.82,40.0,2.0,Dinheiro,Entregue
4264,2026-06-07,14:30,Burger House,Hambúrguer,Fortaleza,124.01,25.0,4.0,Pix,Entregue
4265,2026-03-13,15:00,Sushi Fortaleza,Sushi,Eusébio,176.35,46.0,5.0,Cartão de crédito,Entregue
4266,2026-06-20,20:38,Cantinho da Massa,Massas,Fortaleza,153.22,46.0,3.0,Cartão de débito,Entregue
4267,2026-06-26,13:42,Pizza Express,Pizza,Eusébio,44.85,31.0,3.0,Cartão de débito,Entregue
4268,2026-04-25,21:21,Tempero Cearense,Saudável,Maracanaú,152.87,52.0,3.0,Cartão de crédito,Entregue
4269,2026-03-05,10:23,Tempero Cearense,Saudável,Maracanaú,108.87,44.0,1.0,Cartão de débito,Entregue
4270,2026-04-12,15:09,Cantinho da Massa,Massas,Caucaia,147.28,53.0,1.0,Pix,Entregue
4271,2026-06-03,18:15,Burger House,Hambúrguer,Fortaleza,165.11,19.0,3.0,Cartão de crédito,Entregue
4272,2026-04-30,17:31,Tempero Cearense,Saudável,Caucaia,111.9,30.0,4.0,Cartão de crédito,Entregue
4273,2026-04-01,17:26,Churrasco & Cia,Churrasco,Eusébio,101.3,25.0,2.0,Dinheiro,Entregue
4274,2026-05-26,20:20,Cantinho da Massa,Massas,Fortaleza,162.3,23.0,5.0,Pix,Entregue
4275,2026-03-09,19:49,Cantinho da Massa,Massas,Eusébio,127.34,62.0,3.0,Pix,Entregue
4276,2026-04-15,23:25,Pizza Express,Pizza,Eusébio,166.97,49.0,4.0,Pix,Entregue
4277,2026-01-05,22:47,Sabor Nordestino,Brasileira,Fortaleza,131.59,53.0,3.0,Dinheiro,Entregue
4278,2026-05-12,13:09,Sushi Fortaleza,Sushi,Caucaia,173.48,63.0,5.0,Cartão de débito,Entregue
4279,2026-01-04,11:37,Cantinho da Massa,Massas,Fortaleza,44.68,44.0,1.0,Dinheiro,Entregue
4280,2026-05-24,22:20,Sushi Fortaleza,Sushi,Maracanaú,25.49,48.0,4.0,Cartão de crédito,Cancelado
4281,2026-04-23,12:00,Burger House,Hambúrguer,Fortaleza,164.38,29.0,2.0,Cartão de crédito,Entregue
4282,2026-02-10,10:48,Tempero Cearense,Saudável,Maracanaú,156.39,42.0,2.0,Dinheiro,Entregue
4283,2026-01-05,13:41,Açaí Tropical,Açaí,Eusébio,67.24,31.0,5.0,Cartão de débito,Cancelado
4284,2026-04-07,15:26,Açaí Tropical,Açaí,Fortaleza,93.6,21.0,5.0,Cartão de crédito,Entregue
4285,2026-06-18,23:20,Açaí Tropical,Açaí,Caucaia,154.24,69.0,2.0,Dinheiro,Entregue
4286,2026-01-09,15:16,Tempero Cearense,Saudável,Maracanaú,52.2,30.0,1.0,Dinheiro,Entregue
4287,2026-06-02,10:37,Churrasco & Cia,Churrasco,Caucaia,178.04,50.0,5.0,Dinheiro,Entregue
4288,2026-03-03,21:42,Sabor Nordestino,Brasileira,Caucaia,102.8,47.0,4.0,Cartão de crédito,Entregue
4289,2026-02-11,15:13,Pizza Express,Pizza,Eusébio,174.82,66.0,2.0,Dinheiro,Entregue
4290,2026-04-18,12:20,Cantinho da Massa,Massas,Maracanaú,144.38,18.0,1.0,Pix,Entregue
4291,2026-03-20,10:54,Pizza Express,Pizza,Caucaia,81.78,68.0,3.0,Dinheiro,Entregue
4292,2026-01-04,10:01,Pizza Express,Pizza,Fortaleza,174.59,17.0,4.0,Cartão de débito,Entregue
4293,2026-03-23,14:25,Açaí Tropical,Açaí,Eusébio,120.93,61.0,4.0,Pix,Entregue
4294,2026-04-13,22:36,Sushi Fortaleza,Sushi,Fortaleza,108.72,32.0,1.0,Cartão de débito,Entregue
4295,2026-05-16,15:36,Tempero Cearense,Saudável,Maracanaú,30.83,29.0,2.0,Cartão de crédito,Entregue
4296,2026-01-04,15:18,Burger House,Hambúrguer,Caucaia,124.76,60.0,2.0,Pix,Entregue
4297,2026-01-27,11:57,Sabor Nordestino,Brasileira,Eusébio,140.91,53.0,3.0,Cartão de crédito,Entregue
4298,2026-02-12,20:36,Cantinho da Massa,Massas,Fortaleza,152.11,35.0,5.0,Dinheiro,Entregue
4299,2026-05-31,10:46,Sushi Fortaleza,Sushi,Eusébio,59.5,49.0,4.0,Dinheiro,Cancelado
4300,2026-04-10,23:27,Sabor Nordestino,Brasileira,Maracanaú,153.02,68.0,5.0,Pix,Entregue
4301,2026-01-19,13:49,Cantinho da Massa,Massas,Fortaleza,123.63,51.0,5.0,Dinheiro,Entregue
4302,2026-05-17,17:18,Cantinho da Massa,Massas,Eusébio,23.42,21.0,5.0,Cartão de débito,Entregue
4303,2026-02-11,21:48,Sushi Fortaleza,Sushi,Maracanaú,132.9,26.0,4.0,Dinheiro,Entregue
4304,2026-02-12,10:30,Pizza Express,Pizza,Caucaia,169.34,50.0,1.0,Pix,Entregue
4305,2026-02-27,23:55,Pizza Express,Pizza,Fortaleza,150.03,47.0,4.0,Cartão de crédito,Entregue
4306,2026-04-25,16:53,Açaí Tropical,Açaí,Maracanaú,31.44,23.0,5.0,Cartão de débito,Entregue
4307,2026-02-28,10:58,Burger House,Hambúrguer,Maracanaú,71.13,43.0,3.0,Cartão de crédito,Entregue
4308,2026-06-09,22:58,Burger House,Hambúrguer,Eusébio,128.73,15.0,2.0,Dinheiro,Entregue
4309,2026-04-23,17:33,Açaí Tropical,Açaí,Fortaleza,115.14,56.0,2.0,Pix,Entregue
4310,2026-05-01,20:59,Burger House,Hambúrguer,Maracanaú,71.78,63.0,4.0,Cartão de crédito,Entregue
4311,2026-04-14,14:36,Tempero Cearense,Saudável,Maracanaú,171.68,59.0,3.0,Cartão de crédito,Entregue
4312,2026-03-21,15:14,Açaí Tropical,Açaí,Caucaia,142.48,37.0,4.0,Pix,Cancelado
4313,2026-03-18,20:51,Burger House,Hambúrguer,Caucaia,42.32,41.0,5.0,Cartão de crédito,Entregue
4314,2026-05-14,15:06,Pizza Express,Pizza,Fortaleza,70.35,42.0,4.0,Cartão de débito,Entregue
4315,2026-05-20,23:22,Pizza Express,Pizza,Caucaia,93.59,33.0,4.0,Dinheiro,Cancelado
4316,2026-06-16,15:03,Tempero Cearense,Saudável,Fortaleza,175.29,49.0,2.0,Cartão de débito,Cancelado
4317,2026-05-30,13:16,Tempero Cearense,Saudável,Caucaia,132.41,26.0,4.0,Pix,Entregue
4318,2026-04-20,10:15,Cantinho da Massa,Massas,Caucaia,80.29,59.0,2.0,Cartão de débito,Entregue
4319,2026-05-28,12:15,Cantinho da Massa,Massas,Caucaia,42.15,64.0,3.0,Dinheiro,Entregue
4320,2026-01-20,15:55,Churrasco & Cia,Churrasco,Maracanaú,156.52,55.0,2.0,Dinheiro,Entregue
4321,2026-05-20,10:52,Sushi Fortaleza,Sushi,Eusébio,173.84,58.0,2.0,Dinheiro,Entregue
4322,2026-01-29,20:33,Tempero Cearense,Saudável,Eusébio,134.44,59.0,5.0,Dinheiro,Entregue
4323,2026-04-29,21:16,Açaí Tropical,Açaí,Maracanaú,135.73,26.0,2.0,Dinheiro,Entregue
4324,2026-06-25,18:22,Cantinho da Massa,Massas,Maracanaú,109.64,43.0,2.0,Dinheiro,Entregue
4325,2026-05-27,23:12,Pizza Express,Pizza,Eusébio,48.62,51.0,3.0,Cartão de crédito,Entregue
4326,2026-02-14,21:14,Burger House,Hambúrguer,Fortaleza,158.73,63.0,4.0,Cartão de débito,Entregue
4327,2026-06-25,19:16,Pizza Express,Pizza,Caucaia,63.93,38.0,3.0,Cartão de crédito,Entregue
4328,2026-06-06,12:20,Sushi Fortaleza,Sushi,Fortaleza,61.8,15.0,1.0,Cartão de débito,Entregue
4329,2026-02-27,10:12,Burger House,Hambúrguer,Eusébio,88.97,27.0,3.0,Pix,Entregue
4330,2026-01-03,14:28,Tempero Cearense,Saudável,Caucaia,90.88,42.0,5.0,Dinheiro,Entregue
4331,2026-01-24,13:09,Churrasco & Cia,Churrasco,Fortaleza,103.92,26.0,5.0,Dinheiro,Entregue
4332,2026-03-22,16:18,Sushi Fortaleza,Sushi,Caucaia,90.12,18.0,5.0,Cartão de débito,Entregue
4333,2026-05-28,12:54,Churrasco & Cia,Churrasco,Maracanaú,48.33,53.0,3.0,Dinheiro,Entregue
4334,2026-06-20,13:25,Sushi Fortaleza,Sushi,Fortaleza,83.46,30.0,1.0,Pix,Entregue
4335,2026-01-27,17:10,Tempero Cearense,Saudável,Eusébio,102.26,15.0,2.0,Cartão de débito,Entregue
4336,2026-04-14,14:38,Sabor Nordestino,Brasileira,Caucaia,145.26,57.0,4.0,Pix,Entregue
4337,2026-06-11,11:27,Sushi Fortaleza,Sushi,Caucaia,156.52,60.0,2.0,Cartão de crédito,Entregue
4338,2026-01-25,10:45,Pizza Express,Pizza,Maracanaú,85.93,64.0,4.0,Dinheiro,Entregue
4339,2026-02-06,18:17,Churrasco & Cia,Churrasco,Caucaia,68.96,33.0,1.0,Pix,Entregue
4340,2026-04-07,12:10,Churrasco & Cia,Churrasco,Fortaleza,142.21,21.0,1.0,Pix,Entregue
4341,2026-01-21,10:24,Tempero Cearense,Saudável,Fortaleza,138.36,65.0,1.0,Cartão de débito,Entregue
4342,2026-01-02,14:26,Sabor Nordestino,Brasileira,Fortaleza,90.75,54.0,3.0,Cartão de débito,Entregue
4343,2026-06-12,19:06,Tempero Cearense,Saudável,Eusébio,164.24,32.0,1.0,Cartão de crédito,Entregue
4344,2026-06-10,17:34,Cantinho da Massa,Massas,Caucaia,177.88,70.0,2.0,Cartão de débito,Entregue
4345,2026-04-21,15:03,Burger House,Hambúrguer,Caucaia,44.46,28.0,5.0,Cartão de débito,Entregue
4346,2026-03-07,23:53,Sabor Nordestino,Brasileira,Maracanaú,32.2,19.0,1.0,Dinheiro,Entregue
4347,2026-06-07,18:23,Sabor Nordestino,Brasileira,Eusébio,59.02,57.0,1.0,Pix,Entregue
4348,2026-01-08,23:27,Tempero Cearense,Saudável,Maracanaú,35.09,49.0,3.0,Cartão de débito,Entregue
4349,2026-06-18,13:49,Pizza Express,Pizza,Maracanaú,142.23,31.0,4.0,Pix,Entregue
4350,2026-01-17,12:36,Burger House,Hambúrguer,Caucaia,140.6,52.0,2.0,Cartão de débito,Entregue
4351,2026-02-16,18:42,Pizza Express,Pizza,Caucaia,145.78,26.0,1.0,Pix,Entregue
4352,2026-04-23,23:25,Sabor Nordestino,Brasileira,Fortaleza,175.55,25.0,4.0,Dinheiro,Entregue
4353,2026-01-12,23:20,Sabor Nordestino,Brasileira,Maracanaú,137.87,60.0,2.0,Pix,Entregue
4354,2026-06-03,11:14,Cantinho da Massa,Massas,Eusébio,28.67,67.0,2.0,Pix,Entregue
4355,2026-02-13,17:16,Tempero Cearense,Saudável,Eusébio,146.13,30.0,5.0,Cartão de débito,Entregue
4356,2026-03-14,14:03,Sushi Fortaleza,Sushi,Maracanaú,122.78,37.0,3.0,Cartão de débito,Entregue
4357,2026-06-01,14:09,Churrasco & Cia,Churrasco,Fortaleza,50.57,16.0,5.0,Dinheiro,Entregue
4358,2026-01-25,14:35,Tempero Cearense,Saudável,Eusébio,152.72,52.0,1.0,Pix,Entregue
4359,2026-03-27,10:48,Cantinho da Massa,Massas,Maracanaú,125.73,36.0,5.0,Cartão de crédito,Entregue
4360,2026-01-31,18:08,Sushi Fortaleza,Sushi,Maracanaú,98.12,21.0,1.0,Cartão de crédito,Entregue
4361,2026-03-15,14:30,Sushi Fortaleza,Sushi,Fortaleza,130.69,45.0,1.0,Dinheiro,Entregue
4362,2026-01-03,10:12,Cantinho da Massa,Massas,Caucaia,83.12,58.0,5.0,Pix,Entregue
4363,2026-05-16,16:21,Açaí Tropical,Açaí,Eusébio,96.62,64.0,3.0,Dinheiro,Entregue
4364,2026-01-02,17:08,Sushi Fortaleza,Sushi,Maracanaú,80.55,18.0,3.0,Dinheiro,Entregue
4365,2026-02-07,10:35,Pizza Express,Pizza,Fortaleza,50.87,48.0,5.0,Cartão de débito,Entregue
4366,2026-02-09,15:53,Burger House,Hambúrguer,Caucaia,20.76,28.0,5.0,Cartão de débito,Entregue
4367,2026-01-30,16:01,Burger House,Hambúrguer,Maracanaú,117.23,60.0,3.0,Dinheiro,Cancelado
4368,2026-04-06,12:44,Tempero Cearense,Saudável,Maracanaú,109.7,50.0,1.0,Cartão de débito,Entregue
4369,2026-01-26,16:12,Tempero Cearense,Saudável,Maracanaú,103.72,44.0,3.0,Cartão de débito,Entregue
4370,2026-06-15,18:04,Sushi Fortaleza,Sushi,Caucaia,59.06,39.0,3.0,Cartão de débito,Entregue
4371,2026-05-12,13:48,Sushi Fortaleza,Sushi,Fortaleza,53.47,54.0,3.0,Cartão de débito,Entregue
4372,2026-02-04,21:44,Tempero Cearense,Saudável,Fortaleza,103.51,49.0,3.0,Cartão de débito,Entregue
4373,2026-05-24,23:29,Sushi Fortaleza,Sushi,Caucaia,132.77,16.0,1.0,Cartão de crédito,Entregue
4374,2026-06-04,17:53,Cantinho da Massa,Massas,Maracanaú,176.52,32.0,4.0,Cartão de débito,Entregue
4375,2026-06-17,17:54,Açaí Tropical,Açaí,Fortaleza,64.07,52.0,5.0,Cartão de crédito,Entregue
4376,2026-04-17,17:34,Pizza Express,Pizza,Caucaia,78.34,65.0,4.0,Pix,Entregue
4377,2026-04-26,13:39,Tempero Cearense,Saudável,Fortaleza,144.77,17.0,2.0,Pix,Entregue
4378,2026-05-01,13:58,Tempero Cearense,Saudável,Fortaleza,167.6,48.0,1.0,Pix,Entregue
4379,2026-06-30,20:31,Churrasco & Cia,Churrasco,Maracanaú,119.98,32.0,2.0,Cartão de crédito,Entregue
4380,2026-02-11,22:06,Açaí Tropical,Açaí,Maracanaú,148.3,58.0,4.0,Cartão de crédito,Entregue
4381,2026-05-10,17:11,Sushi Fortaleza,Sushi,Maracanaú,59.56,63.0,1.0,Cartão de crédito,Entregue
4382,2026-05-18,23:21,Açaí Tropical,Açaí,Maracanaú,91.88,22.0,2.0,Dinheiro,Entregue
4383,2026-05-03,21:10,Pizza Express,Pizza,Eusébio,154.56,52.0,1.0,Cartão de débito,Entregue
4384,2026-05-24,19:41,Churrasco & Cia,Churrasco,Eusébio,61.32,58.0,5.0,Cartão de crédito,Entregue
4385,2026-04-14,10:40,Cantinho da Massa,Massas,Fortaleza,135.05,37.0,5.0,Pix,Entregue
4386,2026-02-19,17:45,Sushi Fortaleza,Sushi,Fortaleza,132.99,32.0,2.0,Dinheiro,Entregue
4387,2026-02-22,11:33,Churrasco & Cia,Churrasco,Caucaia,110.48,46.0,1.0,Dinheiro,Entregue
4388,2026-04-22,22:39,Cantinho da Massa,Massas,Caucaia,107.59,69.0,1.0,Pix,Entregue
4389,2026-01-01,10:03,Cantinho da Massa,Massas,Fortaleza,145.5,38.0,4.0,Cartão de crédito,Entregue
4390,2026-02-01,10:46,Tempero Cearense,Saudável,Caucaia,175.04,17.0,4.0,Dinheiro,Entregue
4391,2026-04-16,18:47,Burger House,Hambúrguer,Eusébio,137.28,47.0,3.0,Pix,Entregue
4392,2026-02-22,21:17,Cantinho da Massa,Massas,Maracanaú,112.12,62.0,5.0,Cartão de débito,Entregue
4393,2026-04-06,11:51,Açaí Tropical,Açaí,Eusébio,149.99,41.0,3.0,Pix,Entregue
4394,2026-04-04,18:57,Açaí Tropical,Açaí,Eusébio,172.76,45.0,1.0,Cartão de crédito,Entregue
4395,2026-03-24,13:37,Burger House,Hambúrguer,Caucaia,123.61,52.0,1.0,Dinheiro,Entregue
4396,2026-05-07,17:07,Churrasco & Cia,Churrasco,Eusébio,134.35,15.0,1.0,Dinheiro,Entregue
4397,2026-02-27,21:01,Cantinho da Massa,Massas,Fortaleza,174.08,25.0,3.0,Dinheiro,Cancelado
4398,2026-01-16,10:18,Pizza Express,Pizza,Eusébio,164.06,41.0,4.0,Dinheiro,Entregue
4399,2026-02-07,17:49,Sabor Nordestino,Brasileira,Maracanaú,37.68,24.0,4.0,Dinheiro,Entregue
4400,2026-04-21,13:47,Churrasco & Cia,Churrasco,Fortaleza,85.67,65.0,3.0,Cartão de débito,Cancelado
4401,2026-04-28,12:36,Sabor Nordestino,Brasileira,Caucaia,53.71,50.0,1.0,Dinheiro,Entregue
4402,2026-04-15,17:25,Burger House,Hambúrguer,Eusébio,155.71,43.0,1.0,Cartão de débito,Entregue
4403,2026-03-21,13:04,Tempero Cearense,Saudável,Eusébio,111.93,35.0,5.0,Pix,Cancelado
4404,2026-03-11,17:08,Churrasco & Cia,Churrasco,Maracanaú,28.67,33.0,4.0,Dinheiro,Cancelado
4405,2026-05-12,12:41,Sabor Nordestino,Brasileira,Eusébio,89.73,16.0,4.0,Cartão de crédito,Entregue
4406,2026-06-29,15:02,Burger House,Hambúrguer,Maracanaú,165.65,30.0,3.0,Cartão de crédito,Entregue
4407,2026-05-01,13:05,Burger House,Hambúrguer,Eusébio,146.87,58.0,1.0,Dinheiro,Entregue
4408,2026-04-22,16:20,Cantinho da Massa,Massas,Fortaleza,71.89,62.0,2.0,Pix,Entregue
4409,2026-06-16,11:44,Tempero Cearense,Saudável,Caucaia,55.4,29.0,2.0,Dinheiro,Entregue
4410,2026-04-30,18:42,Sabor Nordestino,Brasileira,Caucaia,108.64,19.0,2.0,Cartão de crédito,Cancelado
4411,2026-04-26,13:11,Pizza Express,Pizza,Eusébio,80.51,66.0,4.0,Dinheiro,Entregue
4412,2026-03-27,23:23,Burger House,Hambúrguer,Maracanaú,37.63,22.0,1.0,Dinheiro,Entregue
4413,2026-03-31,20:23,Açaí Tropical,Açaí,Fortaleza,78.27,25.0,5.0,Pix,Entregue
4414,2026-04-13,18:31,Cantinho da Massa,Massas,Caucaia,34.82,64.0,2.0,Pix,Entregue
4415,2026-05-31,19:53,Tempero Cearense,Saudável,Eusébio,169.24,35.0,5.0,Dinheiro,Entregue
4416,2026-04-13,13:20,Tempero Cearense,Saudável,Fortaleza,25.6,56.0,2.0,Pix,Entregue
4417,2026-01-17,15:05,Açaí Tropical,Açaí,Maracanaú,131.17,38.0,1.0,Cartão de débito,Entregue
4418,2026-05-14,14:37,Churrasco & Cia,Churrasco,Eusébio,30.71,26.0,4.0,Cartão de débito,Entregue
4419,2026-03-06,22:55,Churrasco & Cia,Churrasco,Fortaleza,127.05,54.0,4.0,Dinheiro,Entregue
4420,2026-01-29,13:17,Tempero Cearense,Saudável,Fortaleza,83.47,58.0,4.0,Cartão de crédito,Entregue
4421,2026-06-29,22:58,Tempero Cearense,Saudável,Caucaia,59.72,66.0,2.0,Cartão de débito,Entregue
4422,2026-03-08,22:28,Sabor Nordestino,Brasileira,Fortaleza,176.84,15.0,1.0,Pix,Entregue
4423,2026-01-28,12:37,Açaí Tropical,Açaí,Fortaleza,118.47,49.0,3.0,Cartão de crédito,Entregue
4424,2026-05-23,19:56,Cantinho da Massa,Massas,Eusébio,91.59,65.0,3.0,Cartão de crédito,Entregue
4425,2026-04-13,18:07,Açaí Tropical,Açaí,Eusébio,21.33,15.0,5.0,Cartão de crédito,Entregue
4426,2026-05-19,22:37,Sabor Nordestino,Brasileira,Caucaia,156.44,47.0,1.0,Cartão de crédito,Entregue
4427,2026-02-19,13:18,Sabor Nordestino,Brasileira,Caucaia,179.04,50.0,1.0,Cartão de crédito,Entregue
4428,2026-02-26,15:41,Tempero Cearense,Saudável,Fortaleza,121.56,21.0,2.0,Cartão de crédito,Entregue
4429,2026-06-29,16:36,Cantinho da Massa,Massas,Maracanaú,23.53,23.0,1.0,Cartão de débito,Entregue
4430,2026-03-16,16:28,Tempero Cearense,Saudável,Caucaia,43.07,22.0,2.0,Pix,Entregue
4431,2026-02-18,16:49,Burger House,Hambúrguer,Fortaleza,93.13,66.0,3.0,Pix,Entregue
4432,2026-06-26,21:20,Pizza Express,Pizza,Eusébio,82.21,70.0,5.0,Cartão de débito,Entregue
4433,2026-02-27,11:46,Cantinho da Massa,Massas,Maracanaú,79.11,58.0,3.0,Dinheiro,Entregue
4434,2026-01-31,22:26,Tempero Cearense,Saudável,Caucaia,98.55,70.0,5.0,Cartão de crédito,Entregue
4435,2026-03-15,19:39,Churrasco & Cia,Churrasco,Fortaleza,68.51,47.0,5.0,Dinheiro,Entregue
4436,2026-01-26,16:17,Churrasco & Cia,Churrasco,Fortaleza,104.54,24.0,5.0,Pix,Entregue
4437,2026-02-03,22:08,Sushi Fortaleza,Sushi,Fortaleza,95.48,24.0,3.0,Dinheiro,Entregue
4438,2026-01-25,12:26,Pizza Express,Pizza,Eusébio,127.12,51.0,3.0,Pix,Entregue
4439,2026-03-24,18:25,Pizza Express,Pizza,Fortaleza,130.05,69.0,5.0,Cartão de débito,Entregue
4440,2026-03-21,10:33,Sushi Fortaleza,Sushi,Caucaia,63.41,67.0,3.0,Cartão de débito,Entregue
4441,2026-05-02,18:33,Churrasco & Cia,Churrasco,Fortaleza,114.32,15.0,4.0,Dinheiro,Entregue
4442,2026-06-06,13:11,Churrasco & Cia,Churrasco,Maracanaú,149.64,44.0,4.0,Cartão de débito,Entregue
4443,2026-04-17,18:15,Pizza Express,Pizza,Eusébio,95.2,29.0,3.0,Cartão de crédito,Entregue
4444,2026-06-06,21:38,Churrasco & Cia,Churrasco,Caucaia,121.56,45.0,5.0,Cartão de crédito,Entregue
4445,2026-02-04,18:01,Pizza Express,Pizza,Maracanaú,99.54,58.0,1.0,Dinheiro,Entregue
4446,2026-03-17,15:55,Sabor Nordestino,Brasileira,Eusébio,139.82,57.0,5.0,Pix,Entregue
4447,2026-02-27,22:23,Sushi Fortaleza,Sushi,Caucaia,35.28,68.0,3.0,Cartão de débito,Entregue
4448,2026-01-08,21:13,Burger House,Hambúrguer,Eusébio,137.75,22.0,5.0,Dinheiro,Entregue
4449,2026-04-20,17:54,Sabor Nordestino,Brasileira,Maracanaú,87.52,46.0,3.0,Dinheiro,Entregue
4450,2026-06-12,12:48,Sabor Nordestino,Brasileira,Fortaleza,32.72,70.0,1.0,Pix,Entregue
4451,2026-02-28,18:16,Sushi Fortaleza,Sushi,Maracanaú,155.39,26.0,4.0,Cartão de crédito,Entregue
4452,2026-06-14,18:28,Açaí Tropical,Açaí,Maracanaú,145.74,63.0,3.0,Cartão de débito,Entregue
4453,2026-03-14,12:08,Churrasco & Cia,Churrasco,Eusébio,114.64,54.0,2.0,Cartão de débito,Entregue
4454,2026-04-03,22:31,Açaí Tropical,Açaí,Maracanaú,143.19,44.0,4.0,Pix,Entregue
4455,2026-06-22,15:03,Burger House,Hambúrguer,Fortaleza,125.34,48.0,5.0,Pix,Entregue
4456,2026-01-26,14:33,Cantinho da Massa,Massas,Maracanaú,179.24,29.0,4.0,Cartão de débito,Entregue
4457,2026-05-30,23:25,Açaí Tropical,Açaí,Caucaia,48.22,65.0,1.0,Pix,Entregue
4458,2026-06-26,20:44,Sushi Fortaleza,Sushi,Caucaia,126.14,65.0,5.0,Pix,Entregue
4459,2026-05-02,10:56,Tempero Cearense,Saudável,Eusébio,129.2,26.0,5.0,Pix,Entregue
4460,2026-06-15,20:03,Burger House,Hambúrguer,Caucaia,69.68,20.0,4.0,Dinheiro,Entregue
4461,2026-03-16,16:47,Açaí Tropical,Açaí,Maracanaú,104.05,65.0,1.0,Dinheiro,Entregue
4462,2026-04-17,21:58,Pizza Express,Pizza,Eusébio,159.16,35.0,5.0,Pix,Entregue
4463,2026-03-25,22:37,Burger House,Hambúrguer,Fortaleza,38.36,50.0,3.0,Dinheiro,Entregue
4464,2026-06-11,15:40,Sabor Nordestino,Brasileira,Fortaleza,119.0,44.0,2.0,Dinheiro,Entregue
4465,2026-04-19,12:25,Sushi Fortaleza,Sushi,Maracanaú,161.33,37.0,3.0,Dinheiro,Entregue
4466,2026-05-26,11:45,Açaí Tropical,Açaí,Eusébio,149.61,65.0,2.0,Cartão de crédito,Entregue
4467,2026-06-15,11:01,Sabor Nordestino,Brasileira,Fortaleza,138.78,26.0,5.0,Dinheiro,Entregue
4468,2026-06-02,10:25,Burger House,Hambúrguer,Caucaia,33.73,46.0,3.0,Pix,Entregue
4469,2026-05-30,22:48,Sabor Nordestino,Brasileira,Maracanaú,91.25,55.0,1.0,Cartão de crédito,Entregue
4470,2026-03-09,20:22,Açaí Tropical,Açaí,Eusébio,63.66,57.0,2.0,Dinheiro,Entregue
4471,2026-06-14,14:56,Tempero Cearense,Saudável,Maracanaú,75.93,57.0,2.0,Pix,Entregue
4472,2026-02-20,23:02,Churrasco & Cia,Churrasco,Fortaleza,93.06,52.0,4.0,Cartão de débito,Entregue
4473,2026-01-17,12:41,Sushi Fortaleza,Sushi,Caucaia,52.91,30.0,3.0,Cartão de débito,Entregue
4474,2026-04-29,15:43,Açaí Tropical,Açaí,Maracanaú,99.63,28.0,3.0,Cartão de débito,Entregue
4475,2026-03-27,18:54,Açaí Tropical,Açaí,Caucaia,27.69,57.0,1.0,Cartão de crédito,Entregue
4476,2026-06-15,19:28,Pizza Express,Pizza,Caucaia,20.16,45.0,1.0,Cartão de débito,Entregue
4477,2026-01-08,22:26,Pizza Express,Pizza,Fortaleza,97.02,31.0,4.0,Dinheiro,Entregue
4478,2026-04-16,19:48,Açaí Tropical,Açaí,Caucaia,95.93,65.0,1.0,Dinheiro,Entregue
4479,2026-02-13,14:49,Sushi Fortaleza,Sushi,Caucaia,82.41,47.0,2.0,Cartão de crédito,Entregue
4480,2026-03-31,22:12,Tempero Cearense,Saudável,Caucaia,134.42,38.0,3.0,Dinheiro,Entregue
4481,2026-04-08,17:13,Churrasco & Cia,Churrasco,Fortaleza,95.93,50.0,1.0,Cartão de crédito,Entregue
4482,2026-02-15,18:44,Sushi Fortaleza,Sushi,Caucaia,149.87,68.0,4.0,Pix,Entregue
4483,2026-04-17,21:43,Pizza Express,Pizza,Eusébio,128.78,20.0,3.0,Cartão de débito,Entregue
4484,2026-06-21,13:06,Tempero Cearense,Saudável,Eusébio,157.7,43.0,3.0,Dinheiro,Entregue
4485,2026-03-07,13:37,Sabor Nordestino,Brasileira,Caucaia,30.18,53.0,3.0,Dinheiro,Entregue
4486,2026-04-13,13:01,Sabor Nordestino,Brasileira,Maracanaú,52.14,24.0,1.0,Cartão de crédito,Entregue
4487,2026-01-20,16:16,Sabor Nordestino,Brasileira,Maracanaú,101.67,70.0,1.0,Pix,Entregue
4488,2026-05-09,11:05,Sushi Fortaleza,Sushi,Caucaia,142.42,63.0,2.0,Dinheiro,Entregue
4489,2026-06-21,20:15,Tempero Cearense,Saudável,Caucaia,168.96,45.0,2.0,Pix,Entregue
4490,2026-05-20,16:28,Açaí Tropical,Açaí,Maracanaú,131.52,36.0,3.0,Pix,Entregue
4491,2026-05-30,21:49,Sabor Nordestino,Brasileira,Maracanaú,34.27,26.0,5.0,Dinheiro,Entregue
4492,2026-06-03,11:20,Cantinho da Massa,Massas,Eusébio,175.83,45.0,1.0,Cartão de crédito,Entregue
4493,2026-05-27,13:13,Pizza Express,Pizza,Eusébio,176.9,40.0,5.0,Cartão de débito,Entregue
4494,2026-03-09,16:01,Burger House,Hambúrguer,Fortaleza,59.95,63.0,5.0,Pix,Entregue
4495,2026-05-08,17:05,Burger House,Hambúrguer,Fortaleza,104.21,26.0,3.0,Cartão de crédito,Entregue
4496,2026-04-01,22:26,Pizza Express,Pizza,Maracanaú,89.72,38.0,3.0,Cartão de débito,Entregue
4497,2026-06-27,15:23,Burger House,Hambúrguer,Caucaia,109.02,57.0,1.0,Dinheiro,Entregue
4498,2026-06-20,12:49,Burger House,Hambúrguer,Eusébio,117.34,29.0,2.0,Pix,Cancelado
4499,2026-05-20,23:28,Açaí Tropical,Açaí,Fortaleza,79.93,27.0,3.0,Dinheiro,Entregue
4500,2026-02-10,16:33,Cantinho da Massa,Massas,Maracanaú,62.57,32.0,3.0,Pix,Entregue
4501,2026-06-25,12:57,Sushi Fortaleza,Sushi,Fortaleza,141.31,22.0,5.0,Pix,Entregue
4502,2026-01-13,18:34,Sabor Nordestino,Brasileira,Maracanaú,70.57,62.0,3.0,Pix,Entregue
4503,2026-06-23,15:34,Pizza Express,Pizza,Fortaleza,71.21,15.0,1.0,Cartão de crédito,Entregue
4504,2026-06-14,18:56,Tempero Cearense,Saudável,Maracanaú,115.13,66.0,3.0,Pix,Entregue
4505,2026-01-21,19:13,Açaí Tropical,Açaí,Maracanaú,80.31,68.0,4.0,Pix,Entregue
4506,2026-03-26,13:59,Sushi Fortaleza,Sushi,Eusébio,68.06,43.0,4.0,Pix,Entregue
4507,2026-04-15,13:12,Açaí Tropical,Açaí,Eusébio,44.99,70.0,4.0,Cartão de débito,Entregue
4508,2026-06-07,11:22,Sabor Nordestino,Brasileira,Eusébio,54.97,33.0,2.0,Dinheiro,Entregue
4509,2026-03-22,10:20,Burger House,Hambúrguer,Fortaleza,116.05,15.0,3.0,Cartão de crédito,Entregue
4510,2026-02-03,22:26,Sabor Nordestino,Brasileira,Maracanaú,158.29,56.0,5.0,Dinheiro,Entregue
4511,2026-01-20,14:22,Açaí Tropical,Açaí,Maracanaú,57.8,41.0,4.0,Cartão de crédito,Entregue
4512,2026-03-23,19:07,Pizza Express,Pizza,Maracanaú,140.22,46.0,2.0,Dinheiro,Entregue
4513,2026-02-22,19:28,Churrasco & Cia,Churrasco,Maracanaú,149.0,47.0,5.0,Pix,Entregue
4514,2026-04-03,17:07,Sushi Fortaleza,Sushi,Fortaleza,147.97,54.0,5.0,Pix,Cancelado
4515,2026-03-09,22:46,Tempero Cearense,Saudável,Fortaleza,167.01,30.0,5.0,Pix,Entregue
4516,2026-05-03,14:30,Açaí Tropical,Açaí,Maracanaú,64.43,43.0,2.0,Cartão de crédito,Entregue
4517,2026-05-10,14:32,Açaí Tropical,Açaí,Maracanaú,79.07,67.0,1.0,Cartão de crédito,Entregue
4518,2026-05-25,23:33,Açaí Tropical,Açaí,Caucaia,79.73,52.0,5.0,Cartão de débito,Entregue
4519,2026-02-17,23:38,Sabor Nordestino,Brasileira,Fortaleza,166.9,35.0,5.0,Cartão de crédito,Entregue
4520,2026-03-31,21:07,Açaí Tropical,Açaí,Eusébio,80.77,50.0,3.0,Pix,Entregue
4521,2026-05-26,11:36,Sushi Fortaleza,Sushi,Caucaia,68.47,26.0,3.0,Dinheiro,Entregue
4522,2026-06-18,21:55,Açaí Tropical,Açaí,Fortaleza,176.91,27.0,5.0,Cartão de débito,Entregue
4523,2026-01-15,22:48,Tempero Cearense,Saudável,Caucaia,57.88,38.0,2.0,Pix,Entregue
4524,2026-05-01,15:59,Sabor Nordestino,Brasileira,Maracanaú,179.61,25.0,5.0,Cartão de débito,Entregue
4525,2026-01-31,19:25,Sabor Nordestino,Brasileira,Maracanaú,109.62,63.0,3.0,Dinheiro,Entregue
4526,2026-05-22,12:49,Açaí Tropical,Açaí,Eusébio,94.41,42.0,2.0,Cartão de crédito,Entregue
4527,2026-05-01,17:14,Sushi Fortaleza,Sushi,Maracanaú,155.29,41.0,1.0,Dinheiro,Entregue
4528,2026-05-08,18:51,Churrasco & Cia,Churrasco,Caucaia,176.17,65.0,1.0,Pix,Entregue
4529,2026-04-04,20:02,Açaí Tropical,Açaí,Eusébio,116.1,25.0,5.0,Cartão de crédito,Entregue
4530,2026-01-05,17:39,Sushi Fortaleza,Sushi,Eusébio,130.36,24.0,4.0,Pix,Entregue
4531,2026-05-13,12:22,Cantinho da Massa,Massas,Maracanaú,58.02,36.0,5.0,Pix,Entregue
4532,2026-03-31,16:31,Pizza Express,Pizza,Fortaleza,93.41,35.0,2.0,Dinheiro,Entregue
4533,2026-06-13,15:35,Pizza Express,Pizza,Maracanaú,127.3,47.0,5.0,Pix,Entregue
4534,2026-03-26,21:20,Sushi Fortaleza,Sushi,Fortaleza,78.33,62.0,4.0,Pix,Entregue
4535,2026-05-03,12:27,Sushi Fortaleza,Sushi,Caucaia,25.32,44.0,1.0,Pix,Entregue
4536,2026-02-18,23:02,Tempero Cearense,Saudável,Maracanaú,91.75,19.0,2.0,Cartão de crédito,Entregue
4537,2026-05-21,13:35,Açaí Tropical,Açaí,Fortaleza,152.47,26.0,4.0,Pix,Entregue
4538,2026-05-26,23:35,Burger House,Hambúrguer,Fortaleza,66.21,61.0,5.0,Cartão de débito,Entregue
4539,2026-02-27,17:06,Açaí Tropical,Açaí,Eusébio,20.4,42.0,2.0,Cartão de crédito,Entregue
4540,2026-05-16,15:33,Sushi Fortaleza,Sushi,Fortaleza,85.28,31.0,5.0,Cartão de débito,Cancelado
4541,2026-04-19,22:59,Pizza Express,Pizza,Maracanaú,90.89,27.0,5.0,Dinheiro,Entregue
4542,2026-06-20,16:02,Tempero Cearense,Saudável,Maracanaú,96.92,37.0,5.0,Pix,Entregue
4543,2026-03-04,21:58,Churrasco & Cia,Churrasco,Caucaia,36.08,15.0,3.0,Dinheiro,Entregue
4544,2026-06-18,12:22,Sabor Nordestino,Brasileira,Caucaia,26.26,36.0,5.0,Cartão de crédito,Entregue
4545,2026-05-19,15:51,Churrasco & Cia,Churrasco,Maracanaú,44.2,36.0,4.0,Pix,Entregue
4546,2026-05-01,20:09,Sabor Nordestino,Brasileira,Fortaleza,44.47,22.0,1.0,Pix,Entregue
4547,2026-01-16,22:29,Cantinho da Massa,Massas,Eusébio,38.71,39.0,1.0,Cartão de crédito,Entregue
4548,2026-06-24,23:07,Pizza Express,Pizza,Caucaia,121.63,55.0,4.0,Dinheiro,Entregue
4549,2026-06-15,14:01,Cantinho da Massa,Massas,Maracanaú,126.17,37.0,1.0,Cartão de crédito,Entregue
4550,2026-03-21,15:35,Cantinho da Massa,Massas,Fortaleza,171.83,50.0,5.0,Cartão de débito,Entregue
4551,2026-05-03,10:25,Sabor Nordestino,Brasileira,Maracanaú,69.63,65.0,3.0,Cartão de débito,Entregue
4552,2026-06-16,15:47,Sabor Nordestino,Brasileira,Eusébio,146.16,40.0,2.0,Cartão de débito,Entregue
4553,2026-05-05,12:55,Burger House,Hambúrguer,Caucaia,78.05,64.0,5.0,Cartão de crédito,Entregue
4554,2026-05-15,21:14,Sushi Fortaleza,Sushi,Caucaia,30.34,63.0,3.0,Cartão de débito,Entregue
4555,2026-06-15,20:55,Tempero Cearense,Saudável,Maracanaú,132.38,57.0,5.0,Cartão de crédito,Entregue
4556,2026-01-09,14:22,Sushi Fortaleza,Sushi,Fortaleza,63.72,70.0,5.0,Dinheiro,Entregue
4557,2026-02-12,23:20,Pizza Express,Pizza,Caucaia,21.64,51.0,4.0,Cartão de crédito,Entregue
4558,2026-01-14,19:37,Açaí Tropical,Açaí,Eusébio,31.76,67.0,1.0,Cartão de crédito,Entregue
4559,2026-04-15,18:58,Pizza Express,Pizza,Eusébio,162.93,29.0,5.0,Pix,Entregue
4560,2026-01-28,20:11,Pizza Express,Pizza,Caucaia,28.74,39.0,3.0,Pix,Entregue
4561,2026-04-15,16:09,Churrasco & Cia,Churrasco,Maracanaú,57.06,24.0,3.0,Cartão de débito,Entregue
4562,2026-02-02,17:25,Açaí Tropical,Açaí,Maracanaú,47.55,70.0,2.0,Pix,Entregue
4563,2026-06-13,19:19,Açaí Tropical,Açaí,Caucaia,78.22,50.0,1.0,Dinheiro,Entregue
4564,2026-03-01,20:14,Pizza Express,Pizza,Caucaia,143.84,21.0,4.0,Cartão de crédito,Entregue
4565,2026-02-14,16:52,Pizza Express,Pizza,Caucaia,153.48,64.0,3.0,Dinheiro,Entregue
4566,2026-04-17,15:02,Cantinho da Massa,Massas,Caucaia,142.57,38.0,2.0,Dinheiro,Entregue
4567,2026-03-30,20:42,Burger House,Hambúrguer,Maracanaú,138.17,33.0,3.0,Pix,Entregue
4568,2026-06-22,23:36,Pizza Express,Pizza,Eusébio,169.12,67.0,4.0,Cartão de crédito,Entregue
4569,2026-05-10,17:53,Tempero Cearense,Saudável,Eusébio,23.35,27.0,5.0,Cartão de débito,Entregue
4570,2026-06-02,16:59,Churrasco & Cia,Churrasco,Eusébio,69.99,26.0,4.0,Dinheiro,Entregue
4571,2026-05-05,14:42,Pizza Express,Pizza,Caucaia,89.85,69.0,3.0,Cartão de crédito,Entregue
4572,2026-04-22,21:07,Sushi Fortaleza,Sushi,Caucaia,50.61,24.0,3.0,Pix,Entregue
4573,2026-01-23,18:12,Burger House,Hambúrguer,Maracanaú,135.18,68.0,1.0,Cartão de débito,Entregue
4574,2026-02-01,23:44,Churrasco & Cia,Churrasco,Caucaia,31.58,15.0,5.0,Pix,Entregue
4575,2026-02-03,23:40,Churrasco & Cia,Churrasco,Eusébio,158.6,36.0,1.0,Pix,Entregue
4576,2026-05-19,18:40,Sabor Nordestino,Brasileira,Caucaia,123.56,48.0,2.0,Cartão de crédito,Entregue
4577,2026-05-01,11:09,Tempero Cearense,Saudável,Eusébio,52.88,17.0,2.0,Cartão de débito,Entregue
4578,2026-01-27,21:50,Sushi Fortaleza,Sushi,Eusébio,85.07,25.0,4.0,Cartão de débito,Entregue
4579,2026-04-15,12:28,Açaí Tropical,Açaí,Maracanaú,90.23,42.0,5.0,Pix,Entregue
4580,2026-05-11,23:07,Cantinho da Massa,Massas,Maracanaú,105.99,43.0,4.0,Pix,Entregue
4581,2026-02-08,19:18,Cantinho da Massa,Massas,Eusébio,145.98,27.0,4.0,Dinheiro,Entregue
4582,2026-05-07,12:55,Tempero Cearense,Saudável,Maracanaú,100.74,60.0,5.0,Cartão de crédito,Entregue
4583,2026-03-26,13:25,Tempero Cearense,Saudável,Maracanaú,123.39,28.0,2.0,Cartão de crédito,Entregue
4584,2026-04-12,11:57,Sushi Fortaleza,Sushi,Fortaleza,97.39,53.0,1.0,Pix,Entregue
4585,2026-01-11,13:35,Sushi Fortaleza,Sushi,Eusébio,51.95,56.0,3.0,Cartão de crédito,Entregue
4586,2026-01-27,16:25,Cantinho da Massa,Massas,Fortaleza,45.2,42.0,2.0,Cartão de crédito,Entregue
4587,2026-06-02,13:32,Churrasco & Cia,Churrasco,Eusébio,31.51,37.0,3.0,Cartão de débito,Entregue
4588,2026-05-20,11:23,Açaí Tropical,Açaí,Eusébio,61.61,20.0,3.0,Cartão de crédito,Entregue
4589,2026-04-07,22:27,Sabor Nordestino,Brasileira,Maracanaú,155.37,30.0,4.0,Pix,Entregue
4590,2026-04-12,10:09,Tempero Cearense,Saudável,Eusébio,149.56,34.0,4.0,Cartão de débito,Entregue
4591,2026-03-28,11:40,Burger House,Hambúrguer,Maracanaú,173.87,21.0,2.0,Pix,Entregue
4592,2026-04-17,12:04,Sabor Nordestino,Brasileira,Caucaia,25.31,35.0,4.0,Dinheiro,Entregue
4593,2026-01-05,16:08,Pizza Express,Pizza,Fortaleza,110.29,54.0,4.0,Pix,Entregue
4594,2026-04-19,18:25,Tempero Cearense,Saudável,Caucaia,27.94,49.0,2.0,Dinheiro,Entregue
4595,2026-04-11,18:59,Burger House,Hambúrguer,Fortaleza,66.55,43.0,2.0,Dinheiro,Cancelado
4596,2026-01-14,18:43,Açaí Tropical,Açaí,Fortaleza,167.76,63.0,2.0,Cartão de crédito,Entregue
4597,2026-01-03,19:57,Burger House,Hambúrguer,Fortaleza,166.15,36.0,4.0,Cartão de débito,Entregue
4598,2026-01-11,17:00,Burger House,Hambúrguer,Caucaia,98.79,47.0,3.0,Dinheiro,Entregue
4599,2026-05-17,23:33,Burger House,Hambúrguer,Fortaleza,56.97,44.0,2.0,Cartão de crédito,Entregue
4600,2026-02-14,12:38,Sushi Fortaleza,Sushi,Eusébio,41.63,44.0,2.0,Pix,Entregue
4601,2026-01-29,14:37,Sushi Fortaleza,Sushi,Caucaia,98.29,38.0,3.0,Cartão de débito,Entregue
4602,2026-05-10,18:25,Cantinho da Massa,Massas,Caucaia,116.02,44.0,5.0,Cartão de crédito,Entregue
4603,2026-06-11,23:53,Burger House,Hambúrguer,Caucaia,140.56,28.0,4.0,Dinheiro,Cancelado
4604,2026-05-14,13:30,Churrasco & Cia,Churrasco,Caucaia,176.49,56.0,3.0,Cartão de crédito,Entregue
4605,2026-03-28,18:15,Açaí Tropical,Açaí,Caucaia,26.19,70.0,4.0,Dinheiro,Cancelado
4606,2026-06-07,19:03,Sushi Fortaleza,Sushi,Fortaleza,91.01,24.0,1.0,Cartão de crédito,Entregue
4607,2026-04-03,19:45,Sabor Nordestino,Brasileira,Caucaia,50.87,30.0,1.0,Pix,Entregue
4608,2026-05-29,16:16,Sabor Nordestino,Brasileira,Fortaleza,27.8,34.0,4.0,Cartão de crédito,Entregue
4609,2026-06-08,20:12,Sushi Fortaleza,Sushi,Caucaia,49.69,69.0,4.0,Cartão de débito,Cancelado
4610,2026-04-09,10:43,Sushi Fortaleza,Sushi,Fortaleza,178.35,62.0,3.0,Cartão de débito,Entregue
4611,2026-04-13,23:59,Sushi Fortaleza,Sushi,Eusébio,38.72,21.0,3.0,Cartão de crédito,Entregue
4612,2026-02-09,13:06,Sabor Nordestino,Brasileira,Fortaleza,96.06,59.0,4.0,Cartão de crédito,Entregue
4613,2026-05-30,14:20,Açaí Tropical,Açaí,Caucaia,27.39,63.0,1.0,Pix,Entregue
4614,2026-01-19,19:57,Sabor Nordestino,Brasileira,Fortaleza,154.64,63.0,3.0,Dinheiro,Entregue
4615,2026-03-01,20:22,Burger House,Hambúrguer,Maracanaú,179.64,38.0,5.0,Pix,Entregue
4616,2026-04-21,13:23,Burger House,Hambúrguer,Caucaia,37.51,56.0,1.0,Cartão de débito,Entregue
4617,2026-05-15,22:48,Tempero Cearense,Saudável,Maracanaú,179.08,18.0,4.0,Dinheiro,Entregue
4618,2026-04-19,10:10,Cantinho da Massa,Massas,Eusébio,174.7,38.0,4.0,Dinheiro,Entregue
4619,2026-01-21,20:19,Sabor Nordestino,Brasileira,Caucaia,95.33,46.0,3.0,Cartão de débito,Entregue
4620,2026-05-07,23:43,Açaí Tropical,Açaí,Caucaia,46.11,22.0,3.0,Dinheiro,Entregue
4621,2026-05-14,19:45,Pizza Express,Pizza,Maracanaú,150.51,50.0,2.0,Cartão de crédito,Entregue
4622,2026-01-28,15:55,Pizza Express,Pizza,Fortaleza,30.67,25.0,3.0,Cartão de crédito,Entregue
4623,2026-06-29,22:32,Cantinho da Massa,Massas,Caucaia,161.89,41.0,4.0,Cartão de débito,Entregue
4624,2026-06-22,13:28,Pizza Express,Pizza,Maracanaú,163.31,60.0,3.0,Cartão de crédito,Entregue
4625,2026-01-01,20:26,Tempero Cearense,Saudável,Caucaia,69.64,35.0,1.0,Pix,Entregue
4626,2026-01-02,13:16,Sabor Nordestino,Brasileira,Fortaleza,123.92,65.0,1.0,Dinheiro,Entregue
4627,2026-01-23,17:01,Tempero Cearense,Saudável,Fortaleza,53.01,17.0,1.0,Cartão de crédito,Entregue
4628,2026-04-26,13:34,Sushi Fortaleza,Sushi,Fortaleza,126.35,48.0,1.0,Dinheiro,Entregue
4629,2026-03-04,15:30,Tempero Cearense,Saudável,Caucaia,172.8,42.0,3.0,Cartão de crédito,Entregue
4630,2026-05-26,11:42,Churrasco & Cia,Churrasco,Caucaia,156.93,64.0,4.0,Cartão de crédito,Entregue
4631,2026-04-23,18:52,Burger House,Hambúrguer,Caucaia,32.02,41.0,3.0,Cartão de débito,Entregue
4632,2026-06-26,12:19,Pizza Express,Pizza,Fortaleza,60.56,45.0,3.0,Pix,Entregue
4633,2026-04-22,12:17,Burger House,Hambúrguer,Eusébio,56.61,68.0,1.0,Dinheiro,Entregue
4634,2026-03-17,12:47,Pizza Express,Pizza,Fortaleza,87.64,47.0,3.0,Dinheiro,Entregue
4635,2026-05-13,22:38,Churrasco & Cia,Churrasco,Fortaleza,120.47,36.0,5.0,Cartão de débito,Entregue
4636,2026-06-26,16:25,Churrasco & Cia,Churrasco,Eusébio,30.34,63.0,4.0,Pix,Entregue
4637,2026-03-25,13:48,Sushi Fortaleza,Sushi,Fortaleza,171.45,63.0,3.0,Pix,Entregue
4638,2026-01-09,22:20,Cantinho da Massa,Massas,Fortaleza,35.38,28.0,4.0,Cartão de crédito,Entregue
4639,2026-06-14,20:18,Tempero Cearense,Saudável,Eusébio,121.24,63.0,1.0,Dinheiro,Entregue
4640,2026-06-25,10:40,Açaí Tropical,Açaí,Maracanaú,112.26,58.0,3.0,Dinheiro,Entregue
4641,2026-01-14,11:35,Sushi Fortaleza,Sushi,Fortaleza,63.89,59.0,3.0,Pix,Entregue
4642,2026-05-06,14:53,Açaí Tropical,Açaí,Eusébio,58.1,59.0,2.0,Pix,Cancelado
4643,2026-06-17,23:38,Açaí Tropical,Açaí,Eusébio,89.12,53.0,4.0,Cartão de crédito,Entregue
4644,2026-04-20,18:49,Churrasco & Cia,Churrasco,Eusébio,153.78,38.0,2.0,Cartão de crédito,Entregue
4645,2026-06-29,17:51,Churrasco & Cia,Churrasco,Fortaleza,60.66,15.0,5.0,Cartão de débito,Entregue
4646,2026-01-22,21:07,Churrasco & Cia,Churrasco,Maracanaú,109.12,59.0,4.0,Pix,Entregue
4647,2026-06-08,15:10,Sabor Nordestino,Brasileira,Caucaia,135.88,57.0,3.0,Cartão de crédito,Entregue
4648,2026-05-04,19:09,Pizza Express,Pizza,Caucaia,91.51,24.0,4.0,Dinheiro,Entregue
4649,2026-04-12,13:47,Burger House,Hambúrguer,Caucaia,32.31,55.0,1.0,Cartão de crédito,Entregue
4650,2026-03-10,10:51,Tempero Cearense,Saudável,Eusébio,138.35,47.0,5.0,Cartão de crédito,Entregue
4651,2026-05-17,21:47,Sabor Nordestino,Brasileira,Maracanaú,100.37,27.0,1.0,Cartão de crédito,Entregue
4652,2026-06-20,23:07,Açaí Tropical,Açaí,Caucaia,116.43,50.0,2.0,Cartão de débito,Entregue
4653,2026-01-21,12:21,Tempero Cearense,Saudável,Maracanaú,99.74,37.0,1.0,Cartão de débito,Entregue
4654,2026-03-30,22:57,Tempero Cearense,Saudável,Fortaleza,87.94,59.0,4.0,Cartão de crédito,Cancelado
4655,2026-03-08,11:12,Cantinho da Massa,Massas,Eusébio,99.49,60.0,4.0,Cartão de débito,Entregue
4656,2026-03-22,20:31,Sushi Fortaleza,Sushi,Maracanaú,158.07,26.0,1.0,Pix,Entregue
4657,2026-01-04,19:16,Burger House,Hambúrguer,Fortaleza,90.29,30.0,4.0,Pix,Entregue
4658,2026-06-16,18:29,Pizza Express,Pizza,Caucaia,42.96,18.0,3.0,Cartão de débito,Entregue
4659,2026-03-26,13:55,Sabor Nordestino,Brasileira,Caucaia,77.42,69.0,5.0,Dinheiro,Entregue
4660,2026-06-30,19:14,Tempero Cearense,Saudável,Caucaia,127.42,26.0,4.0,Cartão de débito,Entregue
4661,2026-03-31,17:09,Sushi Fortaleza,Sushi,Fortaleza,87.56,58.0,1.0,Cartão de débito,Entregue
4662,2026-01-22,13:20,Pizza Express,Pizza,Fortaleza,125.55,55.0,1.0,Cartão de débito,Entregue
4663,2026-01-13,11:01,Açaí Tropical,Açaí,Caucaia,50.04,63.0,1.0,Cartão de débito,Entregue
4664,2026-04-14,19:17,Cantinho da Massa,Massas,Fortaleza,47.28,23.0,2.0,Cartão de débito,Entregue
4665,2026-02-13,10:35,Açaí Tropical,Açaí,Eusébio,103.8,35.0,4.0,Cartão de crédito,Entregue
4666,2026-05-28,14:13,Pizza Express,Pizza,Eusébio,96.81,48.0,3.0,Dinheiro,Cancelado
4667,2026-02-22,17:39,Burger House,Hambúrguer,Fortaleza,56.03,22.0,4.0,Cartão de débito,Entregue
4668,2026-06-16,10:33,Sabor Nordestino,Brasileira,Eusébio,91.42,38.0,1.0,Cartão de débito,Entregue
4669,2026-04-25,23:34,Cantinho da Massa,Massas,Caucaia,134.3,49.0,5.0,Cartão de débito,Entregue
4670,2026-02-20,17:40,Cantinho da Massa,Massas,Maracanaú,162.06,66.0,2.0,Cartão de crédito,Entregue
4671,2026-02-23,17:03,Cantinho da Massa,Massas,Caucaia,83.31,34.0,3.0,Pix,Entregue
4672,2026-04-23,23:31,Sabor Nordestino,Brasileira,Fortaleza,71.34,29.0,3.0,Pix,Entregue
4673,2026-05-10,18:08,Sushi Fortaleza,Sushi,Caucaia,108.28,21.0,1.0,Cartão de crédito,Entregue
4674,2026-02-15,19:41,Sushi Fortaleza,Sushi,Caucaia,29.27,23.0,5.0,Pix,Entregue
4675,2026-06-01,18:48,Burger House,Hambúrguer,Caucaia,102.47,62.0,3.0,Cartão de débito,Entregue
4676,2026-04-06,16:49,Cantinho da Massa,Massas,Fortaleza,71.38,69.0,2.0,Cartão de débito,Entregue
4677,2026-04-25,22:01,Tempero Cearense,Saudável,Maracanaú,86.57,46.0,1.0,Dinheiro,Entregue
4678,2026-03-01,11:06,Pizza Express,Pizza,Maracanaú,131.51,21.0,5.0,Pix,Entregue
4679,2026-02-26,10:38,Sushi Fortaleza,Sushi,Maracanaú,52.89,22.0,2.0,Pix,Entregue
4680,2026-02-28,17:31,Pizza Express,Pizza,Maracanaú,21.35,28.0,4.0,Cartão de débito,Entregue
4681,2026-01-25,22:34,Burger House,Hambúrguer,Fortaleza,163.38,33.0,3.0,Cartão de débito,Entregue
4682,2026-02-06,22:06,Tempero Cearense,Saudável,Eusébio,152.5,43.0,3.0,Cartão de débito,Entregue
4683,2026-05-24,14:59,Açaí Tropical,Açaí,Eusébio,43.59,65.0,3.0,Cartão de crédito,Entregue
4684,2026-03-26,23:08,Sabor Nordestino,Brasileira,Caucaia,134.64,29.0,4.0,Dinheiro,Entregue
4685,2026-01-31,12:01,Açaí Tropical,Açaí,Eusébio,165.04,62.0,1.0,Pix,Entregue
4686,2026-06-19,19:01,Sushi Fortaleza,Sushi,Caucaia,131.25,59.0,3.0,Cartão de crédito,Entregue
4687,2026-05-18,11:36,Tempero Cearense,Saudável,Caucaia,64.43,42.0,3.0,Dinheiro,Cancelado
4688,2026-06-28,21:34,Pizza Express,Pizza,Maracanaú,62.17,26.0,1.0,Pix,Entregue
4689,2026-06-12,15:57,Pizza Express,Pizza,Caucaia,167.72,57.0,3.0,Dinheiro,Entregue
4690,2026-03-13,10:36,Burger House,Hambúrguer,Fortaleza,38.73,40.0,4.0,Pix,Entregue
4691,2026-06-02,20:15,Sabor Nordestino,Brasileira,Fortaleza,31.45,31.0,1.0,Pix,Entregue
4692,2026-03-31,21:40,Sabor Nordestino,Brasileira,Maracanaú,120.81,16.0,5.0,Cartão de crédito,Entregue
4693,2026-03-11,16:22,Cantinho da Massa,Massas,Caucaia,20.89,18.0,1.0,Cartão de crédito,Entregue
4694,2026-01-10,10:18,Tempero Cearense,Saudável,Caucaia,155.88,31.0,5.0,Dinheiro,Entregue
4695,2026-02-24,14:46,Açaí Tropical,Açaí,Caucaia,47.26,41.0,1.0,Pix,Cancelado
4696,2026-05-22,19:38,Burger House,Hambúrguer,Caucaia,83.41,23.0,3.0,Dinheiro,Entregue
4697,2026-01-22,13:33,Sabor Nordestino,Brasileira,Maracanaú,116.39,62.0,1.0,Cartão de crédito,Cancelado
4698,2026-01-29,12:42,Pizza Express,Pizza,Maracanaú,76.46,58.0,3.0,Cartão de crédito,Entregue
4699,2026-01-31,15:36,Churrasco & Cia,Churrasco,Fortaleza,69.32,21.0,3.0,Cartão de crédito,Entregue
4700,2026-01-19,22:31,Cantinho da Massa,Massas,Fortaleza,121.11,58.0,3.0,Dinheiro,Entregue
4701,2026-05-04,23:49,Tempero Cearense,Saudável,Eusébio,150.97,68.0,1.0,Cartão de crédito,Entregue
4702,2026-02-28,22:52,Burger House,Hambúrguer,Eusébio,39.46,44.0,4.0,Dinheiro,Entregue
4703,2026-04-03,14:24,Pizza Express,Pizza,Maracanaú,101.58,33.0,3.0,Dinheiro,Entregue
4704,2026-03-14,15:48,Burger House,Hambúrguer,Caucaia,129.31,20.0,5.0,Cartão de débito,Entregue
4705,2026-01-18,23:05,Sushi Fortaleza,Sushi,Maracanaú,121.23,32.0,3.0,Dinheiro,Entregue
4706,2026-06-02,23:45,Burger House,Hambúrguer,Maracanaú,139.71,35.0,5.0,Cartão de crédito,Entregue
4707,2026-03-10,23:19,Cantinho da Massa,Massas,Fortaleza,162.25,51.0,3.0,Dinheiro,Entregue
4708,2026-05-20,14:57,Tempero Cearense,Saudável,Eusébio,161.12,65.0,5.0,Cartão de débito,Entregue
4709,2026-03-16,18:47,Açaí Tropical,Açaí,Fortaleza,123.04,45.0,2.0,Dinheiro,Entregue
4710,2026-06-13,20:51,Açaí Tropical,Açaí,Maracanaú,148.45,69.0,5.0,Dinheiro,Entregue
4711,2026-04-26,18:02,Churrasco & Cia,Churrasco,Eusébio,63.87,24.0,3.0,Cartão de crédito,Entregue
4712,2026-05-18,17:07,Tempero Cearense,Saudável,Eusébio,155.47,51.0,4.0,Pix,Entregue
4713,2026-04-28,16:27,Tempero Cearense,Saudável,Fortaleza,130.73,20.0,5.0,Cartão de crédito,Entregue
4714,2026-04-04,12:24,Cantinho da Massa,Massas,Eusébio,74.8,57.0,5.0,Cartão de débito,Entregue
4715,2026-04-22,23:37,Açaí Tropical,Açaí,Fortaleza,104.95,37.0,4.0,Dinheiro,Entregue
4716,2026-01-30,10:40,Churrasco & Cia,Churrasco,Maracanaú,137.39,28.0,5.0,Dinheiro,Entregue
4717,2026-06-19,14:54,Cantinho da Massa,Massas,Maracanaú,96.39,45.0,1.0,Pix,Entregue
4718,2026-04-26,23:54,Açaí Tropical,Açaí,Fortaleza,41.56,38.0,1.0,Cartão de crédito,Entregue
4719,2026-03-14,14:39,Cantinho da Massa,Massas,Fortaleza,122.38,65.0,5.0,Pix,Entregue
4720,2026-03-24,12:23,Tempero Cearense,Saudável,Eusébio,98.5,32.0,5.0,Pix,Entregue
4721,2026-03-28,21:42,Açaí Tropical,Açaí,Maracanaú,170.76,63.0,4.0,Cartão de débito,Entregue
4722,2026-03-28,21:17,Burger House,Hambúrguer,Fortaleza,133.37,36.0,1.0,Pix,Cancelado
4723,2026-01-03,20:28,Burger House,Hambúrguer,Maracanaú,168.57,45.0,2.0,Cartão de débito,Entregue
4724,2026-05-27,15:43,Açaí Tropical,Açaí,Fortaleza,171.48,50.0,5.0,Pix,Entregue
4725,2026-02-10,21:56,Tempero Cearense,Saudável,Maracanaú,23.66,41.0,4.0,Cartão de crédito,Entregue
4726,2026-02-17,22:29,Tempero Cearense,Saudável,Caucaia,62.27,26.0,5.0,Pix,Entregue
4727,2026-04-03,10:03,Açaí Tropical,Açaí,Maracanaú,148.31,42.0,3.0,Cartão de débito,Entregue
4728,2026-04-30,20:33,Cantinho da Massa,Massas,Eusébio,64.51,21.0,4.0,Pix,Entregue
4729,2026-01-17,19:07,Tempero Cearense,Saudável,Eusébio,171.18,42.0,5.0,Pix,Entregue
4730,2026-06-25,17:51,Burger House,Hambúrguer,Caucaia,117.18,37.0,1.0,Cartão de crédito,Entregue
4731,2026-01-19,15:27,Açaí Tropical,Açaí,Fortaleza,96.86,47.0,2.0,Cartão de débito,Entregue
4732,2026-06-21,10:01,Pizza Express,Pizza,Eusébio,54.52,69.0,3.0,Cartão de crédito,Entregue
4733,2026-05-03,14:14,Burger House,Hambúrguer,Maracanaú,111.87,60.0,2.0,Pix,Entregue
4734,2026-01-26,18:00,Pizza Express,Pizza,Maracanaú,127.64,55.0,3.0,Cartão de crédito,Entregue
4735,2026-06-27,12:36,Cantinho da Massa,Massas,Maracanaú,164.18,17.0,2.0,Cartão de crédito,Cancelado
4736,2026-05-19,12:35,Açaí Tropical,Açaí,Fortaleza,62.11,37.0,5.0,Pix,Entregue
4737,2026-01-22,20:09,Sabor Nordestino,Brasileira,Eusébio,152.22,51.0,1.0,Pix,Entregue
4738,2026-04-09,16:43,Tempero Cearense,Saudável,Caucaia,44.67,51.0,3.0,Cartão de débito,Entregue
4739,2026-02-23,21:30,Churrasco & Cia,Churrasco,Caucaia,161.86,48.0,5.0,Pix,Entregue
4740,2026-05-02,21:30,Sushi Fortaleza,Sushi,Caucaia,120.45,55.0,3.0,Cartão de crédito,Entregue
4741,2026-01-03,23:46,Burger House,Hambúrguer,Maracanaú,95.98,23.0,1.0,Dinheiro,Entregue
4742,2026-01-20,16:10,Churrasco & Cia,Churrasco,Fortaleza,171.81,36.0,3.0,Cartão de débito,Entregue
4743,2026-04-24,19:38,Burger House,Hambúrguer,Caucaia,157.91,56.0,3.0,Cartão de débito,Entregue
4744,2026-02-06,16:35,Açaí Tropical,Açaí,Maracanaú,114.27,30.0,5.0,Pix,Entregue
4745,2026-01-21,22:10,Tempero Cearense,Saudável,Maracanaú,46.52,46.0,4.0,Pix,Entregue
4746,2026-05-18,16:58,Pizza Express,Pizza,Fortaleza,67.13,43.0,4.0,Cartão de débito,Entregue
4747,2026-06-08,22:24,Churrasco & Cia,Churrasco,Eusébio,153.58,33.0,1.0,Pix,Entregue
4748,2026-01-20,20:32,Sabor Nordestino,Brasileira,Eusébio,22.92,16.0,3.0,Cartão de crédito,Entregue
4749,2026-01-03,17:51,Pizza Express,Pizza,Fortaleza,41.54,64.0,3.0,Cartão de débito,Entregue
4750,2026-03-05,17:03,Burger House,Hambúrguer,Maracanaú,78.31,48.0,1.0,Pix,Entregue
4751,2026-02-26,22:22,Churrasco & Cia,Churrasco,Fortaleza,32.63,28.0,3.0,Cartão de débito,Entregue
4752,2026-06-19,11:01,Pizza Express,Pizza,Caucaia,101.79,38.0,4.0,Dinheiro,Entregue
4753,2026-01-24,23:14,Açaí Tropical,Açaí,Fortaleza,131.1,61.0,1.0,Dinheiro,Entregue
4754,2026-02-18,11:57,Açaí Tropical,Açaí,Caucaia,86.38,16.0,4.0,Cartão de débito,Entregue
4755,2026-01-27,21:59,Açaí Tropical,Açaí,Eusébio,92.5,30.0,5.0,Dinheiro,Entregue
4756,2026-06-18,10:05,Sabor Nordestino,Brasileira,Fortaleza,125.68,33.0,5.0,Cartão de débito,Entregue
4757,2026-01-20,23:51,Burger House,Hambúrguer,Eusébio,171.89,58.0,3.0,Cartão de crédito,Cancelado
4758,2026-04-17,11:13,Tempero Cearense,Saudável,Caucaia,63.19,59.0,5.0,Dinheiro,Entregue
4759,2026-01-14,12:58,Churrasco & Cia,Churrasco,Fortaleza,176.14,32.0,2.0,Pix,Entregue
4760,2026-01-11,23:17,Açaí Tropical,Açaí,Fortaleza,30.26,50.0,1.0,Cartão de crédito,Cancelado
4761,2026-03-28,10:05,Churrasco & Cia,Churrasco,Eusébio,167.64,60.0,1.0,Pix,Entregue
4762,2026-06-10,16:03,Burger House,Hambúrguer,Maracanaú,85.0,64.0,2.0,Pix,Entregue
4763,2026-05-07,17:38,Tempero Cearense,Saudável,Maracanaú,27.95,35.0,3.0,Pix,Entregue
4764,2026-03-23,17:22,Sabor Nordestino,Brasileira,Caucaia,47.06,34.0,4.0,Pix,Entregue
4765,2026-04-10,19:56,Cantinho da Massa,Massas,Maracanaú,141.1,64.0,4.0,Pix,Entregue
4766,2026-01-28,21:33,Burger House,Hambúrguer,Maracanaú,144.35,21.0,1.0,Pix,Entregue
4767,2026-01-25,16:03,Churrasco & Cia,Churrasco,Fortaleza,171.56,51.0,4.0,Pix,Entregue
4768,2026-05-06,10:35,Burger House,Hambúrguer,Maracanaú,98.7,50.0,4.0,Pix,Entregue
4769,2026-03-09,14:46,Cantinho da Massa,Massas,Fortaleza,164.37,32.0,2.0,Pix,Entregue
4770,2026-04-14,17:50,Sabor Nordestino,Brasileira,Fortaleza,132.0,69.0,1.0,Cartão de crédito,Entregue
4771,2026-02-01,13:28,Tempero Cearense,Saudável,Eusébio,85.71,31.0,5.0,Dinheiro,Entregue
4772,2026-02-06,14:04,Tempero Cearense,Saudável,Fortaleza,67.17,70.0,1.0,Dinheiro,Cancelado
4773,2026-06-18,18:05,Açaí Tropical,Açaí,Fortaleza,27.05,49.0,1.0,Pix,Entregue
4774,2026-04-03,19:30,Burger House,Hambúrguer,Eusébio,115.35,56.0,4.0,Dinheiro,Entregue
4775,2026-01-27,20:03,Churrasco & Cia,Churrasco,Caucaia,39.44,44.0,1.0,Pix,Entregue
4776,2026-05-07,16:00,Pizza Express,Pizza,Maracanaú,75.66,22.0,5.0,Cartão de crédito,Entregue
4777,2026-04-25,17:35,Cantinho da Massa,Massas,Eusébio,101.1,38.0,3.0,Dinheiro,Entregue
4778,2026-05-16,20:27,Açaí Tropical,Açaí,Maracanaú,147.86,42.0,4.0,Dinheiro,Entregue
4779,2026-01-24,19:46,Burger House,Hambúrguer,Eusébio,108.52,29.0,3.0,Cartão de crédito,Entregue
4780,2026-01-03,20:37,Burger House,Hambúrguer,Fortaleza,77.98,43.0,2.0,Pix,Entregue
4781,2026-05-17,13:12,Tempero Cearense,Saudável,Maracanaú,165.85,32.0,1.0,Cartão de crédito,Entregue
4782,2026-01-12,15:37,Cantinho da Massa,Massas,Caucaia,130.09,55.0,4.0,Cartão de crédito,Entregue
4783,2026-06-21,22:10,Churrasco & Cia,Churrasco,Maracanaú,147.62,18.0,5.0,Cartão de débito,Entregue
4784,2026-01-04,23:35,Sabor Nordestino,Brasileira,Eusébio,77.23,67.0,1.0,Cartão de crédito,Entregue
4785,2026-06-16,12:45,Sabor Nordestino,Brasileira,Maracanaú,134.92,44.0,1.0,Cartão de débito,Entregue
4786,2026-03-28,19:22,Pizza Express,Pizza,Caucaia,39.72,43.0,4.0,Cartão de crédito,Entregue
4787,2026-04-16,12:36,Tempero Cearense,Saudável,Caucaia,106.67,40.0,2.0,Dinheiro,Entregue
4788,2026-01-14,12:49,Churrasco & Cia,Churrasco,Eusébio,176.93,39.0,5.0,Dinheiro,Entregue
4789,2026-02-06,22:03,Burger House,Hambúrguer,Eusébio,72.2,32.0,3.0,Cartão de crédito,Entregue
4790,2026-01-06,16:39,Cantinho da Massa,Massas,Fortaleza,118.01,50.0,4.0,Cartão de débito,Entregue
4791,2026-06-16,23:35,Açaí Tropical,Açaí,Fortaleza,150.76,49.0,2.0,Pix,Entregue
4792,2026-01-15,10:40,Sabor Nordestino,Brasileira,Maracanaú,82.32,49.0,3.0,Pix,Cancelado
4793,2026-03-03,23:45,Sushi Fortaleza,Sushi,Fortaleza,141.03,32.0,4.0,Cartão de crédito,Entregue
4794,2026-03-22,23:41,Tempero Cearense,Saudável,Fortaleza,133.43,53.0,4.0,Cartão de crédito,Entregue
4795,2026-05-25,23:54,Sushi Fortaleza,Sushi,Maracanaú,79.67,65.0,1.0,Pix,Entregue
4796,2026-06-06,10:40,Churrasco & Cia,Churrasco,Eusébio,29.23,45.0,1.0,Cartão de débito,Entregue
4797,2026-05-16,19:01,Burger House,Hambúrguer,Maracanaú,88.07,38.0,1.0,Cartão de débito,Entregue
4798,2026-01-13,15:58,Sabor Nordestino,Brasileira,Fortaleza,163.2,49.0,3.0,Dinheiro,Entregue
4799,2026-05-04,13:57,Sabor Nordestino,Brasileira,Caucaia,48.79,34.0,1.0,Dinheiro,Entregue
4800,2026-02-12,18:20,Sabor Nordestino,Brasileira,Maracanaú,46.21,35.0,2.0,Cartão de débito,Entregue
4801,2026-06-27,12:34,Churrasco & Cia,Churrasco,Fortaleza,71.14,38.0,1.0,Cartão de crédito,Entregue
4802,2026-02-10,14:29,Pizza Express,Pizza,Fortaleza,148.16,50.0,5.0,Dinheiro,Entregue
4803,2026-03-30,10:46,Churrasco & Cia,Churrasco,Fortaleza,53.32,70.0,5.0,Cartão de crédito,Entregue
4804,2026-06-12,14:05,Sabor Nordestino,Brasileira,Caucaia,139.79,67.0,3.0,Cartão de crédito,Entregue
4805,2026-01-01,17:16,Sabor Nordestino,Brasileira,Caucaia,137.6,38.0,1.0,Pix,Entregue
4806,2026-06-04,23:13,Sushi Fortaleza,Sushi,Eusébio,95.65,59.0,5.0,Cartão de débito,Entregue
4807,2026-04-08,18:36,Cantinho da Massa,Massas,Maracanaú,56.18,44.0,5.0,Cartão de débito,Entregue
4808,2026-02-08,20:23,Burger House,Hambúrguer,Eusébio,116.44,39.0,1.0,Pix,Entregue
4809,2026-04-16,22:02,Açaí Tropical,Açaí,Fortaleza,43.79,68.0,1.0,Cartão de débito,Entregue
4810,2026-06-06,23:19,Pizza Express,Pizza,Eusébio,123.23,49.0,1.0,Cartão de débito,Entregue
4811,2026-04-10,19:18,Sushi Fortaleza,Sushi,Maracanaú,67.6,42.0,3.0,Cartão de débito,Entregue
4812,2026-03-20,21:20,Cantinho da Massa,Massas,Caucaia,172.37,50.0,1.0,Pix,Entregue
4813,2026-05-20,19:20,Pizza Express,Pizza,Caucaia,81.04,29.0,1.0,Dinheiro,Entregue
4814,2026-05-29,17:56,Tempero Cearense,Saudável,Eusébio,58.38,58.0,1.0,Cartão de débito,Entregue
4815,2026-03-13,12:51,Sushi Fortaleza,Sushi,Eusébio,150.07,59.0,5.0,Cartão de débito,Entregue
4816,2026-05-26,16:00,Burger House,Hambúrguer,Caucaia,24.34,61.0,2.0,Dinheiro,Entregue
4817,2026-01-02,10:49,Cantinho da Massa,Massas,Eusébio,143.97,49.0,4.0,Dinheiro,Entregue
4818,2026-03-19,17:02,Açaí Tropical,Açaí,Eusébio,82.19,62.0,2.0,Dinheiro,Entregue
4819,2026-05-10,19:26,Tempero Cearense,Saudável,Eusébio,86.13,16.0,3.0,Cartão de débito,Cancelado
4820,2026-05-05,13:33,Sabor Nordestino,Brasileira,Eusébio,52.2,69.0,1.0,Dinheiro,Entregue
4821,2026-06-05,22:37,Burger House,Hambúrguer,Caucaia,94.26,18.0,4.0,Pix,Entregue
4822,2026-06-27,16:08,Pizza Express,Pizza,Fortaleza,110.15,57.0,4.0,Cartão de débito,Entregue
4823,2026-05-16,20:11,Pizza Express,Pizza,Maracanaú,107.11,51.0,4.0,Cartão de crédito,Entregue
4824,2026-04-13,23:50,Pizza Express,Pizza,Eusébio,97.81,18.0,3.0,Cartão de débito,Entregue
4825,2026-05-20,20:17,Tempero Cearense,Saudável,Caucaia,100.57,16.0,4.0,Cartão de crédito,Entregue
4826,2026-06-02,12:10,Cantinho da Massa,Massas,Fortaleza,126.53,54.0,4.0,Dinheiro,Entregue
4827,2026-02-01,10:35,Sabor Nordestino,Brasileira,Eusébio,62.3,61.0,1.0,Pix,Entregue
4828,2026-03-08,14:58,Açaí Tropical,Açaí,Fortaleza,171.06,66.0,3.0,Cartão de débito,Entregue
4829,2026-04-17,22:20,Tempero Cearense,Saudável,Maracanaú,166.56,55.0,2.0,Dinheiro,Entregue
4830,2026-01-26,13:04,Sabor Nordestino,Brasileira,Maracanaú,132.52,62.0,4.0,Pix,Entregue
4831,2026-06-13,19:56,Açaí Tropical,Açaí,Caucaia,55.61,16.0,5.0,Dinheiro,Entregue
4832,2026-01-03,23:44,Sushi Fortaleza,Sushi,Maracanaú,103.85,56.0,3.0,Cartão de débito,Entregue
4833,2026-02-02,16:47,Açaí Tropical,Açaí,Fortaleza,65.97,20.0,3.0,Pix,Entregue
4834,2026-06-12,11:15,Açaí Tropical,Açaí,Eusébio,134.3,33.0,2.0,Cartão de crédito,Entregue
4835,2026-06-21,15:24,Burger House,Hambúrguer,Caucaia,96.88,53.0,3.0,Pix,Entregue
4836,2026-01-29,17:34,Burger House,Hambúrguer,Maracanaú,56.17,66.0,1.0,Pix,Entregue
4837,2026-06-07,17:26,Tempero Cearense,Saudável,Eusébio,25.12,34.0,1.0,Dinheiro,Entregue
4838,2026-04-13,14:57,Sabor Nordestino,Brasileira,Fortaleza,73.13,43.0,3.0,Dinheiro,Cancelado
4839,2026-02-05,11:38,Açaí Tropical,Açaí,Caucaia,154.8,36.0,2.0,Pix,Entregue
4840,2026-06-19,23:19,Burger House,Hambúrguer,Caucaia,73.46,65.0,4.0,Dinheiro,Entregue
4841,2026-06-06,12:36,Sabor Nordestino,Brasileira,Maracanaú,45.92,60.0,4.0,Dinheiro,Entregue
4842,2026-01-12,16:42,Sabor Nordestino,Brasileira,Fortaleza,70.31,64.0,3.0,Cartão de crédito,Entregue
4843,2026-02-11,17:45,Sushi Fortaleza,Sushi,Maracanaú,127.35,48.0,2.0,Cartão de débito,Entregue
4844,2026-02-21,23:34,Tempero Cearense,Saudável,Eusébio,44.82,56.0,3.0,Dinheiro,Entregue
4845,2026-04-18,12:36,Tempero Cearense,Saudável,Maracanaú,177.27,18.0,2.0,Pix,Entregue
4846,2026-05-08,14:41,Sabor Nordestino,Brasileira,Caucaia,52.12,56.0,1.0,Pix,Entregue
4847,2026-05-29,12:26,Burger House,Hambúrguer,Maracanaú,57.09,38.0,1.0,Dinheiro,Entregue
4848,2026-01-20,12:52,Tempero Cearense,Saudável,Maracanaú,157.88,69.0,4.0,Cartão de crédito,Entregue
4849,2026-04-22,11:18,Sabor Nordestino,Brasileira,Fortaleza,21.02,53.0,1.0,Dinheiro,Entregue
4850,2026-06-20,19:55,Churrasco & Cia,Churrasco,Caucaia,74.37,34.0,2.0,Cartão de crédito,Entregue
4851,2026-05-02,18:55,Cantinho da Massa,Massas,Maracanaú,40.85,62.0,4.0,Pix,Entregue
4852,2026-06-16,21:10,Sabor Nordestino,Brasileira,Caucaia,48.94,60.0,2.0,Pix,Entregue
4853,2026-05-21,19:32,Açaí Tropical,Açaí,Eusébio,29.04,64.0,2.0,Cartão de débito,Entregue
4854,2026-04-12,15:52,Tempero Cearense,Saudável,Fortaleza,27.34,43.0,1.0,Dinheiro,Entregue
4855,2026-01-17,23:07,Açaí Tropical,Açaí,Fortaleza,54.14,31.0,1.0,Cartão de débito,Entregue
4856,2026-01-06,16:17,Burger House,Hambúrguer,Eusébio,176.6,41.0,3.0,Cartão de débito,Entregue
4857,2026-05-28,20:19,Tempero Cearense,Saudável,Caucaia,42.42,42.0,3.0,Cartão de crédito,Entregue
4858,2026-02-19,14:31,Açaí Tropical,Açaí,Caucaia,32.73,41.0,1.0,Cartão de débito,Entregue
4859,2026-06-29,19:56,Churrasco & Cia,Churrasco,Eusébio,134.73,50.0,5.0,Dinheiro,Entregue
4860,2026-06-03,20:57,Açaí Tropical,Açaí,Caucaia,110.2,62.0,2.0,Cartão de crédito,Entregue
4861,2026-01-18,20:22,Churrasco & Cia,Churrasco,Eusébio,173.96,48.0,2.0,Cartão de débito,Entregue
4862,2026-01-26,16:59,Cantinho da Massa,Massas,Eusébio,23.28,57.0,2.0,Cartão de débito,Entregue
4863,2026-05-07,17:45,Cantinho da Massa,Massas,Caucaia,122.94,33.0,2.0,Cartão de débito,Entregue
4864,2026-02-07,19:44,Cantinho da Massa,Massas,Caucaia,128.66,48.0,4.0,Dinheiro,Entregue
4865,2026-03-14,21:03,Cantinho da Massa,Massas,Maracanaú,170.89,23.0,3.0,Dinheiro,Entregue
4866,2026-06-08,17:09,Sushi Fortaleza,Sushi,Caucaia,36.44,65.0,1.0,Dinheiro,Entregue
4867,2026-06-18,23:04,Sabor Nordestino,Brasileira,Fortaleza,115.43,43.0,5.0,Pix,Entregue
4868,2026-02-14,19:32,Burger House,Hambúrguer,Eusébio,30.56,55.0,3.0,Cartão de débito,Entregue
4869,2026-05-09,12:27,Churrasco & Cia,Churrasco,Caucaia,173.67,45.0,1.0,Cartão de débito,Entregue
4870,2026-06-01,11:00,Churrasco & Cia,Churrasco,Caucaia,95.13,51.0,5.0,Cartão de crédito,Entregue
4871,2026-05-16,21:16,Sushi Fortaleza,Sushi,Caucaia,128.57,37.0,4.0,Pix,Cancelado
4872,2026-06-16,12:49,Sushi Fortaleza,Sushi,Caucaia,52.73,31.0,3.0,Cartão de crédito,Entregue
4873,2026-04-30,21:01,Sabor Nordestino,Brasileira,Maracanaú,156.53,28.0,1.0,Cartão de débito,Entregue
4874,2026-06-06,20:18,Sushi Fortaleza,Sushi,Caucaia,169.27,49.0,3.0,Pix,Entregue
4875,2026-05-01,13:44,Pizza Express,Pizza,Eusébio,103.69,19.0,1.0,Cartão de crédito,Entregue
4876,2026-03-20,20:09,Pizza Express,Pizza,Fortaleza,71.09,31.0,4.0,Cartão de débito,Entregue
4877,2026-06-12,17:03,Açaí Tropical,Açaí,Fortaleza,79.19,16.0,4.0,Cartão de crédito,Entregue
4878,2026-06-15,21:01,Tempero Cearense,Saudável,Eusébio,81.57,28.0,2.0,Dinheiro,Entregue
4879,2026-03-07,21:42,Sushi Fortaleza,Sushi,Eusébio,88.39,43.0,2.0,Cartão de crédito,Cancelado
4880,2026-05-07,19:33,Sabor Nordestino,Brasileira,Caucaia,138.19,17.0,4.0,Cartão de débito,Entregue
4881,2026-05-13,17:31,Churrasco & Cia,Churrasco,Eusébio,132.06,56.0,2.0,Dinheiro,Entregue
4882,2026-02-19,16:36,Pizza Express,Pizza,Caucaia,77.91,32.0,1.0,Cartão de débito,Cancelado
4883,2026-04-03,17:45,Burger House,Hambúrguer,Eusébio,83.96,24.0,5.0,Cartão de crédito,Entregue
4884,2026-04-01,11:20,Churrasco & Cia,Churrasco,Eusébio,97.07,33.0,4.0,Dinheiro,Cancelado
4885,2026-04-03,20:21,Sushi Fortaleza,Sushi,Eusébio,173.79,19.0,4.0,Cartão de débito,Entregue
4886,2026-06-20,13:41,Cantinho da Massa,Massas,Maracanaú,72.71,39.0,1.0,Dinheiro,Entregue
4887,2026-04-29,16:23,Sabor Nordestino,Brasileira,Eusébio,38.01,16.0,1.0,Cartão de crédito,Entregue
4888,2026-05-16,16:19,Churrasco & Cia,Churrasco,Maracanaú,29.02,15.0,3.0,Cartão de crédito,Entregue
4889,2026-03-25,13:32,Sabor Nordestino,Brasileira,Maracanaú,50.92,54.0,1.0,Pix,Entregue
4890,2026-05-07,23:57,Tempero Cearense,Saudável,Eusébio,47.3,50.0,4.0,Cartão de débito,Entregue
4891,2026-05-08,14:43,Tempero Cearense,Saudável,Eusébio,48.64,47.0,5.0,Dinheiro,Entregue
4892,2026-01-23,11:47,Churrasco & Cia,Churrasco,Eusébio,126.93,63.0,2.0,Dinheiro,Entregue
4893,2026-06-18,10:28,Churrasco & Cia,Churrasco,Maracanaú,116.41,61.0,1.0,Pix,Entregue
4894,2026-03-18,14:41,Cantinho da Massa,Massas,Fortaleza,114.99,51.0,4.0,Pix,Entregue
4895,2026-06-23,19:48,Tempero Cearense,Saudável,Eusébio,121.28,57.0,2.0,Pix,Entregue
4896,2026-05-28,21:53,Burger House,Hambúrguer,Maracanaú,91.48,57.0,1.0,Pix,Entregue
4897,2026-02-28,20:40,Tempero Cearense,Saudável,Caucaia,20.89,43.0,1.0,Pix,Entregue
4898,2026-05-19,12:22,Pizza Express,Pizza,Fortaleza,146.45,27.0,1.0,Dinheiro,Entregue
4899,2026-01-05,17:22,Pizza Express,Pizza,Caucaia,64.45,62.0,3.0,Dinheiro,Entregue
4900,2026-01-20,19:26,Tempero Cearense,Saudável,Maracanaú,129.81,65.0,1.0,Cartão de crédito,Entregue
4901,2026-01-14,21:17,Sushi Fortaleza,Sushi,Caucaia,179.17,64.0,1.0,Cartão de crédito,Cancelado
4902,2026-04-11,20:23,Churrasco & Cia,Churrasco,Maracanaú,80.56,34.0,4.0,Pix,Entregue
4903,2026-06-14,23:49,Tempero Cearense,Saudável,Caucaia,139.37,27.0,2.0,Dinheiro,Entregue
4904,2026-03-19,11:48,Sabor Nordestino,Brasileira,Caucaia,20.43,48.0,3.0,Cartão de crédito,Entregue
4905,2026-02-08,13:15,Sabor Nordestino,Brasileira,Caucaia,162.59,42.0,2.0,Cartão de crédito,Entregue
4906,2026-05-05,20:01,Tempero Cearense,Saudável,Fortaleza,154.03,68.0,3.0,Cartão de débito,Entregue
4907,2026-04-29,13:53,Sabor Nordestino,Brasileira,Caucaia,52.61,70.0,3.0,Cartão de débito,Entregue
4908,2026-01-01,17:45,Pizza Express,Pizza,Maracanaú,43.83,27.0,1.0,Dinheiro,Entregue
4909,2026-01-15,17:07,Sabor Nordestino,Brasileira,Maracanaú,83.69,40.0,5.0,Cartão de crédito,Entregue
4910,2026-04-28,10:21,Sabor Nordestino,Brasileira,Caucaia,38.95,44.0,5.0,Dinheiro,Entregue
4911,2026-04-21,20:12,Pizza Express,Pizza,Caucaia,85.99,17.0,5.0,Dinheiro,Entregue
4912,2026-05-21,17:17,Tempero Cearense,Saudável,Fortaleza,158.08,24.0,5.0,Cartão de débito,Entregue
4913,2026-06-21,22:31,Cantinho da Massa,Massas,Maracanaú,92.37,51.0,5.0,Cartão de débito,Entregue
4914,2026-02-25,17:22,Tempero Cearense,Saudável,Maracanaú,106.06,42.0,2.0,Dinheiro,Cancelado
4915,2026-05-09,12:44,Sushi Fortaleza,Sushi,Fortaleza,159.63,17.0,5.0,Dinheiro,Entregue
4916,2026-03-25,14:31,Churrasco & Cia,Churrasco,Caucaia,22.55,66.0,2.0,Cartão de débito,Entregue
4917,2026-02-08,21:42,Pizza Express,Pizza,Fortaleza,153.65,39.0,4.0,Cartão de crédito,Entregue
4918,2026-05-18,12:58,Burger House,Hambúrguer,Caucaia,140.37,40.0,3.0,Cartão de crédito,Entregue
4919,2026-04-26,11:26,Churrasco & Cia,Churrasco,Fortaleza,110.86,57.0,2.0,Cartão de débito,Entregue
4920,2026-04-06,19:26,Sushi Fortaleza,Sushi,Maracanaú,177.34,20.0,2.0,Cartão de crédito,Entregue
4921,2026-06-06,11:23,Pizza Express,Pizza,Fortaleza,133.47,39.0,5.0,Cartão de crédito,Entregue
4922,2026-04-23,19:03,Cantinho da Massa,Massas,Maracanaú,137.39,33.0,5.0,Pix,Entregue
4923,2026-03-30,20:51,Pizza Express,Pizza,Caucaia,35.72,63.0,2.0,Pix,Entregue
4924,2026-05-07,18:36,Pizza Express,Pizza,Fortaleza,119.56,58.0,2.0,Dinheiro,Entregue
4925,2026-05-17,19:03,Sabor Nordestino,Brasileira,Maracanaú,173.15,18.0,4.0,Cartão de crédito,Entregue
4926,2026-03-16,14:55,Pizza Express,Pizza,Maracanaú,163.44,42.0,4.0,Cartão de crédito,Entregue
4927,2026-04-30,20:09,Cantinho da Massa,Massas,Eusébio,175.26,41.0,4.0,Cartão de crédito,Entregue
4928,2026-01-08,15:47,Churrasco & Cia,Churrasco,Eusébio,64.82,58.0,1.0,Pix,Entregue
4929,2026-05-03,17:45,Churrasco & Cia,Churrasco,Maracanaú,48.26,15.0,1.0,Cartão de débito,Entregue
4930,2026-01-22,15:04,Tempero Cearense,Saudável,Fortaleza,91.57,52.0,5.0,Dinheiro,Entregue
4931,2026-02-08,20:19,Cantinho da Massa,Massas,Maracanaú,87.1,56.0,1.0,Pix,Entregue
4932,2026-03-30,23:32,Sushi Fortaleza,Sushi,Eusébio,179.26,19.0,5.0,Cartão de crédito,Entregue
4933,2026-02-04,23:55,Tempero Cearense,Saudável,Eusébio,53.96,54.0,2.0,Cartão de débito,Entregue
4934,2026-05-05,21:48,Açaí Tropical,Açaí,Fortaleza,105.04,51.0,3.0,Cartão de débito,Entregue
4935,2026-02-14,13:39,Churrasco & Cia,Churrasco,Caucaia,62.23,59.0,3.0,Pix,Entregue
4936,2026-02-16,11:15,Sabor Nordestino,Brasileira,Fortaleza,39.31,56.0,3.0,Dinheiro,Entregue
4937,2026-03-12,22:06,Churrasco & Cia,Churrasco,Fortaleza,53.72,49.0,3.0,Pix,Entregue
4938,2026-03-05,12:57,Sushi Fortaleza,Sushi,Maracanaú,77.86,47.0,2.0,Dinheiro,Entregue
4939,2026-04-29,15:57,Burger House,Hambúrguer,Caucaia,43.94,60.0,2.0,Cartão de débito,Entregue
4940,2026-03-06,21:09,Pizza Express,Pizza,Eusébio,111.03,66.0,4.0,Dinheiro,Entregue
4941,2026-04-22,12:35,Sabor Nordestino,Brasileira,Maracanaú,51.56,29.0,3.0,Cartão de crédito,Entregue
4942,2026-03-08,23:44,Churrasco & Cia,Churrasco,Caucaia,135.27,17.0,3.0,Cartão de débito,Entregue
4943,2026-03-16,10:30,Burger House,Hambúrguer,Maracanaú,49.95,62.0,3.0,Dinheiro,Entregue
4944,2026-05-28,13:55,Açaí Tropical,Açaí,Fortaleza,142.58,63.0,2.0,Pix,Entregue
4945,2026-04-29,21:13,Tempero Cearense,Saudável,Fortaleza,103.77,38.0,3.0,Cartão de débito,Entregue
4946,2026-02-04,16:09,Sushi Fortaleza,Sushi,Fortaleza,175.51,44.0,3.0,Cartão de crédito,Entregue
4947,2026-04-05,13:54,Burger House,Hambúrguer,Maracanaú,139.56,64.0,2.0,Pix,Entregue
4948,2026-03-15,17:30,Churrasco & Cia,Churrasco,Maracanaú,156.19,49.0,5.0,Dinheiro,Entregue
4949,2026-05-05,11:15,Açaí Tropical,Açaí,Maracanaú,21.26,16.0,3.0,Cartão de débito,Entregue
4950,2026-05-19,19:35,Pizza Express,Pizza,Eusébio,132.71,56.0,2.0,Dinheiro,Entregue
4951,2026-03-26,17:44,Churrasco & Cia,Churrasco,Eusébio,141.51,46.0,4.0,Pix,Entregue
4952,2026-03-27,11:10,Churrasco & Cia,Churrasco,Maracanaú,44.75,25.0,2.0,Cartão de crédito,Entregue
4953,2026-06-18,13:50,Cantinho da Massa,Massas,Maracanaú,152.98,58.0,3.0,Cartão de débito,Entregue
4954,2026-06-25,21:24,Pizza Express,Pizza,Eusébio,102.85,43.0,1.0,Dinheiro,Entregue
4955,2026-04-21,19:37,Sushi Fortaleza,Sushi,Caucaia,74.38,17.0,4.0,Cartão de débito,Entregue
4956,2026-02-08,19:09,Pizza Express,Pizza,Maracanaú,43.31,52.0,5.0,Dinheiro,Entregue
4957,2026-06-27,12:31,Churrasco & Cia,Churrasco,Maracanaú,147.2,21.0,1.0,Cartão de débito,Entregue
4958,2026-02-18,20:00,Churrasco & Cia,Churrasco,Maracanaú,115.76,56.0,4.0,Cartão de débito,Entregue
4959,2026-01-09,20:37,Tempero Cearense,Saudável,Caucaia,31.73,28.0,3.0,Cartão de débito,Entregue
4960,2026-05-20,19:37,Sabor Nordestino,Brasileira,Maracanaú,142.0,48.0,1.0,Cartão de crédito,Entregue
4961,2026-01-01,17:06,Cantinho da Massa,Massas,Eusébio,166.25,28.0,4.0,Cartão de crédito,Entregue
4962,2026-04-16,18:01,Churrasco & Cia,Churrasco,Caucaia,61.77,64.0,3.0,Cartão de débito,Entregue
4963,2026-05-05,12:49,Pizza Express,Pizza,Eusébio,47.81,69.0,4.0,Dinheiro,Entregue
4964,2026-02-24,23:35,Sushi Fortaleza,Sushi,Fortaleza,134.42,19.0,5.0,Cartão de crédito,Entregue
4965,2026-03-01,18:57,Cantinho da Massa,Massas,Eusébio,27.47,52.0,4.0,Dinheiro,Entregue
4966,2026-04-07,18:45,Cantinho da Massa,Massas,Eusébio,38.76,22.0,5.0,Cartão de crédito,Entregue
4967,2026-05-15,23:47,Açaí Tropical,Açaí,Caucaia,94.02,53.0,1.0,Cartão de débito,Entregue
4968,2026-02-10,16:22,Açaí Tropical,Açaí,Caucaia,82.02,28.0,1.0,Cartão de débito,Entregue
4969,2026-01-28,12:04,Açaí Tropical,Açaí,Fortaleza,91.64,63.0,1.0,Pix,Entregue
4970,2026-03-04,23:08,Açaí Tropical,Açaí,Caucaia,104.14,50.0,1.0,Cartão de crédito,Entregue
4971,2026-06-06,22:10,Sabor Nordestino,Brasileira,Maracanaú,54.98,69.0,3.0,Cartão de crédito,Entregue
4972,2026-02-03,23:29,Burger House,Hambúrguer,Maracanaú,34.31,51.0,1.0,Cartão de crédito,Entregue
4973,2026-02-27,11:59,Sabor Nordestino,Brasileira,Fortaleza,175.77,67.0,1.0,Dinheiro,Entregue
4974,2026-02-16,22:20,Pizza Express,Pizza,Eusébio,83.51,55.0,2.0,Cartão de débito,Entregue
4975,2026-06-16,10:04,Sushi Fortaleza,Sushi,Maracanaú,172.8,26.0,1.0,Cartão de crédito,Entregue
4976,2026-03-21,10:04,Cantinho da Massa,Massas,Maracanaú,118.58,20.0,2.0,Dinheiro,Entregue
4977,2026-04-30,17:09,Açaí Tropical,Açaí,Eusébio,25.81,62.0,3.0,Pix,Entregue
4978,2026-05-27,18:00,Tempero Cearense,Saudável,Eusébio,130.38,37.0,2.0,Cartão de débito,Cancelado
4979,2026-04-03,10:07,Tempero Cearense,Saudável,Eusébio,87.39,35.0,1.0,Cartão de crédito,Entregue
4980,2026-05-28,14:24,Pizza Express,Pizza,Maracanaú,59.08,38.0,1.0,Pix,Entregue
4981,2026-02-26,20:08,Sabor Nordestino,Brasileira,Maracanaú,90.9,18.0,5.0,Cartão de débito,Entregue
4982,2026-01-01,17:19,Pizza Express,Pizza,Eusébio,74.07,55.0,4.0,Dinheiro,Entregue
4983,2026-03-02,19:03,Sushi Fortaleza,Sushi,Maracanaú,56.05,48.0,3.0,Dinheiro,Entregue
4984,2026-02-26,19:06,Churrasco & Cia,Churrasco,Fortaleza,132.41,16.0,5.0,Pix,Entregue
4985,2026-02-06,20:24,Açaí Tropical,Açaí,Caucaia,27.01,60.0,3.0,Dinheiro,Entregue
4986,2026-06-15,11:17,Tempero Cearense,Saudável,Caucaia,20.87,68.0,1.0,Cartão de débito,Entregue
4987,2026-06-12,15:55,Churrasco & Cia,Churrasco,Caucaia,82.16,62.0,3.0,Cartão de débito,Entregue
4988,2026-05-09,11:48,Sabor Nordestino,Brasileira,Eusébio,54.18,15.0,1.0,Dinheiro,Cancelado
4989,2026-01-27,19:33,Sabor Nordestino,Brasileira,Maracanaú,139.06,68.0,5.0,Cartão de crédito,Entregue
4990,2026-03-31,10:29,Churrasco & Cia,Churrasco,Fortaleza,167.06,62.0,5.0,Cartão de débito,Entregue
4991,2026-04-29,17:40,Churrasco & Cia,Churrasco,Fortaleza,64.89,21.0,4.0,Cartão de débito,Entregue
4992,2026-06-22,20:58,Cantinho da Massa,Massas,Eusébio,137.34,58.0,4.0,Pix,Entregue
4993,2026-06-12,18:53,Açaí Tropical,Açaí,Eusébio,21.63,15.0,3.0,Dinheiro,Entregue
4994,2026-01-08,23:14,Tempero Cearense,Saudável,Caucaia,56.4,46.0,4.0,Pix,Entregue
4995,2026-03-16,22:09,Açaí Tropical,Açaí,Fortaleza,129.8,52.0,4.0,Pix,Entregue
4996,2026-01-17,23:18,Churrasco & Cia,Churrasco,Caucaia,76.82,50.0,1.0,Cartão de crédito,Entregue
4997,2026-06-08,10:27,Churrasco & Cia,Churrasco,Caucaia,95.28,35.0,4.0,Pix,Entregue
4998,2026-04-25,21:08,Cantinho da Massa,Massas,Eusébio,86.05,20.0,1.0,Cartão de crédito,Entregue
4999,2026-02-10,14:20,Sabor Nordestino,Brasileira,Fortaleza,62.26,42.0,3.0,Dinheiro,Entregue
5000,2026-02-20,16:00,Açaí Tropical,Açaí,Caucaia,37.98,18.0,4.0,Cartão de crédito,Entregue
51,2026-01-19,17:26,Sushi Fortaleza,Sushi,Maracanaú,99.1,30.0,2.0,Cartão de crédito,Entregue
151,2026-03-15,11:41,Pizza Express,Pizza,Maracanaú,94.03,50.0,1.0,Dinheiro,Entregue
301,2026-05-17,14:38,Burger House,Hambúrguer,Caucaia,176.64,33.0,3.0,Pix,Cancelado
